NAME,total_units,sfr_detached,sfr_attached,two_unit,small_multifamily,mf_5_9,mf_10_19,mf_20_49,mf_50plus,state,county,tract,owner_occupied,renter_occupied,owner_share,total_households,income_under_10k,income_30_35k,income_40_45k,income_75_100k,income_100_125k,income_200k_plus,total_vacant,vacant_for_rent,vacant_for_sale,GEOID
"Census Tract 301.03, Cobb County, Georgia",3501.0,3072.0,122.0,22.0,0.0,0.0,0.0,45.0,14.0,13,67,30103,2594.0,611.0,0.8093603744149765,3205.0,16.0,165.0,106.0,606.0,476.0,260.0,296.0,45.0,71.0,30183
"Census Tract 303.10, Cobb County, Georgia",2877.0,2587.0,209.0,32.0,0.0,0.0,0.0,0.0,0.0,13,67,30310,2015.0,716.0,0.737824972537532,2731.0,45.0,70.0,133.0,432.0,435.0,132.0,146.0,0.0,107.0,30390
"Census Tract 303.20, Cobb County, Georgia",3847.0,1263.0,661.0,16.0,85.0,466.0,680.0,274.0,402.0,13,67,30320,2269.0,1207.0,0.6527617951668585,3476.0,137.0,133.0,61.0,554.0,282.0,757.0,371.0,84.0,141.0,30400
"Census Tract 303.27, Cobb County, Georgia",1752.0,1741.0,0.0,0.0,0.0,0.0,0.0,0.0,0.0,13,67,30327,1533.0,146.0,0.9130434782608696,1679.0,0.0,31.0,48.0,246.0,254.0,280.0,73.0,0.0,0.0,30407
"Census Tract 303.14, Cobb County, Georgia",2741.0,2678.0,0.0,14.0,0.0,0.0,15.0,0.0,34.0,13,67,30314,2296.0,311.0,0.8807057920981972,2607.0,43.0,52.0,95.0,302.0,351.0,445.0,134.0,0.0,0.0,30394
"Census Tract 303.39, Cobb County, Georgia",3766.0,76.0,346.0,0.0,87.0,566.0,1306.0,661.0,712.0,13,67,30339,476.0,3009.0,0.1365853658536585,3485.0,118.0,108.0,205.0,682.0,493.0,285.0,281.0,94.0,0.0,30419
"Census Tract 313.07, Cobb County, Georgia",2406.0,2259.0,122.0,0.0,0.0,0.0,0.0,0.0,0.0,13,67,31307,1890.0,410.0,0.8217391304347826,2300.0,58.0,228.0,55.0,277.0,301.0,215.0,106.0,0.0,0.0,31387
"Census Tract 303.12, Cobb County, Georgia",2564.0,2482.0,68.0,0.0,0.0,0.0,0.0,0.0,14.0,13,67,30312,2060.0,444.0,0.8226837060702875,2504.0,124.0,47.0,90.0,282.0,325.0,140.0,60.0,0.0,0.0,30392
"Census Tract 310.05, Cobb County, Georgia",1790.0,1705.0,50.0,0.0,0.0,0.0,0.0,0.0,0.0,13,67,31005,1221.0,416.0,0.7458766035430666,1637.0,81.0,20.0,43.0,352.0,213.0,26.0,153.0,20.0,67.0,31085
"Census Tract 303.30, Cobb County, Georgia",2062.0,2054.0,0.0,0.0,0.0,0.0,0.0,0.0,0.0,13,67,30330,1886.0,132.0,0.9345887016848364,2018.0,72.0,77.0,61.0,217.0,140.0,429.0,44.0,0.0,0.0,30410
"Census Tract 307, Cobb County, Georgia",2093.0,1276.0,108.0,48.0,24.0,67.0,204.0,183.0,183.0,13,67,30700,748.0,1137.0,0.396816976127321,1885.0,259.0,144.0,57.0,160.0,70.0,133.0,208.0,76.0,34.0,30780
"Census Tract 303.35, Cobb County, Georgia",1801.0,1776.0,25.0,0.0,0.0,0.0,0.0,0.0,0.0,13,67,30335,1625.0,115.0,0.9339080459770116,1740.0,32.0,0.0,16.0,219.0,139.0,597.0,61.0,0.0,61.0,30415
"Census Tract 312.09, Cobb County, Georgia",1891.0,1581.0,293.0,0.0,17.0,0.0,0.0,0.0,0.0,13,67,31209,1603.0,220.0,0.8793198025233132,1823.0,18.0,18.0,0.0,137.0,158.0,585.0,68.0,0.0,24.0,31289
"Census Tract 312.11, Cobb County, Georgia",2831.0,77.0,375.0,0.0,37.0,465.0,1016.0,553.0,308.0,13,67,31211,766.0,1757.0,0.3036068172810147,2523.0,48.0,87.0,115.0,457.0,471.0,273.0,308.0,176.0,0.0,31291
"Census Tract 312.12, Cobb County, Georgia",1065.0,855.0,148.0,0.0,19.0,22.0,0.0,16.0,0.0,13,67,31212,967.0,45.0,0.9555335968379448,1012.0,21.0,0.0,23.0,88.0,72.0,460.0,53.0,0.0,35.0,31292
"Census Tract 313.12, Cobb County, Georgia",4079.0,2722.0,764.0,17.0,40.0,126.0,0.0,0.0,30.0,13,67,31312,2959.0,775.0,0.7924477771826459,3734.0,110.0,97.0,179.0,403.0,469.0,494.0,345.0,0.0,59.0,31392
"Census Tract 313.13, Cobb County, Georgia",4215.0,3319.0,767.0,0.0,90.0,39.0,0.0,0.0,0.0,13,67,31313,3277.0,810.0,0.8018106190359677,4087.0,53.0,25.0,67.0,472.0,671.0,867.0,128.0,12.0,59.0,31393
"Census Tract 314.08, Cobb County, Georgia",2601.0,2071.0,109.0,170.0,69.0,124.0,0.0,0.0,16.0,13,67,31408,1514.0,947.0,0.6151970743600162,2461.0,106.0,176.0,116.0,492.0,288.0,48.0,140.0,0.0,0.0,31488
"Census Tract 314.09, Cobb County, Georgia",2461.0,2214.0,103.0,25.0,53.0,38.0,19.0,9.0,0.0,13,67,31409,1670.0,643.0,0.7220060527453523,2313.0,87.0,83.0,132.0,380.0,181.0,21.0,148.0,18.0,18.0,31489
"Census Tract 315.06, Cobb County, Georgia",2072.0,1874.0,160.0,0.0,0.0,0.0,0.0,30.0,0.0,13,67,31506,1471.0,515.0,0.7406847935548841,1986.0,97.0,30.0,67.0,205.0,143.0,100.0,86.0,0.0,0.0,31586
"Census Tract 315.07, Cobb County, Georgia",1211.0,925.0,275.0,0.0,11.0,0.0,0.0,0.0,0.0,13,67,31507,853.0,286.0,0.7489025460930641,1139.0,44.0,7.0,47.0,184.0,158.0,55.0,72.0,14.0,0.0,31587
"Census Tract 315.08, Cobb County, Georgia",2138.0,2057.0,44.0,0.0,24.0,0.0,0.0,0.0,0.0,13,67,31508,1805.0,323.0,0.8482142857142857,2128.0,60.0,88.0,68.0,324.0,191.0,219.0,10.0,0.0,0.0,31588
"Census Tract 315.09, Cobb County, Georgia",3837.0,3602.0,196.0,0.0,18.0,0.0,0.0,0.0,0.0,13,67,31509,2980.0,601.0,0.8321697849762636,3581.0,136.0,173.0,91.0,590.0,377.0,183.0,256.0,0.0,66.0,31589
"Census Tract 303.32, Cobb County, Georgia",1129.0,1094.0,0.0,0.0,0.0,0.0,11.0,0.0,24.0,13,67,30332,1008.0,110.0,0.9016100178890876,1118.0,28.0,23.0,7.0,94.0,176.0,234.0,11.0,0.0,0.0,30412
"Census Tract 303.36, Cobb County, Georgia",2452.0,2452.0,0.0,0.0,0.0,0.0,0.0,0.0,0.0,13,67,30336,2337.0,54.0,0.9774153074027604,2391.0,64.0,54.0,12.0,169.0,160.0,987.0,61.0,0.0,31.0,30416
"Census Tract 304.05, Cobb County, Georgia",3073.0,1270.0,580.0,65.0,101.0,353.0,488.0,190.0,26.0,13,67,30405,973.0,1988.0,0.3286052009456264,2961.0,100.0,357.0,187.0,278.0,202.0,0.0,112.0,35.0,0.0,30485
"Census Tract 305.04, Cobb County, Georgia",2624.0,1989.0,584.0,0.0,25.0,15.0,0.0,0.0,0.0,13,67,30504,1674.0,716.0,0.700418410041841,2390.0,215.0,38.0,124.0,362.0,227.0,269.0,234.0,36.0,90.0,30584
"Census Tract 309.02, Cobb County, Georgia",2485.0,1129.0,532.0,12.0,51.0,132.0,259.0,189.0,116.0,13,67,30902,1150.0,1164.0,0.4969749351771824,2314.0,119.0,47.0,119.0,344.0,126.0,257.0,171.0,69.0,39.0,30982
"Census Tract 311.01, Cobb County, Georgia",2349.0,1344.0,169.0,129.0,226.0,296.0,134.0,28.0,23.0,13,67,31101,888.0,1219.0,0.4214523018509729,2107.0,166.0,58.0,120.0,226.0,188.0,138.0,242.0,112.0,0.0,31181
"Census Tract 311.10, Cobb County, Georgia",1506.0,1063.0,154.0,27.0,112.0,95.0,0.0,46.0,9.0,13,67,31110,858.0,510.0,0.6271929824561403,1368.0,65.0,19.0,18.0,128.0,171.0,183.0,138.0,54.0,0.0,31190
"Census Tract 313.06, Cobb County, Georgia",1548.0,1308.0,185.0,45.0,0.0,0.0,0.0,0.0,10.0,13,67,31306,936.0,612.0,0.6046511627906976,1548.0,78.0,114.0,64.0,292.0,218.0,91.0,0.0,0.0,0.0,31386
"Census Tract 314.05, Cobb County, Georgia",3232.0,2790.0,113.0,0.0,0.0,86.0,20.0,67.0,91.0,13,67,31405,2157.0,910.0,0.7032931203130095,3067.0,147.0,34.0,192.0,226.0,300.0,201.0,165.0,32.0,0.0,31485
"Census Tract 302.09, Cobb County, Georgia",2671.0,2578.0,69.0,11.0,0.0,0.0,13.0,0.0,0.0,13,67,30209,2364.0,224.0,0.9134466769706336,2588.0,59.0,65.0,52.0,370.0,298.0,351.0,83.0,11.0,0.0,30289
"Census Tract 303.28, Cobb County, Georgia",2380.0,2307.0,53.0,0.0,0.0,0.0,0.0,0.0,0.0,13,67,30328,2203.0,177.0,0.9256302521008404,2380.0,71.0,12.0,28.0,230.0,235.0,626.0,0.0,0.0,0.0,30408
"Census Tract 309.05, Cobb County, Georgia",2184.0,1740.0,206.0,0.0,33.0,0.0,0.0,0.0,0.0,13,67,30905,1643.0,510.0,0.7631212261960055,2153.0,81.0,157.0,11.0,459.0,282.0,60.0,31.0,0.0,13.0,30985
"Census Tract 310.01, Cobb County, Georgia",2069.0,953.0,64.0,79.0,69.0,342.0,248.0,75.0,37.0,13,67,31001,460.0,1427.0,0.2437731849496555,1887.0,181.0,121.0,109.0,133.0,26.0,0.0,182.0,42.0,0.0,31081
"Census Tract 311.12, Cobb County, Georgia",2561.0,1642.0,427.0,33.0,117.0,226.0,69.0,13.0,34.0,13,67,31112,1686.0,692.0,0.7089991589571069,2378.0,20.0,0.0,37.0,262.0,144.0,559.0,183.0,117.0,0.0,31192
"Census Tract 315.03, Cobb County, Georgia",3447.0,3183.0,188.0,0.0,0.0,12.0,0.0,0.0,64.0,13,67,31503,2542.0,715.0,0.7804728277556033,3257.0,157.0,193.0,188.0,438.0,310.0,81.0,190.0,40.0,0.0,31583
"Census Tract 303.11, Cobb County, Georgia",2321.0,2308.0,13.0,0.0,0.0,0.0,0.0,0.0,0.0,13,67,30311,1952.0,219.0,0.8991248272685398,2171.0,14.0,28.0,102.0,307.0,291.0,128.0,150.0,0.0,0.0,30391
"Census Tract 303.26, Cobb County, Georgia",1555.0,1526.0,29.0,0.0,0.0,0.0,0.0,0.0,0.0,13,67,30326,1373.0,76.0,0.9475500345065564,1449.0,48.0,22.0,20.0,182.0,119.0,482.0,106.0,34.0,0.0,30406
"Census Tract 305.02, Cobb County, Georgia",2890.0,2478.0,207.0,58.0,0.0,36.0,18.0,14.0,0.0,13,67,30502,2153.0,493.0,0.8136810279667422,2646.0,51.0,95.0,82.0,342.0,407.0,290.0,244.0,44.0,22.0,30582
"Census Tract 305.05, Cobb County, Georgia",3186.0,631.0,91.0,77.0,88.0,554.0,890.0,609.0,177.0,13,67,30505,573.0,2439.0,0.1902390438247012,3012.0,209.0,272.0,182.0,376.0,235.0,60.0,174.0,174.0,0.0,30585
"Census Tract 308, Cobb County, Georgia",1764.0,638.0,430.0,198.0,38.0,224.0,101.0,135.0,0.0,13,67,30800,557.0,953.0,0.3688741721854304,1510.0,98.0,22.0,35.0,189.0,88.0,71.0,254.0,169.0,0.0,30880
"Census Tract 310.04, Cobb County, Georgia",3172.0,1541.0,311.0,47.0,190.0,315.0,270.0,388.0,110.0,13,67,31004,943.0,2058.0,0.3142285904698433,3001.0,253.0,161.0,162.0,322.0,171.0,34.0,171.0,21.0,0.0,31084
"Census Tract 311.06, Cobb County, Georgia",3330.0,2678.0,353.0,0.0,92.0,50.0,0.0,36.0,17.0,13,67,31106,2364.0,807.0,0.7455061494796594,3171.0,109.0,70.0,240.0,457.0,396.0,263.0,159.0,0.0,42.0,31186
"Census Tract 311.08, Cobb County, Georgia",2992.0,897.0,774.0,18.0,276.0,228.0,423.0,191.0,153.0,13,67,31108,1246.0,1391.0,0.4725066363291619,2637.0,75.0,145.0,160.0,461.0,178.0,130.0,355.0,39.0,56.0,31188
"Census Tract 313.08, Cobb County, Georgia",1992.0,1523.0,49.0,82.0,77.0,93.0,73.0,61.0,0.0,13,67,31308,983.0,844.0,0.5380405035577449,1827.0,39.0,104.0,43.0,241.0,214.0,59.0,165.0,0.0,55.0,31388
"Census Tract 313.09, Cobb County, Georgia",2887.0,2314.0,169.0,50.0,16.0,28.0,87.0,0.0,0.0,13,67,31309,1740.0,690.0,0.7160493827160493,2430.0,68.0,160.0,177.0,170.0,166.0,0.0,457.0,76.0,87.0,31389
"Census Tract 313.10, Cobb County, Georgia",2953.0,657.0,220.0,21.0,63.0,347.0,431.0,362.0,255.0,13,67,31310,743.0,1963.0,0.2745750184774575,2706.0,68.0,253.0,146.0,283.0,102.0,38.0,247.0,80.0,66.0,31390
"Census Tract 302.28, Cobb County, Georgia",3674.0,1111.0,236.0,0.0,47.0,328.0,773.0,604.0,575.0,13,67,30228,1137.0,2351.0,0.3259747706422018,3488.0,444.0,204.0,103.0,390.0,272.0,79.0,186.0,109.0,0.0,30308
"Census Tract 302.30, Cobb County, Georgia",5717.0,2355.0,946.0,0.0,0.0,253.0,1237.0,570.0,201.0,13,67,30230,2908.0,2273.0,0.5612816058675931,5181.0,113.0,359.0,32.0,880.0,522.0,686.0,536.0,163.0,84.0,30310
"Census Tract 302.32, Cobb County, Georgia",2225.0,2196.0,0.0,0.0,0.0,0.0,0.0,0.0,7.0,13,67,30232,2038.0,123.0,0.9430819065247572,2161.0,57.0,0.0,62.0,320.0,284.0,265.0,64.0,0.0,0.0,30312
"Census Tract 302.33, Cobb County, Georgia",1565.0,1556.0,0.0,0.0,0.0,0.0,0.0,0.0,0.0,13,67,30233,1443.0,122.0,0.9220447284345048,1565.0,30.0,17.0,55.0,272.0,201.0,238.0,0.0,0.0,0.0,30313
"Census Tract 302.34, Cobb County, Georgia",2165.0,2151.0,0.0,0.0,14.0,0.0,0.0,0.0,0.0,13,67,30234,2068.0,79.0,0.9632044713553796,2147.0,40.0,26.0,0.0,221.0,343.0,259.0,18.0,0.0,0.0,30314
"Census Tract 302.35, Cobb County, Georgia",1730.0,1699.0,31.0,0.0,0.0,0.0,0.0,0.0,0.0,13,67,30235,1606.0,47.0,0.97156684815487,1653.0,65.0,19.0,33.0,232.0,95.0,199.0,77.0,0.0,40.0,30315
"Census Tract 302.36, Cobb County, Georgia",1569.0,1569.0,0.0,0.0,0.0,0.0,0.0,0.0,0.0,13,67,30236,1383.0,91.0,0.9382632293080054,1474.0,28.0,16.0,21.0,142.0,171.0,418.0,95.0,31.0,0.0,30316
"Census Tract 302.38, Cobb County, Georgia",2077.0,2062.0,15.0,0.0,0.0,0.0,0.0,0.0,0.0,13,67,30238,1877.0,170.0,0.91695163654128,2047.0,54.0,38.0,60.0,229.0,263.0,405.0,30.0,0.0,0.0,30318
"Census Tract 302.39, Cobb County, Georgia",2784.0,2680.0,88.0,0.0,0.0,0.0,0.0,0.0,16.0,13,67,30239,2469.0,143.0,0.9452526799387444,2612.0,21.0,18.0,16.0,306.0,436.0,769.0,172.0,0.0,153.0,30319
"Census Tract 303.40, Cobb County, Georgia",1283.0,1270.0,0.0,13.0,0.0,0.0,0.0,0.0,0.0,13,67,30340,1219.0,27.0,0.978330658105939,1246.0,0.0,27.0,19.0,160.0,106.0,414.0,37.0,0.0,29.0,30420
"Census Tract 303.41, Cobb County, Georgia",1588.0,1565.0,0.0,0.0,0.0,0.0,0.0,0.0,0.0,13,67,30341,1419.0,125.0,0.919041450777202,1544.0,0.0,10.0,63.0,180.0,184.0,296.0,44.0,35.0,0.0,30421
"Census Tract 303.42, Cobb County, Georgia",1686.0,1675.0,0.0,0.0,0.0,0.0,0.0,0.0,0.0,13,67,30342,1582.0,104.0,0.9383155397390271,1686.0,11.0,10.0,40.0,231.0,198.0,469.0,0.0,0.0,0.0,30422
"Census Tract 303.43, Cobb County, Georgia",1572.0,1572.0,0.0,0.0,0.0,0.0,0.0,0.0,0.0,13,67,30343,1490.0,46.0,0.9700520833333334,1536.0,55.0,8.0,41.0,221.0,251.0,381.0,36.0,0.0,26.0,30423
"Census Tract 303.44, Cobb County, Georgia",2308.0,11.0,184.0,31.0,200.0,544.0,583.0,558.0,197.0,13,67,30344,237.0,1769.0,0.1181455633100697,2006.0,129.0,76.0,74.0,205.0,107.0,7.0,302.0,168.0,0.0,30424
"Census Tract 303.45, Cobb County, Georgia",3220.0,119.0,514.0,109.0,224.0,479.0,585.0,679.0,511.0,13,67,30345,470.0,2300.0,0.1696750902527075,2770.0,97.0,147.0,160.0,390.0,340.0,114.0,450.0,153.0,0.0,30425
"Census Tract 304.07, Cobb County, Georgia",2092.0,1620.0,185.0,16.0,12.0,74.0,134.0,42.0,9.0,13,67,30407,1391.0,577.0,0.7068089430894309,1968.0,35.0,20.0,66.0,202.0,110.0,206.0,124.0,0.0,0.0,30487
"Census Tract 304.08, Cobb County, Georgia",1522.0,865.0,83.0,0.0,86.0,58.0,138.0,254.0,20.0,13,67,30408,830.0,513.0,0.6180193596425912,1343.0,65.0,53.0,59.0,236.0,154.0,202.0,179.0,99.0,23.0,30488
"Census Tract 304.09, Cobb County, Georgia",1274.0,1250.0,15.0,0.0,0.0,0.0,0.0,0.0,0.0,13,67,30409,1154.0,41.0,0.9656903765690376,1195.0,100.0,65.0,18.0,97.0,172.0,343.0,79.0,0.0,42.0,30489
"Census Tract 304.10, Cobb County, Georgia",2289.0,939.0,145.0,0.0,26.0,52.0,559.0,236.0,332.0,13,67,30410,980.0,1132.0,0.4640151515151515,2112.0,104.0,175.0,114.0,276.0,204.0,135.0,177.0,177.0,0.0,30490
"Census Tract 304.11, Cobb County, Georgia",1052.0,76.0,301.0,21.0,27.0,103.0,268.0,218.0,38.0,13,67,30411,135.0,735.0,0.1551724137931034,870.0,88.0,41.0,32.0,42.0,62.0,12.0,182.0,103.0,0.0,30491
"Census Tract 304.12, Cobb County, Georgia",2112.0,61.0,171.0,20.0,95.0,416.0,608.0,608.0,133.0,13,67,30412,298.0,1637.0,0.1540051679586563,1935.0,211.0,87.0,105.0,291.0,119.0,0.0,177.0,158.0,0.0,30492
"Census Tract 304.13, Cobb County, Georgia",2778.0,110.0,408.0,0.0,197.0,660.0,874.0,410.0,76.0,13,67,30413,329.0,2216.0,0.1292730844793713,2545.0,192.0,146.0,132.0,251.0,123.0,33.0,233.0,217.0,16.0,30493
"Census Tract 304.14, Cobb County, Georgia",1581.0,0.0,58.0,6.0,114.0,298.0,557.0,478.0,70.0,13,67,30414,0.0,1461.0,0.0,1461.0,173.0,56.0,116.0,172.0,78.0,22.0,120.0,91.0,0.0,30494
"Census Tract 305.06, Cobb County, Georgia",2012.0,1120.0,201.0,19.0,0.0,47.0,245.0,292.0,77.0,13,67,30506,874.0,1005.0,0.4651410324640766,1879.0,46.0,168.0,62.0,302.0,167.0,19.0,133.0,60.0,0.0,30586
"Census Tract 305.07, Cobb County, Georgia",1987.0,1892.0,82.0,0.0,0.0,0.0,0.0,0.0,0.0,13,67,30507,1674.0,268.0,0.8619979402677652,1942.0,35.0,67.0,79.0,430.0,204.0,145.0,45.0,0.0,27.0,30587
"Census Tract 306.01, Cobb County, Georgia",4653.0,853.0,976.0,31.0,26.0,255.0,980.0,1443.0,89.0,13,67,30601,1215.0,3284.0,0.270060013336297,4499.0,195.0,101.0,596.0,1280.0,436.0,145.0,154.0,0.0,0.0,30681
"Census Tract 306.02, Cobb County, Georgia",3419.0,2037.0,409.0,70.0,0.0,15.0,82.0,231.0,564.0,13,67,30602,2021.0,1096.0,0.6483798524222009,3117.0,120.0,143.0,162.0,278.0,321.0,560.0,302.0,52.0,56.0,30682
"Census Tract 311.13, Cobb County, Georgia",827.0,5.0,125.0,0.0,11.0,113.0,194.0,345.0,34.0,13,67,31113,115.0,629.0,0.1545698924731182,744.0,37.0,7.0,34.0,29.0,6.0,18.0,83.0,73.0,0.0,31193
"Census Tract 311.14, Cobb County, Georgia",4120.0,716.0,627.0,48.0,112.0,589.0,1153.0,717.0,158.0,13,67,31114,739.0,2953.0,0.2001625135427952,3692.0,360.0,181.0,191.0,675.0,218.0,14.0,428.0,188.0,0.0,31194
"Census Tract 301.04, Cobb County, Georgia",1684.0,1079.0,269.0,45.0,56.0,84.0,8.0,28.0,115.0,13,67,30104,782.0,730.0,0.5171957671957672,1512.0,103.0,71.0,60.0,229.0,184.0,17.0,172.0,55.0,29.0,30184
"Census Tract 301.06, Cobb County, Georgia",2886.0,2069.0,105.0,46.0,53.0,74.0,317.0,119.0,103.0,13,67,30106,1428.0,1200.0,0.54337899543379,2628.0,39.0,184.0,127.0,493.0,276.0,22.0,258.0,76.0,0.0,30186
"Census Tract 301.07, Cobb County, Georgia",1788.0,1756.0,32.0,0.0,0.0,0.0,0.0,0.0,0.0,13,67,30107,1489.0,203.0,0.8800236406619385,1692.0,10.0,32.0,52.0,179.0,241.0,85.0,96.0,0.0,24.0,30187
"Census Tract 302.18, Cobb County, Georgia",1762.0,1729.0,20.0,0.0,5.0,0.0,0.0,0.0,0.0,13,67,30218,1606.0,56.0,0.9663056558363418,1662.0,0.0,18.0,9.0,149.0,230.0,369.0,100.0,0.0,22.0,30298
"Census Tract 302.19, Cobb County, Georgia",3371.0,3273.0,70.0,0.0,28.0,0.0,0.0,0.0,0.0,13,67,30219,3120.0,181.0,0.9451681308694336,3301.0,61.0,27.0,113.0,479.0,389.0,714.0,70.0,15.0,0.0,30299
"Census Tract 302.22, Cobb County, Georgia",2064.0,2053.0,0.0,0.0,11.0,0.0,0.0,0.0,0.0,13,67,30222,1710.0,320.0,0.8423645320197044,2030.0,30.0,46.0,45.0,271.0,321.0,247.0,34.0,0.0,24.0,30302
"Census Tract 302.23, Cobb County, Georgia",2545.0,1772.0,86.0,0.0,0.0,59.0,105.0,228.0,209.0,13,67,30223,1343.0,1043.0,0.5628667225481978,2386.0,123.0,82.0,101.0,357.0,428.0,65.0,159.0,74.0,39.0,30303
"Census Tract 302.20, Cobb County, Georgia",607.0,595.0,0.0,0.0,12.0,0.0,0.0,0.0,0.0,13,67,30220,517.0,64.0,0.8898450946643718,581.0,55.0,8.0,45.0,78.0,68.0,36.0,26.0,0.0,18.0,30300
"Census Tract 302.24, Cobb County, Georgia",2526.0,2192.0,77.0,42.0,0.0,11.0,48.0,156.0,0.0,13,67,30224,1701.0,616.0,0.7341389728096677,2317.0,134.0,61.0,65.0,411.0,240.0,212.0,209.0,91.0,0.0,30304
"Census Tract 302.26, Cobb County, Georgia",4141.0,2481.0,639.0,108.0,135.0,90.0,359.0,255.0,74.0,13,67,30226,2715.0,1319.0,0.673029251363411,4034.0,182.0,111.0,175.0,829.0,518.0,260.0,107.0,69.0,0.0,30306
"Census Tract 302.27, Cobb County, Georgia",3414.0,2315.0,254.0,19.0,0.0,148.0,216.0,210.0,203.0,13,67,30227,1875.0,1223.0,0.605229180116204,3098.0,160.0,80.0,165.0,481.0,200.0,118.0,316.0,155.0,52.0,30307
"Census Tract 302.29, Cobb County, Georgia",1467.0,493.0,516.0,0.0,23.0,121.0,31.0,153.0,35.0,13,67,30229,591.0,762.0,0.4368070953436807,1353.0,70.0,54.0,77.0,233.0,105.0,124.0,114.0,50.0,0.0,30309
"Census Tract 302.31, Cobb County, Georgia",3054.0,2925.0,115.0,0.0,14.0,0.0,0.0,0.0,0.0,13,67,30231,2748.0,164.0,0.9436813186813188,2912.0,87.0,80.0,120.0,472.0,350.0,560.0,142.0,32.0,0.0,30311
"Census Tract 311.15, Cobb County, Georgia",1926.0,1523.0,210.0,66.0,0.0,116.0,0.0,0.0,0.0,13,67,31115,1173.0,547.0,0.6819767441860465,1720.0,102.0,144.0,9.0,306.0,170.0,81.0,206.0,0.0,40.0,31195
"Census Tract 311.16, Cobb County, Georgia",2141.0,1080.0,250.0,0.0,200.0,106.0,414.0,59.0,0.0,13,67,31116,883.0,878.0,0.501419647927314,1761.0,219.0,59.0,152.0,195.0,106.0,43.0,380.0,13.0,94.0,31196
"Census Tract 311.17, Cobb County, Georgia",2365.0,2032.0,29.0,0.0,35.0,213.0,40.0,0.0,7.0,13,67,31117,1727.0,511.0,0.7716711349419124,2238.0,64.0,106.0,145.0,308.0,332.0,227.0,127.0,27.0,0.0,31197
"Census Tract 311.18, Cobb County, Georgia",2607.0,1745.0,77.0,0.0,0.0,100.0,113.0,396.0,154.0,13,67,31118,1583.0,829.0,0.656301824212272,2412.0,43.0,26.0,133.0,343.0,257.0,234.0,195.0,0.0,36.0,31198
"Census Tract 312.05, Cobb County, Georgia",3138.0,524.0,1070.0,19.0,16.0,337.0,546.0,527.0,99.0,13,67,31205,1503.0,1362.0,0.5246073298429319,2865.0,38.0,139.0,111.0,462.0,236.0,413.0,273.0,41.0,0.0,31285
"Census Tract 312.06, Cobb County, Georgia",5687.0,1431.0,1913.0,0.0,31.0,566.0,589.0,746.0,375.0,13,67,31206,2488.0,2873.0,0.464092520052229,5361.0,208.0,283.0,171.0,717.0,637.0,829.0,326.0,181.0,0.0,31286
"Census Tract 312.07, Cobb County, Georgia",3205.0,95.0,350.0,66.0,72.0,341.0,601.0,373.0,1307.0,13,67,31207,690.0,2000.0,0.2565055762081784,2690.0,29.0,185.0,145.0,536.0,258.0,300.0,515.0,273.0,0.0,31287
"Census Tract 312.08, Cobb County, Georgia",3453.0,591.0,293.0,0.0,395.0,516.0,813.0,542.0,303.0,13,67,31208,979.0,2103.0,0.31765087605451,3082.0,60.0,124.0,29.0,578.0,407.0,189.0,371.0,222.0,0.0,31288
"Census Tract 303.29, Cobb County, Georgia",1688.0,1688.0,0.0,0.0,0.0,0.0,0.0,0.0,0.0,13,67,30329,1433.0,236.0,0.8585979628520072,1669.0,28.0,38.0,48.0,184.0,235.0,198.0,19.0,0.0,0.0,30409
"Census Tract 303.37, Cobb County, Georgia",1736.0,1554.0,80.0,0.0,0.0,0.0,35.0,0.0,67.0,13,67,30337,1520.0,67.0,0.9577819785759294,1587.0,16.0,8.0,20.0,102.0,123.0,673.0,149.0,47.0,28.0,30417
"Census Tract 309.01, Cobb County, Georgia",3523.0,2130.0,455.0,16.0,0.0,147.0,382.0,330.0,48.0,13,67,30901,2129.0,1132.0,0.6528672186445875,3261.0,60.0,258.0,64.0,410.0,238.0,456.0,262.0,52.0,98.0,30981
"Census Tract 311.11, Cobb County, Georgia",2057.0,483.0,792.0,0.0,80.0,335.0,240.0,35.0,92.0,13,67,31111,1354.0,605.0,0.6911689637570189,1959.0,116.0,43.0,89.0,237.0,307.0,187.0,98.0,0.0,50.0,31191
"Census Tract 315.05, Cobb County, Georgia",2371.0,2209.0,96.0,0.0,0.0,21.0,0.0,25.0,20.0,13,67,31505,1657.0,587.0,0.7384135472370766,2244.0,33.0,77.0,101.0,296.0,238.0,69.0,127.0,0.0,56.0,31585
"Census Tract 302.15, Cobb County, Georgia",3256.0,2916.0,0.0,0.0,0.0,0.0,0.0,0.0,0.0,13,67,30215,2649.0,540.0,0.8306679209783632,3189.0,40.0,67.0,42.0,565.0,408.0,172.0,67.0,0.0,0.0,30295
"Census Tract 303.13, Cobb County, Georgia",3120.0,3043.0,77.0,0.0,0.0,0.0,0.0,0.0,0.0,13,67,30313,2551.0,468.0,0.8449817820470354,3019.0,70.0,116.0,92.0,381.0,349.0,90.0,101.0,0.0,101.0,30393
"Census Tract 303.18, Cobb County, Georgia",3021.0,2952.0,0.0,0.0,49.0,0.0,0.0,0.0,20.0,13,67,30318,2591.0,185.0,0.93335734870317,2776.0,42.0,42.0,66.0,233.0,260.0,847.0,245.0,0.0,45.0,30398
"Census Tract 309.04, Cobb County, Georgia",2811.0,941.0,916.0,101.0,228.0,241.0,236.0,34.0,0.0,13,67,30904,1066.0,1491.0,0.4168947985921001,2557.0,236.0,133.0,328.0,250.0,100.0,0.0,254.0,26.0,126.0,30984
"Census Tract 310.02, Cobb County, Georgia",3630.0,1652.0,230.0,36.0,66.0,564.0,654.0,116.0,247.0,13,67,31002,881.0,2398.0,0.2686794754498323,3279.0,238.0,317.0,65.0,381.0,109.0,14.0,351.0,110.0,32.0,31082
"Census Tract 313.11, Cobb County, Georgia",4025.0,1764.0,350.0,15.0,162.0,1114.0,407.0,94.0,17.0,13,67,31311,1400.0,2127.0,0.3969379075701729,3527.0,310.0,282.0,158.0,393.0,358.0,44.0,498.0,78.0,40.0,31391
"Census Tract 314.06, Cobb County, Georgia",3529.0,1122.0,398.0,40.0,397.0,295.0,604.0,401.0,272.0,13,67,31406,998.0,2297.0,0.3028831562974203,3295.0,509.0,185.0,57.0,370.0,174.0,0.0,234.0,39.0,39.0,31486
"Census Tract 303.19, Cobb County, Georgia",1770.0,1046.0,507.0,0.0,29.0,65.0,78.0,0.0,9.0,13,67,30319,1589.0,173.0,0.9018161180476733,1762.0,70.0,127.0,43.0,222.0,197.0,463.0,8.0,0.0,8.0,30399
"Census Tract 303.22, Cobb County, Georgia",1231.0,1209.0,13.0,0.0,0.0,0.0,0.0,0.0,0.0,13,67,30322,1057.0,137.0,0.8852596314907872,1194.0,9.0,26.0,51.0,172.0,188.0,168.0,37.0,18.0,0.0,30402
"Census Tract 303.33, Cobb County, Georgia",2316.0,2316.0,0.0,0.0,0.0,0.0,0.0,0.0,0.0,13,67,30333,2016.0,140.0,0.935064935064935,2156.0,73.0,46.0,45.0,205.0,133.0,566.0,160.0,0.0,30.0,30413
"Census Tract 314.04, Cobb County, Georgia",2417.0,2298.0,84.0,0.0,0.0,0.0,0.0,0.0,0.0,13,67,31404,1662.0,502.0,0.7680221811460258,2164.0,68.0,14.0,107.0,408.0,355.0,122.0,253.0,0.0,80.0,31484
"Census Tract 301.01, Cobb County, Georgia",2791.0,2582.0,104.0,11.0,17.0,0.0,0.0,0.0,0.0,13,67,30101,2188.0,558.0,0.7967953386744355,2746.0,222.0,151.0,80.0,405.0,230.0,201.0,45.0,0.0,0.0,30181
"Census Tract 302.14, Cobb County, Georgia",3048.0,2692.0,101.0,0.0,0.0,104.0,64.0,70.0,17.0,13,67,30214,2424.0,526.0,0.8216949152542373,2950.0,34.0,62.0,77.0,412.0,256.0,221.0,98.0,0.0,18.0,30294
"Census Tract 303.34, Cobb County, Georgia",1326.0,1231.0,77.0,0.0,0.0,18.0,0.0,0.0,0.0,13,67,30334,1108.0,150.0,0.8807631160572337,1258.0,55.0,28.0,15.0,197.0,121.0,302.0,68.0,21.0,0.0,30414
"Census Tract 303.24, Cobb County, Georgia",1284.0,1274.0,10.0,0.0,0.0,0.0,0.0,0.0,0.0,13,67,30324,1030.0,195.0,0.8408163265306122,1225.0,0.0,6.0,16.0,147.0,124.0,195.0,59.0,0.0,0.0,30404
"Census Tract 303.31, Cobb County, Georgia",2032.0,1998.0,0.0,0.0,0.0,0.0,0.0,11.0,0.0,13,67,30331,1880.0,103.0,0.9480584972264248,1983.0,33.0,0.0,30.0,332.0,215.0,417.0,49.0,0.0,0.0,30411
"Census Tract 211.02, DeKalb County, Georgia",3534.0,1446.0,305.0,39.0,64.0,267.0,237.0,161.0,971.0,13,89,21102,1813.0,1390.0,0.5660318451451763,3203.0,182.0,46.0,130.0,493.0,283.0,768.0,331.0,93.0,40.0,21204
"Census Tract 212.16, DeKalb County, Georgia",5054.0,850.0,47.0,20.0,9.0,36.0,396.0,1128.0,2568.0,13,89,21216,842.0,3270.0,0.2047665369649805,4112.0,76.0,147.0,59.0,813.0,538.0,603.0,942.0,601.0,72.0,21318
"Census Tract 211.01, DeKalb County, Georgia",1559.0,1443.0,0.0,7.0,0.0,29.0,4.0,13.0,55.0,13,89,21101,1311.0,157.0,0.8930517711171662,1468.0,26.0,90.0,41.0,107.0,36.0,573.0,91.0,0.0,12.0,21203
"Census Tract 212.15, DeKalb County, Georgia",2915.0,389.0,217.0,0.0,73.0,146.0,316.0,703.0,1060.0,13,89,21215,795.0,1843.0,0.3013646702047005,2638.0,70.0,92.0,26.0,512.0,339.0,434.0,277.0,105.0,0.0,21317
"Census Tract 212.17, DeKalb County, Georgia",1026.0,750.0,6.0,11.0,21.0,114.0,92.0,32.0,0.0,13,89,21217,680.0,270.0,0.7157894736842105,950.0,34.0,24.0,35.0,148.0,143.0,144.0,76.0,61.0,0.0,21319
"Census Tract 212.18, DeKalb County, Georgia",3789.0,205.0,505.0,0.0,30.0,329.0,385.0,635.0,1660.0,13,89,21218,1290.0,2160.0,0.3739130434782609,3450.0,150.0,127.0,190.0,574.0,238.0,152.0,339.0,105.0,41.0,21320
"Census Tract 213.05, DeKalb County, Georgia",1693.0,621.0,102.0,0.0,58.0,331.0,434.0,129.0,18.0,13,89,21305,565.0,927.0,0.3786863270777479,1492.0,90.0,145.0,80.0,195.0,163.0,51.0,201.0,40.0,0.0,21407
"Census Tract 202, DeKalb County, Georgia",1135.0,328.0,232.0,36.0,91.0,152.0,161.0,79.0,56.0,13,89,20200,571.0,412.0,0.5808748728382502,983.0,57.0,8.0,6.0,231.0,92.0,177.0,152.0,73.0,0.0,20302
"Census Tract 213.03, DeKalb County, Georgia",1814.0,854.0,160.0,18.0,141.0,331.0,181.0,97.0,20.0,13,89,21303,682.0,1013.0,0.4023598820058997,1695.0,78.0,151.0,64.0,146.0,160.0,5.0,119.0,54.0,0.0,21405
"Census Tract 214.05, DeKalb County, Georgia",2311.0,1441.0,193.0,29.0,47.0,122.0,55.0,88.0,336.0,13,89,21405,1670.0,611.0,0.7321350284962735,2281.0,121.0,84.0,10.0,275.0,182.0,654.0,30.0,15.0,0.0,21507
"Census Tract 204, DeKalb County, Georgia",1342.0,692.0,114.0,35.0,187.0,137.0,115.0,20.0,42.0,13,89,20400,841.0,404.0,0.6755020080321286,1245.0,50.0,21.0,23.0,166.0,123.0,310.0,97.0,24.0,13.0,20502
"Census Tract 208.01, DeKalb County, Georgia",1175.0,1094.0,0.0,53.0,4.0,0.0,11.0,0.0,13.0,13,89,20801,831.0,215.0,0.7944550669216062,1046.0,35.0,36.0,7.0,229.0,105.0,174.0,129.0,0.0,27.0,20903
"Census Tract 212.10, DeKalb County, Georgia",2093.0,2088.0,0.0,0.0,5.0,0.0,0.0,0.0,0.0,13,89,21210,1939.0,48.0,0.9758429793658782,1987.0,48.0,0.0,0.0,136.0,119.0,748.0,106.0,0.0,11.0,21312
"Census Tract 212.11, DeKalb County, Georgia",2081.0,1909.0,72.0,0.0,0.0,0.0,41.0,51.0,8.0,13,89,21211,1952.0,92.0,0.9549902152641878,2044.0,68.0,65.0,95.0,273.0,264.0,422.0,37.0,0.0,9.0,21313
"Census Tract 217.06, DeKalb County, Georgia",2771.0,1581.0,19.0,0.0,0.0,449.0,251.0,425.0,46.0,13,89,21706,1555.0,770.0,0.6688172043010753,2325.0,113.0,39.0,51.0,427.0,112.0,384.0,446.0,157.0,49.0,21808
"Census Tract 230, DeKalb County, Georgia",1028.0,580.0,68.0,0.0,234.0,117.0,18.0,0.0,11.0,13,89,23000,668.0,305.0,0.6865364850976362,973.0,32.0,18.0,18.0,122.0,108.0,180.0,55.0,0.0,0.0,23102
"Census Tract 218.12, DeKalb County, Georgia",928.0,570.0,143.0,5.0,33.0,134.0,11.0,32.0,0.0,13,89,21812,627.0,231.0,0.7307692307692307,858.0,54.0,56.0,3.0,86.0,98.0,101.0,70.0,22.0,21.0,21914
"Census Tract 219.07, DeKalb County, Georgia",3895.0,2640.0,255.0,36.0,48.0,142.0,351.0,142.0,219.0,13,89,21907,2329.0,1238.0,0.6529296327446034,3567.0,149.0,183.0,182.0,352.0,480.0,136.0,328.0,40.0,34.0,22009
"Census Tract 223.01, DeKalb County, Georgia",3255.0,1550.0,362.0,46.0,177.0,281.0,346.0,158.0,318.0,13,89,22301,1809.0,1266.0,0.5882926829268292,3075.0,349.0,73.0,36.0,348.0,362.0,272.0,180.0,59.0,0.0,22403
"Census Tract 231.01, DeKalb County, Georgia",2018.0,1634.0,74.0,38.0,111.0,56.0,20.0,47.0,38.0,13,89,23101,1031.0,690.0,0.5990703079604881,1721.0,46.0,90.0,138.0,257.0,124.0,25.0,297.0,60.0,65.0,23203
"Census Tract 231.08, DeKalb County, Georgia",2009.0,1148.0,159.0,81.0,148.0,180.0,129.0,57.0,107.0,13,89,23108,685.0,1158.0,0.3716766142159523,1843.0,235.0,227.0,32.0,204.0,79.0,8.0,166.0,36.0,28.0,23210
"Census Tract 218.10, DeKalb County, Georgia",2912.0,1578.0,168.0,41.0,21.0,90.0,242.0,101.0,645.0,13,89,21810,1672.0,1036.0,0.6174298375184638,2708.0,106.0,100.0,170.0,357.0,309.0,276.0,204.0,0.0,57.0,21912
"Census Tract 220.08, DeKalb County, Georgia",2503.0,578.0,81.0,81.0,237.0,603.0,679.0,105.0,139.0,13,89,22008,421.0,1850.0,0.1853808894760017,2271.0,250.0,174.0,16.0,107.0,48.0,27.0,232.0,30.0,0.0,22110
"Census Tract 229, DeKalb County, Georgia",1908.0,1533.0,121.0,25.0,114.0,0.0,0.0,31.0,84.0,13,89,22900,1350.0,328.0,0.8045292014302742,1678.0,127.0,16.0,65.0,181.0,236.0,174.0,230.0,23.0,9.0,23002
"Census Tract 231.02, DeKalb County, Georgia",1706.0,819.0,62.0,0.0,105.0,321.0,189.0,171.0,39.0,13,89,23102,683.0,856.0,0.4437946718648473,1539.0,143.0,131.0,83.0,84.0,109.0,87.0,167.0,30.0,7.0,23204
"Census Tract 234.10, DeKalb County, Georgia",2051.0,416.0,145.0,0.0,102.0,570.0,508.0,168.0,126.0,13,89,23410,422.0,1279.0,0.2480893592004703,1701.0,190.0,162.0,51.0,121.0,40.0,14.0,350.0,116.0,0.0,23512
"Census Tract 213.06, DeKalb County, Georgia",2082.0,623.0,143.0,54.0,173.0,370.0,432.0,251.0,36.0,13,89,21306,619.0,1322.0,0.3189077794951056,1941.0,115.0,97.0,98.0,344.0,56.0,20.0,141.0,79.0,0.0,21408
"Census Tract 213.07, DeKalb County, Georgia",1297.0,913.0,79.0,0.0,45.0,150.0,49.0,0.0,22.0,13,89,21307,713.0,532.0,0.5726907630522088,1245.0,47.0,96.0,64.0,98.0,113.0,15.0,52.0,0.0,0.0,21409
"Census Tract 213.08, DeKalb County, Georgia",1639.0,912.0,100.0,93.0,119.0,237.0,48.0,85.0,30.0,13,89,21308,714.0,809.0,0.4688115561391989,1523.0,34.0,59.0,65.0,198.0,120.0,50.0,116.0,63.0,0.0,21410
"Census Tract 214.09, DeKalb County, Georgia",1445.0,145.0,11.0,58.0,200.0,434.0,271.0,315.0,11.0,13,89,21409,110.0,1229.0,0.0821508588498879,1339.0,34.0,59.0,82.0,195.0,89.0,23.0,106.0,19.0,0.0,21511
"Census Tract 214.10, DeKalb County, Georgia",2226.0,671.0,224.0,122.0,56.0,291.0,490.0,47.0,325.0,13,89,21410,786.0,1276.0,0.3811833171677982,2062.0,62.0,100.0,230.0,272.0,220.0,73.0,164.0,41.0,8.0,21512
"Census Tract 214.11, DeKalb County, Georgia",1977.0,708.0,148.0,10.0,95.0,116.0,128.0,454.0,318.0,13,89,21411,684.0,1104.0,0.3825503355704698,1788.0,87.0,67.0,99.0,131.0,202.0,293.0,189.0,48.0,0.0,21513
"Census Tract 214.12, DeKalb County, Georgia",1533.0,1280.0,183.0,42.0,12.0,16.0,0.0,0.0,0.0,13,89,21412,1124.0,281.0,0.8,1405.0,17.0,10.0,19.0,156.0,196.0,505.0,128.0,31.0,58.0,21514
"Census Tract 214.13, DeKalb County, Georgia",1394.0,302.0,39.0,14.0,128.0,458.0,372.0,81.0,0.0,13,89,21413,221.0,1025.0,0.1773675762439807,1246.0,62.0,44.0,86.0,77.0,48.0,99.0,148.0,78.0,0.0,21515
"Census Tract 214.14, DeKalb County, Georgia",1988.0,149.0,118.0,10.0,60.0,219.0,495.0,357.0,551.0,13,89,21414,207.0,1439.0,0.1257594167679222,1646.0,108.0,116.0,59.0,118.0,75.0,108.0,342.0,260.0,0.0,21516
"Census Tract 214.15, DeKalb County, Georgia",1856.0,752.0,231.0,64.0,58.0,75.0,112.0,295.0,269.0,13,89,21415,872.0,831.0,0.5120375807398708,1703.0,35.0,22.0,90.0,189.0,187.0,440.0,153.0,51.0,21.0,21517
"Census Tract 214.16, DeKalb County, Georgia",985.0,249.0,311.0,7.0,127.0,213.0,57.0,0.0,10.0,13,89,21416,492.0,363.0,0.5754385964912281,855.0,18.0,44.0,8.0,84.0,104.0,148.0,130.0,21.0,0.0,21518
"Census Tract 214.17, DeKalb County, Georgia",2389.0,129.0,179.0,0.0,234.0,429.0,601.0,513.0,298.0,13,89,21417,254.0,1897.0,0.1180846118084611,2151.0,69.0,119.0,111.0,322.0,106.0,52.0,238.0,169.0,0.0,21519
"Census Tract 216.05, DeKalb County, Georgia",2807.0,1120.0,41.0,0.0,277.0,262.0,172.0,306.0,629.0,13,89,21605,1016.0,1573.0,0.3924295094631131,2589.0,147.0,29.0,135.0,380.0,210.0,374.0,218.0,57.0,0.0,21707
"Census Tract 218.13, DeKalb County, Georgia",1259.0,26.0,0.0,26.0,4.0,107.0,340.0,701.0,55.0,13,89,21813,6.0,1174.0,0.0050847457627118,1180.0,50.0,78.0,123.0,97.0,37.0,0.0,79.0,0.0,0.0,21915
"Census Tract 218.14, DeKalb County, Georgia",2439.0,389.0,315.0,31.0,240.0,495.0,557.0,263.0,98.0,13,89,21814,1003.0,1318.0,0.4321413183972425,2321.0,45.0,272.0,165.0,182.0,140.0,44.0,118.0,63.0,6.0,21916
"Census Tract 219.11, DeKalb County, Georgia",1075.0,62.0,72.0,17.0,84.0,427.0,353.0,0.0,60.0,13,89,21911,99.0,678.0,0.1274131274131274,777.0,56.0,42.0,21.0,19.0,14.0,0.0,298.0,101.0,0.0,22013
"Census Tract 215.03, DeKalb County, Georgia",1758.0,521.0,245.0,0.0,84.0,443.0,294.0,151.0,20.0,13,89,21503,651.0,865.0,0.429419525065963,1516.0,106.0,84.0,37.0,203.0,91.0,196.0,242.0,97.0,0.0,21605
"Census Tract 215.04, DeKalb County, Georgia",2833.0,616.0,187.0,14.0,146.0,288.0,440.0,598.0,544.0,13,89,21504,838.0,1676.0,0.3333333333333333,2514.0,112.0,108.0,94.0,345.0,247.0,521.0,319.0,70.0,90.0,21606
"Census Tract 233.15, DeKalb County, Georgia",2036.0,2025.0,0.0,11.0,0.0,0.0,0.0,0.0,0.0,13,89,23315,1803.0,211.0,0.8952333664349553,2014.0,37.0,20.0,53.0,382.0,307.0,106.0,22.0,0.0,0.0,23417
"Census Tract 233.16, DeKalb County, Georgia",3203.0,2626.0,204.0,0.0,31.0,105.0,200.0,0.0,37.0,13,89,23316,2167.0,765.0,0.7390859481582538,2932.0,143.0,116.0,68.0,251.0,305.0,100.0,271.0,121.0,35.0,23418
"Census Tract 234.19, DeKalb County, Georgia",3610.0,3527.0,0.0,0.0,0.0,0.0,0.0,62.0,12.0,13,89,23419,2718.0,806.0,0.7712826333711691,3524.0,67.0,90.0,149.0,499.0,331.0,151.0,86.0,0.0,0.0,23521
"Census Tract 234.21, DeKalb County, Georgia",3845.0,1124.0,1171.0,11.0,297.0,449.0,745.0,0.0,31.0,13,89,23421,1548.0,1857.0,0.4546255506607929,3405.0,399.0,212.0,156.0,365.0,272.0,57.0,440.0,0.0,0.0,23523
"Census Tract 234.23, DeKalb County, Georgia",3685.0,2653.0,142.0,0.0,0.0,134.0,172.0,382.0,71.0,13,89,23423,1990.0,703.0,0.7389528406981062,2693.0,94.0,119.0,78.0,759.0,377.0,0.0,992.0,78.0,44.0,23525
"Census Tract 234.25, DeKalb County, Georgia",2399.0,1698.0,450.0,0.0,0.0,53.0,39.0,141.0,18.0,13,89,23425,1462.0,515.0,0.7395042994436014,1977.0,105.0,97.0,64.0,298.0,174.0,119.0,422.0,0.0,20.0,23527
"Census Tract 234.26, DeKalb County, Georgia",1742.0,1734.0,8.0,0.0,0.0,0.0,0.0,0.0,0.0,13,89,23426,1347.0,268.0,0.8340557275541796,1615.0,38.0,66.0,37.0,207.0,299.0,83.0,127.0,0.0,0.0,23528
"Census Tract 234.27, DeKalb County, Georgia",1039.0,1015.0,12.0,0.0,0.0,0.0,0.0,0.0,0.0,13,89,23427,769.0,200.0,0.7936016511867905,969.0,77.0,60.0,30.0,152.0,71.0,35.0,70.0,0.0,10.0,23529
"Census Tract 234.28, DeKalb County, Georgia",4327.0,1118.0,924.0,107.0,391.0,616.0,756.0,288.0,87.0,13,89,23428,1121.0,2685.0,0.2945349448239621,3806.0,260.0,280.0,141.0,388.0,100.0,0.0,521.0,150.0,29.0,23530
"Census Tract 9800, DeKalb County, Georgia",0.0,0.0,0.0,0.0,0.0,0.0,0.0,0.0,0.0,13,89,980000,0.0,0.0,,0.0,0.0,0.0,0.0,0.0,0.0,0.0,0.0,0.0,0.0,980102
"Census Tract 234.22, DeKalb County, Georgia",2076.0,1836.0,183.0,0.0,10.0,0.0,0.0,0.0,25.0,13,89,23422,1271.0,613.0,0.6746284501061571,1884.0,109.0,85.0,93.0,400.0,230.0,9.0,192.0,0.0,0.0,23524
"Census Tract 234.24, DeKalb County, Georgia",1890.0,1885.0,0.0,0.0,0.0,0.0,0.0,0.0,0.0,13,89,23424,1368.0,387.0,0.7794871794871795,1755.0,108.0,54.0,87.0,385.0,151.0,44.0,135.0,0.0,9.0,23526
"Census Tract 212.14, DeKalb County, Georgia",2190.0,2133.0,57.0,0.0,0.0,0.0,0.0,0.0,0.0,13,89,21214,2160.0,21.0,0.9903713892709766,2181.0,55.0,47.0,86.0,134.0,240.0,939.0,9.0,0.0,0.0,21316
"Census Tract 212.09, DeKalb County, Georgia",3770.0,1209.0,567.0,42.0,16.0,327.0,370.0,317.0,922.0,13,89,21209,1518.0,1974.0,0.4347079037800687,3492.0,332.0,141.0,142.0,353.0,364.0,567.0,278.0,74.0,23.0,21311
"Census Tract 234.18, DeKalb County, Georgia",7399.0,4505.0,267.0,0.0,0.0,318.0,985.0,1166.0,124.0,13,89,23418,3396.0,3327.0,0.5051316376617582,6723.0,371.0,341.0,458.0,738.0,753.0,76.0,676.0,0.0,118.0,23520
"Census Tract 233.03, DeKalb County, Georgia",2949.0,1730.0,324.0,59.0,53.0,210.0,144.0,113.0,73.0,13,89,23303,1410.0,1240.0,0.5320754716981132,2650.0,319.0,229.0,56.0,257.0,128.0,62.0,299.0,128.0,0.0,23405
"Census Tract 215.02, DeKalb County, Georgia",2600.0,1075.0,53.0,13.0,96.0,129.0,292.0,465.0,477.0,13,89,21502,980.0,1438.0,0.4052936311000827,2418.0,154.0,123.0,71.0,281.0,143.0,286.0,182.0,111.0,0.0,21604
"Census Tract 225, DeKalb County, Georgia",2859.0,1382.0,264.0,28.0,283.0,225.0,90.0,96.0,491.0,13,89,22500,1648.0,1014.0,0.6190833959429001,2662.0,237.0,36.0,83.0,212.0,136.0,684.0,197.0,51.0,9.0,22602
"Census Tract 216.03, DeKalb County, Georgia",2789.0,861.0,206.0,20.0,112.0,260.0,365.0,431.0,534.0,13,89,21603,1008.0,1503.0,0.4014336917562724,2511.0,129.0,75.0,140.0,410.0,183.0,169.0,278.0,45.0,46.0,21705
"Census Tract 218.06, DeKalb County, Georgia",2665.0,1340.0,441.0,37.0,89.0,266.0,309.0,79.0,87.0,13,89,21806,1350.0,1167.0,0.5363528009535161,2517.0,135.0,149.0,122.0,455.0,316.0,141.0,148.0,48.0,0.0,21908
"Census Tract 223.02, DeKalb County, Georgia",2052.0,1313.0,35.0,30.0,112.0,193.0,273.0,54.0,42.0,13,89,22302,1141.0,911.0,0.5560428849902534,2052.0,77.0,26.0,85.0,328.0,301.0,232.0,0.0,0.0,0.0,22404
"Census Tract 224.02, DeKalb County, Georgia",1256.0,155.0,0.0,33.0,42.0,35.0,96.0,177.0,718.0,13,89,22402,48.0,1055.0,0.0435176790571169,1103.0,343.0,58.0,26.0,71.0,57.0,64.0,153.0,73.0,0.0,22504
"Census Tract 228, DeKalb County, Georgia",1353.0,1034.0,48.0,21.0,78.0,17.0,68.0,0.0,79.0,13,89,22800,1044.0,264.0,0.7981651376146789,1308.0,33.0,38.0,6.0,178.0,85.0,443.0,45.0,0.0,45.0,22902
"Census Tract 232.09, DeKalb County, Georgia",1959.0,1938.0,0.0,21.0,0.0,0.0,0.0,0.0,0.0,13,89,23209,1455.0,394.0,0.7869118442401298,1849.0,107.0,80.0,127.0,226.0,192.0,70.0,110.0,0.0,27.0,23311
"Census Tract 232.11, DeKalb County, Georgia",1412.0,954.0,11.0,12.0,29.0,154.0,204.0,48.0,0.0,13,89,23211,720.0,659.0,0.5221174764321972,1379.0,54.0,72.0,88.0,96.0,121.0,61.0,33.0,0.0,0.0,23313
"Census Tract 233.09, DeKalb County, Georgia",4082.0,2761.0,805.0,0.0,36.0,176.0,270.0,0.0,34.0,13,89,23309,1703.0,2065.0,0.4519639065817409,3768.0,273.0,362.0,126.0,568.0,326.0,39.0,314.0,60.0,33.0,23411
"Census Tract 233.10, DeKalb County, Georgia",4413.0,1143.0,208.0,29.0,200.0,1118.0,1063.0,438.0,188.0,13,89,23310,884.0,3217.0,0.2155571811753231,4101.0,302.0,379.0,170.0,383.0,146.0,45.0,312.0,188.0,30.0,23412
"Census Tract 234.14, DeKalb County, Georgia",2554.0,2314.0,18.0,0.0,21.0,100.0,81.0,20.0,0.0,13,89,23414,1818.0,590.0,0.7549833887043189,2408.0,118.0,59.0,99.0,407.0,330.0,113.0,146.0,0.0,0.0,23516
"Census Tract 236.01, DeKalb County, Georgia",1237.0,1044.0,120.0,34.0,0.0,11.0,0.0,0.0,8.0,13,89,23601,806.0,365.0,0.6883005977796754,1171.0,57.0,22.0,6.0,198.0,106.0,104.0,66.0,0.0,7.0,23703
"Census Tract 218.09, DeKalb County, Georgia",2889.0,2705.0,18.0,0.0,0.0,76.0,0.0,0.0,79.0,13,89,21809,2389.0,298.0,0.8890956457015259,2687.0,15.0,185.0,72.0,313.0,221.0,341.0,202.0,0.0,49.0,21911
"Census Tract 219.06, DeKalb County, Georgia",2067.0,1491.0,209.0,55.0,65.0,143.0,93.0,0.0,11.0,13,89,21906,1103.0,772.0,0.5882666666666667,1875.0,122.0,130.0,137.0,255.0,152.0,8.0,192.0,62.0,0.0,22008
"Census Tract 220.05, DeKalb County, Georgia",1845.0,587.0,45.0,12.0,169.0,377.0,444.0,143.0,68.0,13,89,22005,560.0,1191.0,0.3198172472872644,1751.0,152.0,208.0,140.0,152.0,73.0,0.0,94.0,42.0,0.0,22107
"Census Tract 226, DeKalb County, Georgia",3378.0,1139.0,522.0,82.0,234.0,74.0,137.0,31.0,1159.0,13,89,22600,1611.0,1359.0,0.5424242424242425,2970.0,135.0,124.0,48.0,405.0,190.0,573.0,408.0,39.0,0.0,22702
"Census Tract 231.07, DeKalb County, Georgia",2050.0,1887.0,0.0,22.0,82.0,0.0,44.0,0.0,15.0,13,89,23107,1000.0,661.0,0.6020469596628537,1661.0,131.0,140.0,83.0,224.0,56.0,72.0,389.0,26.0,49.0,23209
"Census Tract 235.01, DeKalb County, Georgia",1555.0,1215.0,0.0,39.0,102.0,135.0,27.0,21.0,16.0,13,89,23501,458.0,832.0,0.3550387596899225,1290.0,86.0,39.0,60.0,60.0,67.0,0.0,265.0,25.0,159.0,23603
"Census Tract 236.03, DeKalb County, Georgia",1607.0,1079.0,10.0,19.0,114.0,151.0,107.0,32.0,85.0,13,89,23603,700.0,756.0,0.4807692307692308,1456.0,118.0,74.0,136.0,146.0,117.0,0.0,151.0,39.0,29.0,23705
"Census Tract 237, DeKalb County, Georgia",2739.0,1479.0,291.0,17.0,122.0,262.0,437.0,131.0,0.0,13,89,23700,959.0,1492.0,0.3912688698490412,2451.0,373.0,101.0,38.0,181.0,100.0,84.0,288.0,0.0,76.0,23802
"Census Tract 238.01, DeKalb County, Georgia",2025.0,1528.0,234.0,0.0,74.0,88.0,42.0,8.0,10.0,13,89,23801,1328.0,421.0,0.7592910234419669,1749.0,72.0,26.0,93.0,158.0,187.0,253.0,276.0,82.0,24.0,23903
"Census Tract 232.10, DeKalb County, Georgia",2910.0,1669.0,53.0,0.0,92.0,522.0,540.0,34.0,0.0,13,89,23210,920.0,1774.0,0.3414996288047513,2694.0,235.0,296.0,82.0,212.0,178.0,0.0,216.0,91.0,0.0,23312
"Census Tract 232.13, DeKalb County, Georgia",2363.0,1442.0,69.0,34.0,241.0,300.0,79.0,142.0,56.0,13,89,23213,1077.0,1234.0,0.4660320207702293,2311.0,182.0,139.0,115.0,391.0,99.0,71.0,52.0,0.0,0.0,23315
"Census Tract 232.14, DeKalb County, Georgia",2618.0,1164.0,404.0,0.0,31.0,400.0,558.0,51.0,10.0,13,89,23214,910.0,1486.0,0.3797996661101836,2396.0,180.0,117.0,265.0,360.0,151.0,0.0,222.0,49.0,30.0,23316
"Census Tract 231.15, DeKalb County, Georgia",0.0,0.0,0.0,0.0,0.0,0.0,0.0,0.0,0.0,13,89,23115,0.0,0.0,,0.0,0.0,0.0,0.0,0.0,0.0,0.0,0.0,0.0,0.0,23217
"Census Tract 233.11, DeKalb County, Georgia",1601.0,1601.0,0.0,0.0,0.0,0.0,0.0,0.0,0.0,13,89,23311,1254.0,292.0,0.8111254851228978,1546.0,30.0,55.0,49.0,273.0,192.0,81.0,55.0,0.0,10.0,23413
"Census Tract 233.12, DeKalb County, Georgia",3682.0,3215.0,267.0,0.0,0.0,98.0,102.0,0.0,0.0,13,89,23312,2573.0,970.0,0.7262207169065763,3543.0,37.0,114.0,124.0,543.0,459.0,283.0,139.0,38.0,34.0,23414
"Census Tract 233.13, DeKalb County, Georgia",1761.0,1434.0,295.0,32.0,0.0,0.0,0.0,0.0,0.0,13,89,23313,1197.0,450.0,0.726775956284153,1647.0,35.0,56.0,151.0,235.0,107.0,56.0,114.0,0.0,21.0,23415
"Census Tract 233.14, DeKalb County, Georgia",2383.0,2040.0,248.0,0.0,0.0,0.0,38.0,0.0,0.0,13,89,23314,1425.0,789.0,0.6436314363143631,2214.0,147.0,258.0,65.0,210.0,106.0,0.0,169.0,36.0,0.0,23416
"Census Tract 208.02, DeKalb County, Georgia",2053.0,1464.0,40.0,110.0,9.0,93.0,81.0,61.0,183.0,13,89,20802,1124.0,612.0,0.6474654377880185,1736.0,189.0,28.0,89.0,168.0,108.0,271.0,317.0,27.0,107.0,20904
"Census Tract 217.03, DeKalb County, Georgia",1845.0,1750.0,21.0,0.0,0.0,0.0,22.0,0.0,52.0,13,89,21703,1625.0,139.0,0.921201814058957,1764.0,63.0,29.0,8.0,232.0,83.0,564.0,81.0,18.0,18.0,21805
"Census Tract 218.08, DeKalb County, Georgia",1751.0,940.0,160.0,8.0,413.0,76.0,145.0,0.0,0.0,13,89,21808,1135.0,499.0,0.6946144430844553,1634.0,72.0,109.0,63.0,214.0,235.0,116.0,117.0,27.0,33.0,21910
"Census Tract 219.08, DeKalb County, Georgia",2387.0,704.0,114.0,0.0,217.0,498.0,681.0,137.0,36.0,13,89,21908,682.0,1340.0,0.3372898120672601,2022.0,154.0,43.0,133.0,158.0,36.0,0.0,365.0,257.0,32.0,22010
"Census Tract 219.09, DeKalb County, Georgia",3101.0,985.0,155.0,6.0,261.0,638.0,903.0,94.0,49.0,13,89,21909,847.0,1847.0,0.3144023756495916,2694.0,375.0,201.0,258.0,98.0,70.0,50.0,407.0,383.0,10.0,22011
"Census Tract 212.02, DeKalb County, Georgia",3547.0,2401.0,232.0,16.0,58.0,38.0,0.0,181.0,621.0,13,89,21202,2531.0,824.0,0.7543964232488822,3355.0,66.0,114.0,124.0,482.0,336.0,956.0,192.0,120.0,11.0,21304
"Census Tract 235.05, DeKalb County, Georgia",1192.0,1050.0,112.0,0.0,0.0,30.0,0.0,0.0,0.0,13,89,23505,700.0,393.0,0.6404391582799634,1093.0,81.0,91.0,10.0,52.0,112.0,25.0,99.0,0.0,25.0,23607
"Census Tract 224.03, DeKalb County, Georgia",1601.0,1407.0,0.0,39.0,83.0,0.0,0.0,0.0,72.0,13,89,22403,1295.0,155.0,0.8931034482758621,1450.0,35.0,0.0,23.0,162.0,79.0,660.0,151.0,11.0,26.0,22505
"Census Tract 235.07, DeKalb County, Georgia",1751.0,1607.0,60.0,0.0,0.0,48.0,27.0,0.0,0.0,13,89,23507,982.0,540.0,0.6452036793692509,1522.0,143.0,34.0,137.0,261.0,83.0,6.0,229.0,25.0,44.0,23609
"Census Tract 238.03, DeKalb County, Georgia",2276.0,2143.0,64.0,23.0,0.0,0.0,0.0,10.0,0.0,13,89,23803,1353.0,682.0,0.6648648648648648,2035.0,170.0,93.0,87.0,271.0,215.0,71.0,241.0,9.0,52.0,23905
"Census Tract 203, DeKalb County, Georgia",1725.0,1240.0,109.0,73.0,141.0,39.0,88.0,24.0,11.0,13,89,20300,1264.0,411.0,0.7546268656716418,1675.0,88.0,19.0,78.0,173.0,115.0,511.0,50.0,10.0,11.0,20402
"Census Tract 206, DeKalb County, Georgia",1170.0,506.0,110.0,77.0,52.0,114.0,19.0,47.0,209.0,13,89,20600,454.0,509.0,0.4714434060228453,963.0,138.0,22.0,39.0,124.0,74.0,117.0,207.0,51.0,9.0,20702
"Census Tract 216.04, DeKalb County, Georgia",1303.0,1141.0,123.0,10.0,29.0,0.0,0.0,0.0,0.0,13,89,21604,1144.0,117.0,0.9072164948453608,1261.0,27.0,0.0,27.0,129.0,77.0,509.0,42.0,0.0,0.0,21706
"Census Tract 219.10, DeKalb County, Georgia",2345.0,995.0,583.0,0.0,28.0,277.0,363.0,80.0,19.0,13,89,21910,1154.0,1045.0,0.5247839927239655,2199.0,191.0,227.0,64.0,288.0,124.0,51.0,146.0,39.0,0.0,22012
"Census Tract 219.12, DeKalb County, Georgia",1500.0,1490.0,0.0,0.0,0.0,0.0,0.0,0.0,0.0,13,89,21912,1402.0,45.0,0.968901174844506,1447.0,51.0,10.0,37.0,76.0,181.0,523.0,53.0,0.0,10.0,22014
"Census Tract 219.13, DeKalb County, Georgia",2496.0,149.0,184.0,38.0,127.0,597.0,1207.0,114.0,51.0,13,89,21913,93.0,1884.0,0.047040971168437,1977.0,221.0,269.0,94.0,147.0,25.0,37.0,519.0,437.0,0.0,22015
"Census Tract 220.09, DeKalb County, Georgia",2219.0,113.0,139.0,29.0,82.0,630.0,852.0,251.0,91.0,13,89,22009,169.0,1662.0,0.0922992900054615,1831.0,94.0,85.0,72.0,229.0,65.0,0.0,388.0,107.0,0.0,22111
"Census Tract 220.10, DeKalb County, Georgia",682.0,517.0,14.0,6.0,8.0,107.0,15.0,0.0,9.0,13,89,22010,405.0,247.0,0.6211656441717791,652.0,5.0,40.0,35.0,90.0,75.0,11.0,30.0,0.0,0.0,22112
"Census Tract 222.03, DeKalb County, Georgia",1303.0,276.0,45.0,23.0,0.0,45.0,342.0,264.0,308.0,13,89,22203,235.0,935.0,0.2008547008547008,1170.0,53.0,50.0,19.0,197.0,102.0,84.0,133.0,0.0,0.0,22305
"Census Tract 222.04, DeKalb County, Georgia",3155.0,1010.0,222.0,117.0,45.0,435.0,688.0,367.0,271.0,13,89,22204,1013.0,1796.0,0.36062655749377,2809.0,142.0,93.0,61.0,484.0,359.0,207.0,346.0,47.0,11.0,22306
"Census Tract 231.11, DeKalb County, Georgia",752.0,596.0,137.0,5.0,6.0,8.0,0.0,0.0,0.0,13,89,23111,475.0,200.0,0.7037037037037037,675.0,32.0,18.0,44.0,88.0,60.0,27.0,77.0,11.0,21.0,23213
"Census Tract 231.12, DeKalb County, Georgia",2438.0,262.0,154.0,54.0,305.0,803.0,403.0,398.0,59.0,13,89,23112,199.0,1873.0,0.096042471042471,2072.0,385.0,72.0,135.0,124.0,26.0,5.0,366.0,216.0,16.0,23214
"Census Tract 231.13, DeKalb County, Georgia",1449.0,404.0,170.0,0.0,106.0,220.0,482.0,46.0,21.0,13,89,23113,454.0,819.0,0.3566378633150039,1273.0,74.0,196.0,38.0,142.0,58.0,123.0,176.0,53.0,0.0,23215
"Census Tract 231.14, DeKalb County, Georgia",951.0,935.0,12.0,0.0,0.0,0.0,0.0,0.0,0.0,13,89,23114,601.0,239.0,0.7154761904761905,840.0,39.0,38.0,47.0,109.0,72.0,0.0,111.0,28.0,35.0,23216
"Census Tract 216.02, DeKalb County, Georgia",2033.0,769.0,371.0,0.0,189.0,202.0,169.0,142.0,181.0,13,89,21602,1308.0,550.0,0.7039827771797632,1858.0,18.0,45.0,87.0,250.0,147.0,280.0,175.0,53.0,0.0,21704
"Census Tract 217.04, DeKalb County, Georgia",2421.0,1966.0,68.0,10.0,199.0,90.0,88.0,0.0,0.0,13,89,21704,1724.0,521.0,0.7679287305122494,2245.0,41.0,60.0,49.0,225.0,193.0,394.0,176.0,0.0,57.0,21806
"Census Tract 217.05, DeKalb County, Georgia",2622.0,557.0,187.0,0.0,366.0,390.0,380.0,393.0,341.0,13,89,21705,894.0,1223.0,0.4222957014643363,2117.0,191.0,100.0,127.0,123.0,93.0,132.0,505.0,302.0,0.0,21807
"Census Tract 220.01, DeKalb County, Georgia",2142.0,1560.0,55.0,0.0,0.0,98.0,167.0,189.0,73.0,13,89,22001,1251.0,717.0,0.635670731707317,1968.0,55.0,49.0,96.0,230.0,306.0,44.0,174.0,50.0,31.0,22103
"Census Tract 220.07, DeKalb County, Georgia",1126.0,114.0,58.0,11.0,244.0,245.0,247.0,127.0,80.0,13,89,22007,64.0,1040.0,0.0579710144927536,1104.0,105.0,57.0,106.0,53.0,13.0,0.0,22.0,0.0,0.0,22109
"Census Tract 224.01, DeKalb County, Georgia",2027.0,944.0,161.0,12.0,65.0,276.0,207.0,192.0,170.0,13,89,22401,1163.0,684.0,0.6296697347049269,1847.0,77.0,77.0,9.0,167.0,196.0,559.0,180.0,19.0,0.0,22503
"Census Tract 221, DeKalb County, Georgia",1573.0,618.0,159.0,20.0,51.0,239.0,172.0,175.0,139.0,13,89,22100,614.0,861.0,0.4162711864406779,1475.0,101.0,91.0,49.0,121.0,111.0,58.0,98.0,43.0,0.0,22202
"Census Tract 227, DeKalb County, Georgia",1831.0,1446.0,66.0,72.0,55.0,71.0,38.0,72.0,11.0,13,89,22700,1378.0,352.0,0.7965317919075144,1730.0,75.0,70.0,24.0,115.0,164.0,452.0,101.0,49.0,29.0,22802
"Census Tract 232.04, DeKalb County, Georgia",2577.0,2376.0,115.0,0.0,0.0,75.0,0.0,0.0,0.0,13,89,23204,1645.0,604.0,0.7314361938639395,2249.0,149.0,94.0,118.0,429.0,247.0,31.0,328.0,46.0,0.0,23306
"Census Tract 235.06, DeKalb County, Georgia",2555.0,1805.0,116.0,0.0,56.0,189.0,234.0,41.0,59.0,13,89,23506,1511.0,588.0,0.7198666031443545,2099.0,121.0,136.0,339.0,300.0,192.0,71.0,456.0,118.0,0.0,23608
"Census Tract 234.12, DeKalb County, Georgia",2623.0,1848.0,275.0,0.0,15.0,158.0,199.0,128.0,0.0,13,89,23412,1668.0,419.0,0.7992333493052228,2087.0,139.0,128.0,115.0,229.0,192.0,55.0,536.0,0.0,0.0,23514
"Census Tract 234.16, DeKalb County, Georgia",2623.0,2013.0,75.0,0.0,0.0,98.0,141.0,224.0,72.0,13,89,23416,1450.0,1002.0,0.5913539967373572,2452.0,209.0,189.0,106.0,306.0,309.0,95.0,171.0,82.0,0.0,23518
"Census Tract 205, DeKalb County, Georgia",1838.0,1000.0,202.0,137.0,19.0,86.0,149.0,28.0,217.0,13,89,20500,817.0,696.0,0.5399867812293456,1513.0,173.0,0.0,22.0,165.0,228.0,121.0,325.0,29.0,28.0,20602
"Census Tract 209, DeKalb County, Georgia",2969.0,2446.0,48.0,93.0,45.0,139.0,17.0,32.0,149.0,13,89,20900,1849.0,893.0,0.674325309992706,2742.0,248.0,146.0,29.0,219.0,237.0,278.0,227.0,0.0,16.0,21002
"Census Tract 207, DeKalb County, Georgia",1231.0,722.0,81.0,0.0,158.0,87.0,62.0,57.0,64.0,13,89,20700,717.0,341.0,0.6776937618147448,1058.0,37.0,30.0,41.0,77.0,143.0,130.0,173.0,44.0,15.0,20802
"Census Tract 212.04, DeKalb County, Georgia",857.0,73.0,22.0,65.0,198.0,242.0,225.0,16.0,0.0,13,89,21204,0.0,780.0,0.0,780.0,21.0,51.0,68.0,45.0,8.0,0.0,77.0,77.0,0.0,21306
"Census Tract 212.13, DeKalb County, Georgia",1239.0,1190.0,40.0,0.0,0.0,0.0,0.0,0.0,0.0,13,89,21213,1186.0,19.0,0.9842323651452282,1205.0,0.0,12.0,40.0,117.0,0.0,428.0,34.0,0.0,0.0,21315
"Census Tract 218.05, DeKalb County, Georgia",2755.0,1891.0,262.0,65.0,127.0,142.0,168.0,47.0,53.0,13,89,21805,1833.0,772.0,0.7036468330134357,2605.0,57.0,185.0,0.0,441.0,258.0,148.0,150.0,0.0,0.0,21907
"Census Tract 220.04, DeKalb County, Georgia",1795.0,1355.0,17.0,0.0,48.0,157.0,81.0,121.0,0.0,13,89,22004,1153.0,444.0,0.7219787100814026,1597.0,47.0,97.0,70.0,137.0,159.0,91.0,198.0,0.0,0.0,22106
"Census Tract 232.08, DeKalb County, Georgia",2514.0,1634.0,315.0,9.0,22.0,177.0,297.0,44.0,16.0,13,89,23208,1033.0,1361.0,0.4314954051796157,2394.0,118.0,135.0,233.0,273.0,172.0,11.0,120.0,0.0,50.0,23310
"Census Tract 232.12, DeKalb County, Georgia",1469.0,1157.0,71.0,0.0,7.0,99.0,80.0,41.0,14.0,13,89,23212,902.0,467.0,0.6588750913075238,1369.0,61.0,44.0,34.0,255.0,76.0,9.0,100.0,51.0,0.0,23314
"Census Tract 235.04, DeKalb County, Georgia",1587.0,765.0,115.0,8.0,168.0,301.0,115.0,56.0,50.0,13,89,23504,503.0,801.0,0.3857361963190184,1304.0,135.0,100.0,149.0,45.0,63.0,14.0,283.0,41.0,0.0,23606
"Census Tract 236.02, DeKalb County, Georgia",1083.0,896.0,10.0,0.0,51.0,111.0,15.0,0.0,0.0,13,89,23602,525.0,297.0,0.6386861313868614,822.0,34.0,52.0,65.0,117.0,26.0,21.0,261.0,17.0,42.0,23704
"Census Tract 201, DeKalb County, Georgia",803.0,558.0,85.0,23.0,0.0,0.0,30.0,36.0,71.0,13,89,20100,550.0,187.0,0.746268656716418,737.0,36.0,0.0,13.0,55.0,47.0,333.0,66.0,20.0,7.0,20202
"Census Tract 213.01, DeKalb County, Georgia",1857.0,342.0,173.0,49.0,131.0,180.0,523.0,300.0,117.0,13,89,21301,251.0,1469.0,0.1459302325581395,1720.0,48.0,333.0,127.0,162.0,107.0,65.0,137.0,51.0,17.0,21403
"Census Tract 233.06, DeKalb County, Georgia",2584.0,2402.0,90.0,0.0,0.0,53.0,0.0,0.0,0.0,13,89,23306,2125.0,377.0,0.8493205435651479,2502.0,87.0,166.0,131.0,467.0,211.0,92.0,82.0,0.0,0.0,23408
"Census Tract 232.06, DeKalb County, Georgia",3135.0,2369.0,428.0,0.0,37.0,12.0,0.0,77.0,199.0,13,89,23206,1752.0,1089.0,0.6166842661034847,2841.0,315.0,107.0,140.0,436.0,186.0,18.0,294.0,0.0,122.0,23308
"Census Tract 234.11, DeKalb County, Georgia",1576.0,1151.0,0.0,0.0,19.0,172.0,169.0,57.0,8.0,13,89,23411,751.0,729.0,0.5074324324324324,1480.0,116.0,93.0,120.0,144.0,62.0,50.0,96.0,21.0,0.0,23513
"Census Tract 234.13, DeKalb County, Georgia",1443.0,1399.0,22.0,22.0,0.0,0.0,0.0,0.0,0.0,13,89,23413,1139.0,188.0,0.8583270535041447,1327.0,46.0,100.0,16.0,163.0,126.0,49.0,116.0,0.0,25.0,23515
"Census Tract 238.02, DeKalb County, Georgia",1569.0,827.0,43.0,29.0,229.0,81.0,126.0,143.0,91.0,13,89,23802,509.0,847.0,0.3753687315634218,1356.0,117.0,129.0,118.0,160.0,100.0,41.0,213.0,48.0,0.0,23904
"Census Tract 212.08, DeKalb County, Georgia",2080.0,1026.0,102.0,16.0,144.0,26.0,37.0,224.0,494.0,13,89,21208,1161.0,781.0,0.59783728115345,1942.0,147.0,30.0,70.0,279.0,156.0,210.0,138.0,79.0,0.0,21310
"Census Tract 101.22, Fulton County, Georgia",3452.0,531.0,353.0,0.0,124.0,316.0,1007.0,607.0,496.0,13,121,10122,860.0,2200.0,0.2810457516339869,3060.0,89.0,102.0,81.0,638.0,519.0,492.0,392.0,241.0,112.0,10256
"Census Tract 101.23, Fulton County, Georgia",2429.0,364.0,195.0,49.0,108.0,831.0,646.0,101.0,74.0,13,121,10123,1229.0,1068.0,0.5350457117979974,2297.0,64.0,80.0,97.0,278.0,367.0,175.0,132.0,16.0,66.0,10257
"Census Tract 102.11, Fulton County, Georgia",1224.0,925.0,20.0,0.0,0.0,23.0,26.0,0.0,196.0,13,121,10211,864.0,255.0,0.7721179624664879,1119.0,18.0,13.0,37.0,114.0,105.0,416.0,105.0,29.0,23.0,10345
"Census Tract 76.02, Fulton County, Georgia",1191.0,779.0,11.0,0.0,24.0,63.0,159.0,80.0,36.0,13,121,7602,493.0,533.0,0.4805068226120857,1026.0,83.0,71.0,57.0,105.0,34.0,15.0,165.0,0.0,0.0,7736
"Census Tract 17, Fulton County, Georgia",2918.0,465.0,76.0,145.0,141.0,96.0,145.0,205.0,1645.0,13,121,1700,597.0,2048.0,0.2257088846880907,2645.0,41.0,0.0,82.0,344.0,312.0,390.0,273.0,30.0,26.0,1834
"Census Tract 78.02, Fulton County, Georgia",4130.0,2522.0,119.0,49.0,166.0,326.0,525.0,206.0,110.0,13,121,7802,2126.0,1633.0,0.5655759510508114,3759.0,295.0,135.0,194.0,281.0,294.0,208.0,371.0,158.0,0.0,7936
"Census Tract 78.05, Fulton County, Georgia",1491.0,621.0,13.0,8.0,8.0,341.0,208.0,84.0,208.0,13,121,7805,356.0,961.0,0.2703113135914958,1317.0,139.0,146.0,39.0,34.0,26.0,34.0,174.0,77.0,25.0,7939
"Census Tract 97, Fulton County, Georgia",1652.0,1296.0,169.0,10.0,0.0,34.0,40.0,29.0,74.0,13,121,9700,1276.0,146.0,0.8973277074542897,1422.0,39.0,18.0,34.0,57.0,118.0,754.0,230.0,0.0,24.0,9834
"Census Tract 102.06, Fulton County, Georgia",2586.0,1872.0,251.0,0.0,19.0,35.0,97.0,8.0,290.0,13,121,10206,2160.0,111.0,0.95112285336856,2271.0,106.0,8.0,87.0,159.0,185.0,1102.0,315.0,47.0,37.0,10340
"Census Tract 113.03, Fulton County, Georgia",4384.0,1902.0,48.0,72.0,289.0,935.0,841.0,57.0,117.0,13,121,11303,1326.0,2692.0,0.3300149328023892,4018.0,165.0,259.0,235.0,374.0,80.0,31.0,366.0,270.0,0.0,11437
"Census Tract 102.12, Fulton County, Georgia",2219.0,644.0,290.0,124.0,105.0,510.0,319.0,189.0,28.0,13,121,10212,894.0,1066.0,0.4561224489795918,1960.0,42.0,170.0,96.0,179.0,188.0,379.0,259.0,112.0,95.0,10346
"Census Tract 105.15, Fulton County, Georgia",2200.0,1756.0,87.0,31.0,84.0,9.0,0.0,39.0,194.0,13,121,10515,1385.0,672.0,0.6733106465726787,2057.0,219.0,132.0,97.0,339.0,285.0,58.0,143.0,71.0,0.0,10649
"Census Tract 105.16, Fulton County, Georgia",3198.0,2677.0,277.0,94.0,12.0,45.0,0.0,27.0,0.0,13,121,10516,1754.0,870.0,0.6684451219512195,2624.0,247.0,161.0,68.0,438.0,207.0,115.0,574.0,173.0,0.0,10650
"Census Tract 113.05, Fulton County, Georgia",2793.0,444.0,188.0,41.0,18.0,350.0,1079.0,334.0,339.0,13,121,11305,397.0,1913.0,0.1718614718614718,2310.0,225.0,149.0,165.0,109.0,86.0,9.0,483.0,258.0,0.0,11439
"Census Tract 113.06, Fulton County, Georgia",1377.0,527.0,8.0,0.0,86.0,376.0,313.0,49.0,0.0,13,121,11306,327.0,671.0,0.3276553106212425,998.0,145.0,41.0,47.0,82.0,48.0,8.0,379.0,181.0,0.0,11440
"Census Tract 114.16, Fulton County, Georgia",2063.0,1921.0,142.0,0.0,0.0,0.0,0.0,0.0,0.0,13,121,11416,1834.0,183.0,0.9092711948438276,2017.0,29.0,32.0,36.0,232.0,445.0,354.0,46.0,0.0,0.0,11550
"Census Tract 114.17, Fulton County, Georgia",2283.0,1467.0,219.0,0.0,34.0,75.0,56.0,0.0,389.0,13,121,11417,1671.0,612.0,0.7319316688567674,2283.0,90.0,78.0,86.0,252.0,300.0,377.0,0.0,0.0,0.0,11551
"Census Tract 114.18, Fulton County, Georgia",2369.0,2120.0,131.0,40.0,13.0,0.0,0.0,0.0,65.0,13,121,11418,1944.0,161.0,0.9235154394299288,2105.0,19.0,0.0,0.0,203.0,210.0,749.0,264.0,127.0,0.0,11552
"Census Tract 52, Fulton County, Georgia",2287.0,1375.0,296.0,0.0,264.0,126.0,39.0,43.0,144.0,13,121,5200,1467.0,641.0,0.6959203036053131,2108.0,133.0,95.0,107.0,217.0,190.0,494.0,179.0,59.0,52.0,5334
"Census Tract 64, Fulton County, Georgia",469.0,226.0,6.0,54.0,116.0,42.0,0.0,0.0,25.0,13,121,6400,119.0,265.0,0.3098958333333333,384.0,62.0,19.0,42.0,16.0,7.0,36.0,85.0,12.0,0.0,6534
"Census Tract 72, Fulton County, Georgia",1025.0,613.0,12.0,0.0,0.0,74.0,168.0,71.0,87.0,13,121,7200,265.0,425.0,0.3840579710144927,690.0,57.0,33.0,50.0,54.0,14.0,0.0,335.0,54.0,27.0,7334
"Census Tract 105.08, Fulton County, Georgia",1430.0,1203.0,187.0,0.0,26.0,7.0,0.0,7.0,0.0,13,121,10508,954.0,206.0,0.8224137931034483,1160.0,8.0,39.0,75.0,181.0,115.0,17.0,270.0,63.0,57.0,10642
"Census Tract 4, Fulton County, Georgia",1222.0,254.0,95.0,0.0,24.0,53.0,133.0,113.0,542.0,13,121,400,663.0,356.0,0.6506378802747792,1019.0,33.0,11.0,38.0,167.0,65.0,258.0,203.0,26.0,30.0,534
"Census Tract 1, Fulton County, Georgia",2140.0,1586.0,159.0,55.0,56.0,14.0,68.0,47.0,155.0,13,121,100,1572.0,512.0,0.7543186180422264,2084.0,0.0,49.0,10.0,195.0,176.0,879.0,56.0,0.0,16.0,234
"Census Tract 6, Fulton County, Georgia",3471.0,207.0,174.0,173.0,81.0,138.0,42.0,119.0,2537.0,13,121,600,589.0,2405.0,0.1967267869071476,2994.0,502.0,59.0,121.0,343.0,179.0,141.0,477.0,185.0,27.0,734
"Census Tract 35, Fulton County, Georgia",821.0,37.0,24.0,4.0,18.0,23.0,113.0,175.0,406.0,13,121,3500,246.0,468.0,0.3445378151260504,714.0,91.0,10.0,53.0,82.0,103.0,16.0,107.0,39.0,0.0,3634
"Census Tract 41, Fulton County, Georgia",1190.0,872.0,12.0,88.0,57.0,60.0,101.0,0.0,0.0,13,121,4100,412.0,329.0,0.5560053981106613,741.0,61.0,40.0,28.0,147.0,95.0,26.0,449.0,89.0,16.0,4234
"Census Tract 50, Fulton County, Georgia",1599.0,473.0,52.0,138.0,50.0,48.0,47.0,70.0,721.0,13,121,5000,589.0,825.0,0.4165487977369165,1414.0,17.0,61.0,51.0,287.0,91.0,137.0,185.0,117.0,43.0,5134
"Census Tract 55.02, Fulton County, Georgia",1457.0,330.0,8.0,17.0,65.0,283.0,304.0,189.0,236.0,13,121,5502,260.0,975.0,0.2105263157894736,1235.0,348.0,72.0,39.0,115.0,42.0,12.0,222.0,121.0,0.0,5636
"Census Tract 61, Fulton County, Georgia",1695.0,1563.0,50.0,40.0,11.0,31.0,0.0,0.0,0.0,13,121,6100,644.0,701.0,0.4788104089219331,1345.0,338.0,103.0,62.0,95.0,37.0,0.0,350.0,21.0,21.0,6234
"Census Tract 63, Fulton County, Georgia",1154.0,901.0,9.0,84.0,50.0,0.0,24.0,36.0,50.0,13,121,6300,204.0,499.0,0.2901849217638691,703.0,182.0,55.0,25.0,66.0,32.0,11.0,451.0,45.0,27.0,6434
"Census Tract 75, Fulton County, Georgia",2027.0,927.0,32.0,0.0,81.0,185.0,145.0,115.0,542.0,13,121,7500,520.0,1028.0,0.3359173126614987,1548.0,254.0,102.0,64.0,120.0,44.0,33.0,479.0,147.0,0.0,7634
"Census Tract 78.07, Fulton County, Georgia",1477.0,980.0,6.0,14.0,20.0,171.0,132.0,35.0,119.0,13,121,7807,373.0,676.0,0.3555767397521449,1049.0,291.0,44.0,55.0,81.0,11.0,6.0,428.0,51.0,0.0,7941
"Census Tract 78.08, Fulton County, Georgia",1970.0,279.0,0.0,0.0,96.0,850.0,635.0,44.0,66.0,13,121,7808,157.0,1274.0,0.1097134870719776,1431.0,475.0,61.0,62.0,0.0,12.0,10.0,539.0,269.0,0.0,7942
"Census Tract 81.02, Fulton County, Georgia",3390.0,1068.0,58.0,38.0,121.0,545.0,992.0,196.0,372.0,13,121,8102,669.0,2173.0,0.2353976073187896,2842.0,369.0,186.0,62.0,120.0,96.0,0.0,548.0,119.0,0.0,8236
"Census Tract 108, Fulton County, Georgia",3380.0,1910.0,76.0,189.0,27.0,223.0,262.0,135.0,385.0,13,121,10800,985.0,1795.0,0.3543165467625899,2780.0,279.0,148.0,555.0,486.0,134.0,0.0,600.0,84.0,42.0,10934
"Census Tract 114.05, Fulton County, Georgia",3150.0,1301.0,307.0,26.0,180.0,350.0,435.0,329.0,222.0,13,121,11405,1501.0,1395.0,0.5183011049723757,2896.0,0.0,89.0,206.0,414.0,329.0,418.0,254.0,110.0,0.0,11539
"Census Tract 114.12, Fulton County, Georgia",3888.0,2298.0,261.0,62.0,14.0,121.0,818.0,208.0,87.0,13,121,11412,2312.0,1374.0,0.6272381985892567,3686.0,37.0,118.0,121.0,549.0,476.0,500.0,202.0,51.0,56.0,11546
"Census Tract 110, Fulton County, Georgia",1227.0,585.0,33.0,98.0,112.0,81.0,30.0,8.0,66.0,13,121,11000,346.0,623.0,0.3570691434468524,969.0,210.0,37.0,9.0,93.0,31.0,11.0,258.0,69.0,16.0,11134
"Census Tract 111, Fulton County, Georgia",1406.0,1115.0,43.0,0.0,31.0,0.0,56.0,11.0,106.0,13,121,11100,667.0,481.0,0.5810104529616724,1148.0,38.0,66.0,79.0,225.0,48.0,40.0,258.0,0.0,48.0,11234
"Census Tract 21, Fulton County, Georgia",1156.0,12.0,34.0,10.0,16.0,339.0,218.0,98.0,429.0,13,121,2100,378.0,507.0,0.4271186440677966,885.0,69.0,28.0,15.0,159.0,31.0,114.0,271.0,96.0,13.0,2234
"Census Tract 79, Fulton County, Georgia",2548.0,2093.0,198.0,0.0,69.0,0.0,141.0,47.0,0.0,13,121,7900,1682.0,682.0,0.7115059221658206,2364.0,140.0,153.0,57.0,311.0,355.0,142.0,184.0,45.0,0.0,8034
"Census Tract 112.01, Fulton County, Georgia",2023.0,1213.0,82.0,125.0,40.0,195.0,322.0,9.0,29.0,13,121,11201,509.0,950.0,0.3488690884167237,1459.0,98.0,58.0,68.0,110.0,45.0,9.0,564.0,91.0,22.0,11335
"Census Tract 39, Fulton County, Georgia",1023.0,625.0,32.0,199.0,0.0,0.0,48.0,77.0,0.0,13,121,3900,241.0,515.0,0.3187830687830688,756.0,91.0,39.0,70.0,61.0,8.0,9.0,267.0,59.0,0.0,4034
"Census Tract 102.10, Fulton County, Georgia",2858.0,1181.0,464.0,0.0,152.0,311.0,593.0,127.0,20.0,13,121,10210,1701.0,1100.0,0.6072831131738665,2801.0,13.0,31.0,153.0,440.0,287.0,462.0,57.0,57.0,0.0,10344
"Census Tract 85, Fulton County, Georgia",1581.0,1398.0,15.0,79.0,38.0,0.0,16.0,0.0,0.0,13,121,8500,379.0,602.0,0.3863404689092762,981.0,80.0,27.0,15.0,94.0,0.0,0.0,600.0,16.0,16.0,8634
"Census Tract 89.02, Fulton County, Georgia",5011.0,1065.0,455.0,0.0,236.0,469.0,383.0,537.0,1866.0,13,121,8902,1437.0,2955.0,0.3271857923497268,4392.0,371.0,134.0,185.0,594.0,404.0,340.0,619.0,300.0,28.0,9036
"Census Tract 99, Fulton County, Georgia",2327.0,1225.0,223.0,0.0,51.0,163.0,171.0,204.0,290.0,13,121,9900,1509.0,621.0,0.7084507042253522,2130.0,47.0,55.0,76.0,224.0,171.0,839.0,197.0,0.0,14.0,10034
"Census Tract 101.06, Fulton County, Georgia",2065.0,769.0,123.0,0.0,97.0,328.0,546.0,15.0,187.0,13,121,10106,949.0,1009.0,0.4846782431052094,1958.0,106.0,96.0,52.0,326.0,203.0,408.0,107.0,28.0,12.0,10240
"Census Tract 102.05, Fulton County, Georgia",2756.0,1700.0,402.0,0.0,62.0,18.0,37.0,30.0,507.0,13,121,10205,2052.0,600.0,0.7737556561085973,2652.0,200.0,44.0,46.0,186.0,339.0,639.0,104.0,0.0,82.0,10339
"Census Tract 102.08, Fulton County, Georgia",2587.0,654.0,22.0,0.0,120.0,340.0,663.0,189.0,599.0,13,121,10208,538.0,1505.0,0.2633382280959373,2043.0,90.0,171.0,88.0,250.0,155.0,260.0,544.0,278.0,41.0,10342
"Census Tract 103.01, Fulton County, Georgia",6908.0,6206.0,25.0,0.0,55.0,168.0,157.0,75.0,99.0,13,121,10301,4416.0,2079.0,0.6799076212471131,6495.0,145.0,163.0,128.0,1188.0,957.0,438.0,413.0,223.0,0.0,10435
"Census Tract 105.07, Fulton County, Georgia",3344.0,1729.0,145.0,89.0,111.0,219.0,605.0,372.0,23.0,13,121,10507,1207.0,1209.0,0.4995860927152318,2416.0,197.0,146.0,256.0,264.0,212.0,63.0,928.0,170.0,64.0,10641
"Census Tract 2, Fulton County, Georgia",2806.0,1740.0,46.0,62.0,214.0,203.0,129.0,263.0,149.0,13,121,200,1941.0,755.0,0.7199554896142433,2696.0,56.0,29.0,9.0,228.0,306.0,1139.0,110.0,0.0,0.0,334
"Census Tract 19, Fulton County, Georgia",1931.0,25.0,0.0,11.0,34.0,129.0,226.0,216.0,1290.0,13,121,1900,541.0,859.0,0.3864285714285714,1400.0,101.0,16.0,55.0,150.0,152.0,131.0,531.0,157.0,50.0,2034
"Census Tract 29, Fulton County, Georgia",1569.0,396.0,36.0,21.0,93.0,166.0,112.0,65.0,680.0,13,121,2900,422.0,826.0,0.3381410256410256,1248.0,89.0,61.0,47.0,106.0,132.0,118.0,321.0,30.0,47.0,3034
"Census Tract 30, Fulton County, Georgia",2031.0,638.0,251.0,48.0,34.0,135.0,201.0,136.0,588.0,13,121,3000,988.0,849.0,0.537833424060969,1837.0,32.0,18.0,18.0,270.0,318.0,390.0,194.0,9.0,11.0,3134
"Census Tract 43, Fulton County, Georgia",651.0,48.0,12.0,0.0,48.0,125.0,225.0,167.0,26.0,13,121,4300,198.0,408.0,0.3267326732673267,606.0,121.0,21.0,0.0,84.0,18.0,53.0,45.0,39.0,0.0,4434
"Census Tract 58, Fulton County, Georgia",773.0,551.0,9.0,42.0,60.0,54.0,57.0,0.0,0.0,13,121,5800,307.0,269.0,0.5329861111111112,576.0,61.0,37.0,17.0,26.0,57.0,13.0,197.0,76.0,10.0,5934
"Census Tract 83.01, Fulton County, Georgia",1577.0,1003.0,0.0,39.0,74.0,248.0,213.0,0.0,0.0,13,121,8301,368.0,515.0,0.4167610419026047,883.0,107.0,68.0,51.0,35.0,35.0,0.0,694.0,38.0,0.0,8435
"Census Tract 73, Fulton County, Georgia",3343.0,1273.0,122.0,86.0,88.0,719.0,584.0,85.0,386.0,13,121,7300,810.0,2081.0,0.2801798685575925,2891.0,379.0,256.0,171.0,150.0,73.0,28.0,452.0,161.0,0.0,7434
"Census Tract 78.06, Fulton County, Georgia",2581.0,1310.0,38.0,15.0,22.0,336.0,528.0,55.0,195.0,13,121,7806,1232.0,1180.0,0.5107794361525705,2412.0,157.0,157.0,251.0,180.0,15.0,0.0,169.0,83.0,0.0,7940
"Census Tract 80, Fulton County, Georgia",2501.0,2172.0,0.0,37.0,113.0,12.0,91.0,64.0,0.0,13,121,8000,1178.0,763.0,0.6069036579082947,1941.0,170.0,140.0,127.0,149.0,152.0,104.0,560.0,53.0,43.0,8134
"Census Tract 84, Fulton County, Georgia",2028.0,894.0,80.0,94.0,72.0,328.0,276.0,135.0,134.0,13,121,8400,354.0,833.0,0.2982308340353833,1187.0,216.0,78.0,31.0,47.0,0.0,22.0,841.0,102.0,0.0,8534
"Census Tract 86.02, Fulton County, Georgia",653.0,305.0,0.0,0.0,9.0,9.0,167.0,163.0,0.0,13,121,8602,151.0,451.0,0.2508305647840531,602.0,16.0,64.0,43.0,17.0,24.0,6.0,51.0,31.0,0.0,8736
"Census Tract 90, Fulton County, Georgia",2337.0,1182.0,25.0,23.0,41.0,62.0,196.0,323.0,485.0,13,121,9000,1076.0,1173.0,0.4784348599377501,2249.0,31.0,8.0,64.0,218.0,245.0,700.0,88.0,36.0,0.0,9134
"Census Tract 93, Fulton County, Georgia",2662.0,1268.0,85.0,123.0,19.0,197.0,84.0,312.0,574.0,13,121,9300,1503.0,1014.0,0.5971394517282479,2517.0,160.0,35.0,59.0,171.0,166.0,693.0,145.0,55.0,36.0,9434
"Census Tract 94.02, Fulton County, Georgia",3175.0,57.0,122.0,57.0,0.0,82.0,158.0,321.0,2378.0,13,121,9402,379.0,2505.0,0.1314147018030513,2884.0,262.0,70.0,79.0,475.0,256.0,231.0,291.0,120.0,0.0,9536
"Census Tract 101.07, Fulton County, Georgia",762.0,762.0,0.0,0.0,0.0,0.0,0.0,0.0,0.0,13,121,10107,721.0,21.0,0.9716981132075472,742.0,0.0,4.0,14.0,31.0,57.0,376.0,20.0,0.0,20.0,10241
"Census Tract 103.04, Fulton County, Georgia",5667.0,5462.0,139.0,0.0,0.0,0.0,66.0,0.0,0.0,13,121,10304,4484.0,682.0,0.8679829655439412,5166.0,122.0,281.0,123.0,1084.0,540.0,386.0,501.0,52.0,270.0,10438
"Census Tract 106.03, Fulton County, Georgia",1844.0,332.0,62.0,15.0,125.0,616.0,552.0,108.0,34.0,13,121,10603,268.0,1249.0,0.1766644693473961,1517.0,106.0,74.0,92.0,197.0,30.0,7.0,327.0,186.0,0.0,10737
"Census Tract 37, Fulton County, Georgia",164.0,0.0,0.0,0.0,0.0,19.0,0.0,37.0,108.0,13,121,3700,0.0,164.0,0.0,164.0,37.0,0.0,0.0,0.0,0.0,0.0,0.0,0.0,0.0,3834
"Census Tract 24, Fulton County, Georgia",1507.0,1047.0,0.0,110.0,113.0,91.0,118.0,6.0,6.0,13,121,2400,400.0,586.0,0.4056795131845842,986.0,116.0,41.0,45.0,152.0,13.0,20.0,521.0,72.0,0.0,2534
"Census Tract 25, Fulton County, Georgia",1364.0,449.0,40.0,59.0,58.0,160.0,403.0,97.0,98.0,13,121,2500,178.0,872.0,0.1695238095238095,1050.0,135.0,92.0,50.0,31.0,34.0,4.0,314.0,95.0,0.0,2634
"Census Tract 26, Fulton County, Georgia",619.0,125.0,6.0,22.0,85.0,39.0,269.0,58.0,15.0,13,121,2600,66.0,518.0,0.1130136986301369,584.0,121.0,44.0,36.0,50.0,21.0,13.0,35.0,9.0,0.0,2734
"Census Tract 44, Fulton County, Georgia",1435.0,188.0,26.0,32.0,60.0,133.0,66.0,179.0,751.0,13,121,4400,39.0,1265.0,0.0299079754601227,1304.0,234.0,162.0,0.0,31.0,0.0,0.0,131.0,34.0,0.0,4534
"Census Tract 86.01, Fulton County, Georgia",2324.0,1195.0,61.0,169.0,70.0,55.0,96.0,173.0,460.0,13,121,8601,412.0,1300.0,0.2406542056074766,1712.0,465.0,107.0,62.0,95.0,21.0,0.0,612.0,54.0,0.0,8735
"Census Tract 74, Fulton County, Georgia",1556.0,424.0,18.0,35.0,123.0,365.0,241.0,64.0,210.0,13,121,7400,172.0,1074.0,0.1380417335473515,1246.0,316.0,41.0,52.0,35.0,8.0,0.0,310.0,127.0,0.0,7534
"Census Tract 82.01, Fulton County, Georgia",2972.0,2091.0,54.0,0.0,18.0,219.0,210.0,0.0,173.0,13,121,8201,1065.0,1526.0,0.4110382091856426,2591.0,309.0,194.0,399.0,127.0,63.0,32.0,381.0,65.0,0.0,8335
"Census Tract 82.02, Fulton County, Georgia",981.0,905.0,0.0,0.0,0.0,22.0,32.0,13.0,9.0,13,121,8202,368.0,400.0,0.4791666666666667,768.0,85.0,56.0,30.0,65.0,9.0,0.0,213.0,26.0,0.0,8336
"Census Tract 101.08, Fulton County, Georgia",1749.0,1346.0,8.0,0.0,0.0,59.0,117.0,71.0,140.0,13,121,10108,1217.0,403.0,0.7512345679012346,1620.0,41.0,51.0,57.0,122.0,73.0,570.0,129.0,28.0,78.0,10242
"Census Tract 101.10, Fulton County, Georgia",4392.0,1033.0,523.0,58.0,0.0,235.0,452.0,242.0,1817.0,13,121,10110,1625.0,2284.0,0.41570734203121,3909.0,122.0,49.0,51.0,491.0,178.0,617.0,483.0,235.0,12.0,10244
"Census Tract 103.03, Fulton County, Georgia",4493.0,3059.0,245.0,0.0,20.0,186.0,448.0,308.0,227.0,13,121,10303,2886.0,1218.0,0.7032163742690059,4104.0,334.0,88.0,232.0,607.0,310.0,491.0,389.0,59.0,0.0,10437
"Census Tract 67, Fulton County, Georgia",2121.0,1013.0,192.0,89.0,97.0,159.0,136.0,41.0,394.0,13,121,6700,562.0,1082.0,0.3418491484184915,1644.0,228.0,20.0,88.0,154.0,25.0,13.0,477.0,20.0,27.0,6834
"Census Tract 69, Fulton County, Georgia",1666.0,1102.0,34.0,20.0,244.0,144.0,85.0,0.0,37.0,13,121,6900,774.0,610.0,0.5592485549132948,1384.0,126.0,49.0,119.0,191.0,133.0,89.0,282.0,93.0,49.0,7034
"Census Tract 70.02, Fulton County, Georgia",1307.0,944.0,41.0,20.0,43.0,67.0,131.0,0.0,24.0,13,121,7002,430.0,539.0,0.4437564499484004,969.0,50.0,48.0,34.0,80.0,22.0,19.0,338.0,49.0,20.0,7136
"Census Tract 71, Fulton County, Georgia",1092.0,789.0,6.0,0.0,43.0,17.0,143.0,72.0,6.0,13,121,7100,326.0,565.0,0.3658810325476992,891.0,129.0,37.0,48.0,41.0,43.0,0.0,201.0,50.0,0.0,7234
"Census Tract 83.02, Fulton County, Georgia",1176.0,815.0,0.0,24.0,0.0,171.0,93.0,50.0,0.0,13,121,8302,356.0,428.0,0.4540816326530612,784.0,128.0,65.0,23.0,54.0,6.0,6.0,392.0,0.0,14.0,8436
"Census Tract 92, Fulton County, Georgia",4410.0,865.0,176.0,227.0,46.0,251.0,656.0,636.0,1553.0,13,121,9200,1011.0,2809.0,0.2646596858638743,3820.0,157.0,140.0,112.0,771.0,291.0,281.0,590.0,355.0,38.0,9334
"Census Tract 102.04, Fulton County, Georgia",2029.0,1975.0,0.0,0.0,0.0,0.0,0.0,0.0,54.0,13,121,10204,1813.0,59.0,0.968482905982906,1872.0,17.0,15.0,23.0,136.0,121.0,837.0,157.0,39.0,50.0,10338
"Census Tract 102.09, Fulton County, Georgia",3076.0,251.0,115.0,70.0,92.0,543.0,1433.0,283.0,289.0,13,121,10209,732.0,2110.0,0.2575650950035186,2842.0,55.0,143.0,229.0,468.0,213.0,112.0,234.0,165.0,0.0,10343
"Census Tract 104, Fulton County, Georgia",3696.0,3066.0,135.0,22.0,225.0,74.0,34.0,25.0,115.0,13,121,10400,2224.0,996.0,0.6906832298136646,3220.0,270.0,195.0,284.0,334.0,263.0,206.0,476.0,41.0,41.0,10534
"Census Tract 15, Fulton County, Georgia",2772.0,650.0,76.0,99.0,288.0,458.0,484.0,247.0,470.0,13,121,1500,879.0,1526.0,0.3654885654885655,2405.0,269.0,67.0,47.0,297.0,173.0,379.0,367.0,16.0,0.0,1634
"Census Tract 23, Fulton County, Georgia",1180.0,463.0,0.0,146.0,116.0,248.0,164.0,0.0,43.0,13,121,2300,118.0,407.0,0.2247619047619047,525.0,90.0,13.0,35.0,30.0,14.0,0.0,655.0,70.0,10.0,2434
"Census Tract 114.19, Fulton County, Georgia",2589.0,1371.0,922.0,0.0,116.0,0.0,59.0,0.0,121.0,13,121,11419,2081.0,346.0,0.857437165224557,2427.0,99.0,52.0,38.0,247.0,169.0,647.0,162.0,59.0,52.0,11553
"Census Tract 114.20, Fulton County, Georgia",2518.0,302.0,361.0,0.0,142.0,704.0,681.0,140.0,102.0,13,121,11420,414.0,1905.0,0.1785252263906856,2319.0,64.0,159.0,84.0,245.0,49.0,0.0,199.0,127.0,0.0,11554
"Census Tract 114.21, Fulton County, Georgia",1692.0,228.0,403.0,26.0,161.0,381.0,313.0,103.0,77.0,13,121,11421,412.0,1204.0,0.2549504950495049,1616.0,41.0,108.0,90.0,171.0,152.0,9.0,76.0,41.0,20.0,11555
"Census Tract 114.22, Fulton County, Georgia",1637.0,727.0,242.0,12.0,52.0,197.0,276.0,84.0,47.0,13,121,11422,1055.0,547.0,0.6585518102372035,1602.0,23.0,11.0,32.0,183.0,79.0,204.0,35.0,35.0,0.0,11556
"Census Tract 114.23, Fulton County, Georgia",2019.0,1606.0,52.0,0.0,33.0,101.0,146.0,74.0,7.0,13,121,11423,1447.0,287.0,0.8344867358708189,1734.0,64.0,34.0,14.0,162.0,182.0,418.0,285.0,80.0,40.0,11557
"Census Tract 114.24, Fulton County, Georgia",2284.0,1617.0,369.0,29.0,65.0,74.0,25.0,69.0,36.0,13,121,11424,1688.0,390.0,0.8123195380173244,2078.0,42.0,95.0,65.0,333.0,177.0,316.0,206.0,107.0,52.0,11558
"Census Tract 114.25, Fulton County, Georgia",2417.0,1990.0,18.0,0.0,32.0,137.0,123.0,66.0,25.0,13,121,11425,1832.0,499.0,0.7859287859287859,2331.0,48.0,16.0,34.0,192.0,136.0,950.0,86.0,50.0,0.0,11559
"Census Tract 114.26, Fulton County, Georgia",785.0,780.0,0.0,0.0,5.0,0.0,0.0,0.0,0.0,13,121,11426,655.0,116.0,0.8495460440985733,771.0,0.0,22.0,26.0,62.0,91.0,240.0,14.0,0.0,14.0,11560
"Census Tract 114.27, Fulton County, Georgia",3148.0,2971.0,143.0,0.0,0.0,16.0,0.0,0.0,0.0,13,121,11427,2618.0,286.0,0.9015151515151516,2904.0,13.0,14.0,54.0,264.0,397.0,655.0,244.0,48.0,56.0,11561
"Census Tract 115.03, Fulton County, Georgia",3712.0,3598.0,70.0,0.0,0.0,0.0,0.0,0.0,0.0,13,121,11503,3382.0,214.0,0.9404894327030032,3596.0,0.0,36.0,51.0,364.0,261.0,1527.0,116.0,59.0,57.0,11637
"Census Tract 115.04, Fulton County, Georgia",4463.0,4406.0,22.0,0.0,0.0,35.0,0.0,0.0,0.0,13,121,11504,4311.0,35.0,0.9919466175793832,4346.0,104.0,13.0,0.0,229.0,379.0,2590.0,117.0,0.0,24.0,11638
"Census Tract 115.05, Fulton County, Georgia",1366.0,1158.0,179.0,0.0,0.0,0.0,0.0,0.0,0.0,13,121,11505,1208.0,86.0,0.9335394126738794,1294.0,18.0,0.0,17.0,122.0,163.0,513.0,72.0,32.0,0.0,11639
"Census Tract 115.06, Fulton County, Georgia",2197.0,2183.0,0.0,0.0,14.0,0.0,0.0,0.0,0.0,13,121,11506,1890.0,162.0,0.9210526315789472,2052.0,29.0,26.0,16.0,131.0,224.0,755.0,145.0,0.0,93.0,11640
"Census Tract 116.10, Fulton County, Georgia",2141.0,1507.0,178.0,14.0,21.0,127.0,217.0,42.0,35.0,13,121,11610,1594.0,475.0,0.7704204929917835,2069.0,11.0,70.0,40.0,268.0,238.0,551.0,72.0,0.0,10.0,11744
"Census Tract 116.11, Fulton County, Georgia",3800.0,938.0,706.0,178.0,0.0,270.0,432.0,513.0,763.0,13,121,11611,1349.0,2084.0,0.3929507719196038,3433.0,75.0,217.0,222.0,422.0,355.0,164.0,367.0,186.0,0.0,11745
"Census Tract 116.12, Fulton County, Georgia",1255.0,1191.0,56.0,0.0,0.0,0.0,0.0,0.0,0.0,13,121,11612,1161.0,72.0,0.9416058394160584,1233.0,7.0,0.0,0.0,157.0,71.0,380.0,22.0,0.0,22.0,11746
"Census Tract 116.13, Fulton County, Georgia",2418.0,1729.0,305.0,0.0,0.0,82.0,232.0,54.0,16.0,13,121,11613,1604.0,735.0,0.685763146643865,2339.0,113.0,135.0,15.0,261.0,282.0,474.0,79.0,0.0,0.0,11747
"Census Tract 116.14, Fulton County, Georgia",6689.0,2607.0,1378.0,0.0,214.0,592.0,1069.0,547.0,282.0,13,121,11614,3182.0,3051.0,0.510508583346703,6233.0,438.0,75.0,508.0,862.0,741.0,381.0,456.0,233.0,105.0,11748
"Census Tract 116.15, Fulton County, Georgia",3850.0,3036.0,496.0,0.0,105.0,37.0,0.0,10.0,166.0,13,121,11615,3357.0,274.0,0.9245386945744972,3631.0,81.0,50.0,16.0,294.0,286.0,1396.0,219.0,143.0,54.0,11749
"Census Tract 116.16, Fulton County, Georgia",3121.0,515.0,628.0,71.0,371.0,359.0,753.0,124.0,300.0,13,121,11616,1086.0,1776.0,0.3794549266247379,2862.0,24.0,67.0,18.0,213.0,567.0,377.0,259.0,138.0,1.0,11750
"Census Tract 116.17, Fulton County, Georgia",3110.0,2328.0,333.0,0.0,91.0,17.0,90.0,132.0,119.0,13,121,11617,2281.0,525.0,0.8129009265858874,2806.0,91.0,20.0,117.0,320.0,280.0,892.0,304.0,56.0,51.0,11751
"Census Tract 116.18, Fulton County, Georgia",1670.0,1078.0,146.0,0.0,10.0,44.0,229.0,68.0,71.0,13,121,11618,1147.0,455.0,0.715980024968789,1602.0,32.0,30.0,32.0,208.0,124.0,585.0,68.0,68.0,0.0,11752
"Census Tract 116.19, Fulton County, Georgia",3360.0,1037.0,138.0,0.0,99.0,654.0,925.0,251.0,256.0,13,121,11619,1218.0,1859.0,0.3958401039974,3077.0,30.0,54.0,105.0,466.0,386.0,471.0,283.0,140.0,0.0,11753
"Census Tract 116.20, Fulton County, Georgia",3482.0,3085.0,65.0,0.0,42.0,39.0,97.0,0.0,154.0,13,121,11620,2934.0,453.0,0.8662533215234721,3387.0,29.0,128.0,40.0,259.0,447.0,920.0,95.0,95.0,0.0,11754
"Census Tract 116.21, Fulton County, Georgia",2625.0,1949.0,21.0,0.0,97.0,67.0,329.0,101.0,33.0,13,121,11621,1709.0,727.0,0.701559934318555,2436.0,41.0,38.0,87.0,372.0,126.0,975.0,189.0,49.0,47.0,11755
"Census Tract 116.22, Fulton County, Georgia",3633.0,3152.0,160.0,0.0,0.0,0.0,200.0,121.0,0.0,13,121,11622,2846.0,533.0,0.8422610239715892,3379.0,115.0,23.0,135.0,352.0,364.0,1068.0,254.0,173.0,60.0,11756
"Census Tract 116.23, Fulton County, Georgia",4456.0,2641.0,610.0,0.0,101.0,236.0,512.0,156.0,115.0,13,121,11623,2931.0,1439.0,0.6707093821510297,4370.0,82.0,32.0,164.0,477.0,641.0,848.0,86.0,58.0,0.0,11757
"Census Tract 116.24, Fulton County, Georgia",1241.0,1227.0,0.0,0.0,0.0,0.0,0.0,0.0,0.0,13,121,11624,1205.0,0.0,1.0,1205.0,0.0,12.0,0.0,42.0,179.0,563.0,36.0,0.0,36.0,11758
"Census Tract 116.25, Fulton County, Georgia",2805.0,1810.0,125.0,0.0,78.0,274.0,297.0,95.0,116.0,13,121,11625,1796.0,814.0,0.6881226053639847,2610.0,32.0,51.0,121.0,179.0,314.0,534.0,195.0,105.0,46.0,11759
"Census Tract 116.26, Fulton County, Georgia",3361.0,2163.0,47.0,0.0,59.0,173.0,244.0,90.0,585.0,13,121,11626,1915.0,1269.0,0.6014447236180904,3184.0,140.0,88.0,74.0,535.0,365.0,688.0,177.0,177.0,0.0,11760
"Census Tract 118, Fulton County, Georgia",1451.0,402.0,11.0,12.0,18.0,244.0,279.0,70.0,404.0,13,121,11800,136.0,787.0,0.1473456121343445,923.0,197.0,33.0,51.0,84.0,17.0,0.0,528.0,77.0,19.0,11934
"Census Tract 119, Fulton County, Georgia",2169.0,67.0,74.0,0.0,63.0,35.0,243.0,438.0,1240.0,13,121,11900,352.0,1483.0,0.191825613079019,1835.0,418.0,83.0,53.0,141.0,49.0,65.0,334.0,132.0,0.0,12034
"Census Tract 120, Fulton County, Georgia",1645.0,475.0,74.0,92.0,88.0,408.0,191.0,38.0,279.0,13,121,12000,293.0,1090.0,0.2118582791033984,1383.0,188.0,161.0,89.0,59.0,0.0,31.0,262.0,117.0,0.0,12134
"Census Tract 105.11, Fulton County, Georgia",3393.0,2565.0,152.0,0.0,0.0,213.0,346.0,101.0,0.0,13,121,10511,1881.0,949.0,0.6646643109540636,2830.0,158.0,58.0,177.0,316.0,157.0,23.0,563.0,150.0,34.0,10645
"Census Tract 105.14, Fulton County, Georgia",4716.0,3705.0,126.0,17.0,122.0,375.0,288.0,0.0,83.0,13,121,10514,2462.0,2011.0,0.5504135926671138,4473.0,337.0,151.0,236.0,1045.0,449.0,29.0,243.0,0.0,180.0,10648
"Census Tract 113.01, Fulton County, Georgia",2037.0,1940.0,46.0,7.0,23.0,0.0,0.0,21.0,0.0,13,121,11301,1321.0,315.0,0.8074572127139364,1636.0,132.0,67.0,89.0,178.0,140.0,64.0,401.0,76.0,47.0,11435
"Census Tract 114.10, Fulton County, Georgia",2729.0,1780.0,181.0,0.0,138.0,432.0,146.0,31.0,21.0,13,121,11410,1987.0,585.0,0.7725505443234837,2572.0,47.0,52.0,177.0,91.0,300.0,754.0,157.0,88.0,0.0,11544
"Census Tract 114.11, Fulton County, Georgia",3206.0,2089.0,438.0,55.0,26.0,223.0,193.0,96.0,25.0,13,121,11411,2472.0,580.0,0.8099606815203145,3052.0,27.0,139.0,41.0,170.0,380.0,451.0,154.0,0.0,117.0,11545
"Census Tract 114.14, Fulton County, Georgia",3125.0,1412.0,256.0,54.0,57.0,335.0,607.0,214.0,166.0,13,121,11414,1487.0,1383.0,0.5181184668989547,2870.0,126.0,197.0,146.0,352.0,286.0,291.0,255.0,115.0,37.0,11548
"Census Tract 68.02, Fulton County, Georgia",608.0,220.0,0.0,0.0,0.0,106.0,182.0,27.0,60.0,13,121,6802,97.0,436.0,0.1819887429643527,533.0,199.0,13.0,0.0,17.0,5.0,4.0,75.0,63.0,0.0,6936
"Census Tract 62, Fulton County, Georgia",752.0,580.0,0.0,104.0,48.0,10.0,10.0,0.0,0.0,13,121,6200,198.0,324.0,0.3793103448275862,522.0,40.0,32.0,55.0,43.0,53.0,0.0,230.0,0.0,47.0,6334
"Census Tract 65, Fulton County, Georgia",1828.0,1492.0,40.0,226.0,22.0,22.0,21.0,0.0,0.0,13,121,6500,777.0,672.0,0.5362318840579711,1449.0,217.0,48.0,34.0,224.0,132.0,54.0,379.0,87.0,23.0,6634
"Census Tract 10.02, Fulton County, Georgia",586.0,6.0,0.0,0.0,10.0,25.0,33.0,78.0,434.0,13,121,1002,12.0,504.0,0.0232558139534883,516.0,137.0,24.0,21.0,48.0,5.0,6.0,70.0,17.0,0.0,1136
"Census Tract 12.02, Fulton County, Georgia",4068.0,163.0,0.0,0.0,0.0,86.0,303.0,180.0,3336.0,13,121,1202,1621.0,1791.0,0.4750879249706917,3412.0,217.0,175.0,12.0,463.0,421.0,546.0,656.0,143.0,68.0,1336
"Census Tract 10.01, Fulton County, Georgia",1371.0,109.0,35.0,25.0,19.0,28.0,34.0,68.0,1053.0,13,121,1001,443.0,577.0,0.4343137254901961,1020.0,59.0,12.0,0.0,106.0,162.0,138.0,351.0,82.0,30.0,1135
"Census Tract 12.01, Fulton County, Georgia",2922.0,223.0,120.0,81.0,254.0,228.0,282.0,371.0,1314.0,13,121,1201,717.0,2171.0,0.2482686980609418,2888.0,302.0,56.0,58.0,382.0,248.0,367.0,34.0,0.0,0.0,1335
"Census Tract 76.03, Fulton County, Georgia",2679.0,303.0,20.0,18.0,342.0,625.0,562.0,207.0,553.0,13,121,7603,139.0,2075.0,0.0627822944896115,2214.0,812.0,97.0,38.0,90.0,102.0,0.0,465.0,158.0,0.0,7737
"Census Tract 76.04, Fulton County, Georgia",1541.0,252.0,20.0,32.0,51.0,335.0,569.0,261.0,21.0,13,121,7604,147.0,887.0,0.1421663442940038,1034.0,184.0,44.0,0.0,35.0,0.0,22.0,507.0,96.0,0.0,7738
"Census Tract 77.03, Fulton County, Georgia",1855.0,1277.0,50.0,38.0,109.0,175.0,136.0,0.0,28.0,13,121,7703,945.0,656.0,0.5902560899437851,1601.0,132.0,99.0,86.0,177.0,77.0,36.0,254.0,106.0,47.0,7837
"Census Tract 123, Fulton County, Georgia",1509.0,798.0,30.0,109.0,219.0,125.0,57.0,10.0,136.0,13,121,12300,467.0,591.0,0.441398865784499,1058.0,68.0,47.0,51.0,94.0,131.0,163.0,451.0,129.0,37.0,12434
"Census Tract 9800, Fulton County, Georgia",0.0,0.0,0.0,0.0,0.0,0.0,0.0,0.0,0.0,13,121,980000,0.0,0.0,,0.0,0.0,0.0,0.0,0.0,0.0,0.0,0.0,0.0,0.0,980134
"Census Tract 77.04, Fulton County, Georgia",2498.0,994.0,221.0,55.0,83.0,716.0,272.0,57.0,100.0,13,121,7704,876.0,1182.0,0.4256559766763848,2058.0,225.0,177.0,72.0,127.0,75.0,25.0,440.0,131.0,15.0,7838
"Census Tract 77.05, Fulton County, Georgia",2244.0,496.0,67.0,10.0,17.0,512.0,594.0,123.0,401.0,13,121,7705,400.0,1372.0,0.2257336343115124,1772.0,203.0,78.0,69.0,85.0,103.0,11.0,472.0,308.0,24.0,7839
"Census Tract 77.06, Fulton County, Georgia",4880.0,1746.0,316.0,0.0,23.0,522.0,1003.0,185.0,1085.0,13,121,7706,1265.0,3078.0,0.2912733133778494,4343.0,205.0,344.0,114.0,650.0,386.0,55.0,537.0,361.0,0.0,7840
"Census Tract 89.03, Fulton County, Georgia",912.0,41.0,416.0,24.0,13.0,133.0,91.0,37.0,74.0,13,121,8903,364.0,512.0,0.4155251141552511,876.0,2.0,0.0,27.0,235.0,28.0,37.0,36.0,0.0,0.0,9037
"Census Tract 89.04, Fulton County, Georgia",2916.0,797.0,575.0,33.0,231.0,548.0,89.0,374.0,269.0,13,121,8904,1638.0,939.0,0.6356228172293364,2577.0,65.0,122.0,60.0,353.0,191.0,462.0,339.0,157.0,15.0,9038
"Census Tract 91.01, Fulton County, Georgia",4041.0,413.0,283.0,26.0,147.0,158.0,465.0,457.0,2045.0,13,121,9101,1483.0,1980.0,0.4282414091827894,3463.0,289.0,55.0,118.0,743.0,289.0,443.0,578.0,162.0,47.0,9235
"Census Tract 91.02, Fulton County, Georgia",2376.0,410.0,18.0,0.0,86.0,197.0,176.0,275.0,1200.0,13,121,9102,752.0,1152.0,0.3949579831932773,1904.0,128.0,106.0,0.0,109.0,216.0,388.0,472.0,134.0,0.0,9236
"Census Tract 87, Fulton County, Georgia",2785.0,1092.0,121.0,17.0,160.0,139.0,234.0,292.0,730.0,13,121,8700,639.0,1923.0,0.2494145199063231,2562.0,237.0,229.0,263.0,94.0,48.0,71.0,223.0,0.0,28.0,8834
"Census Tract 95.01, Fulton County, Georgia",2123.0,998.0,174.0,0.0,28.0,13.0,89.0,66.0,755.0,13,121,9501,1423.0,310.0,0.8211194460473168,1733.0,99.0,6.0,32.0,133.0,111.0,835.0,390.0,82.0,72.0,9635
"Census Tract 94.03, Fulton County, Georgia",3318.0,104.0,194.0,16.0,0.0,175.0,523.0,795.0,1451.0,13,121,9403,763.0,2269.0,0.2516490765171504,3032.0,205.0,39.0,184.0,378.0,263.0,46.0,286.0,158.0,0.0,9537
"Census Tract 94.04, Fulton County, Georgia",2685.0,707.0,353.0,0.0,15.0,136.0,185.0,308.0,981.0,13,121,9404,1440.0,943.0,0.6042803189257239,2383.0,115.0,0.0,21.0,182.0,310.0,328.0,302.0,44.0,15.0,9538
"Census Tract 95.02, Fulton County, Georgia",2985.0,344.0,86.0,0.0,83.0,200.0,119.0,115.0,2019.0,13,121,9502,1007.0,1247.0,0.4467613132209405,2254.0,161.0,18.0,14.0,248.0,290.0,419.0,731.0,246.0,0.0,9636
"Census Tract 96.01, Fulton County, Georgia",1660.0,174.0,120.0,22.0,82.0,30.0,180.0,154.0,898.0,13,121,9601,464.0,943.0,0.3297796730632552,1407.0,24.0,27.0,100.0,98.0,235.0,267.0,253.0,133.0,47.0,9735
"Census Tract 96.02, Fulton County, Georgia",3604.0,605.0,393.0,50.0,16.0,68.0,137.0,121.0,2214.0,13,121,9602,1506.0,1606.0,0.4839331619537275,3112.0,182.0,151.0,57.0,323.0,282.0,756.0,492.0,203.0,0.0,9736
"Census Tract 96.03, Fulton County, Georgia",3735.0,413.0,210.0,11.0,45.0,124.0,353.0,173.0,2406.0,13,121,9603,1279.0,1792.0,0.4164767176815369,3071.0,272.0,62.0,121.0,498.0,176.0,556.0,664.0,81.0,90.0,9737
"Census Tract 98.01, Fulton County, Georgia",2456.0,1344.0,81.0,0.0,8.0,0.0,0.0,17.0,1006.0,13,121,9801,1382.0,724.0,0.6562203228869895,2106.0,58.0,21.0,22.0,144.0,109.0,946.0,350.0,140.0,0.0,9935
"Census Tract 98.02, Fulton County, Georgia",2133.0,1249.0,71.0,10.0,66.0,46.0,132.0,140.0,408.0,13,121,9802,1108.0,727.0,0.6038147138964578,1835.0,32.0,0.0,44.0,125.0,145.0,844.0,298.0,54.0,57.0,9936
"Census Tract 100.01, Fulton County, Georgia",3166.0,735.0,517.0,25.0,74.0,36.0,93.0,106.0,1580.0,13,121,10001,1709.0,778.0,0.6871733011660636,2487.0,231.0,28.0,87.0,211.0,172.0,742.0,679.0,201.0,115.0,10135
"Census Tract 100.02, Fulton County, Georgia",4719.0,1775.0,78.0,0.0,140.0,15.0,57.0,243.0,2367.0,13,121,10002,2325.0,1688.0,0.5793670570645403,4013.0,49.0,101.0,89.0,435.0,437.0,1642.0,706.0,175.0,104.0,10136
"Census Tract 101.13, Fulton County, Georgia",3467.0,335.0,148.0,0.0,40.0,379.0,963.0,677.0,899.0,13,121,10113,528.0,2366.0,0.1824464409122322,2894.0,13.0,191.0,224.0,338.0,228.0,304.0,573.0,290.0,58.0,10247
"Census Tract 101.15, Fulton County, Georgia",1241.0,566.0,219.0,0.0,9.0,78.0,57.0,59.0,246.0,13,121,10115,683.0,522.0,0.566804979253112,1205.0,72.0,7.0,58.0,113.0,131.0,317.0,36.0,13.0,0.0,10249
"Census Tract 101.14, Fulton County, Georgia",3321.0,1116.0,279.0,16.0,74.0,371.0,720.0,379.0,366.0,13,121,10114,1435.0,1702.0,0.4574434172776538,3137.0,28.0,55.0,54.0,277.0,264.0,639.0,184.0,72.0,16.0,10248
"Census Tract 101.17, Fulton County, Georgia",2025.0,71.0,108.0,0.0,66.0,557.0,983.0,181.0,59.0,13,121,10117,293.0,1669.0,0.1493374108053007,1962.0,97.0,58.0,110.0,269.0,183.0,35.0,63.0,53.0,0.0,10251
"Census Tract 101.18, Fulton County, Georgia",2461.0,469.0,111.0,48.0,403.0,521.0,794.0,63.0,0.0,13,121,10118,563.0,1601.0,0.2601663585951941,2164.0,0.0,87.0,87.0,221.0,139.0,89.0,297.0,208.0,0.0,10252
"Census Tract 101.19, Fulton County, Georgia",2597.0,141.0,488.0,141.0,66.0,711.0,770.0,89.0,138.0,13,121,10119,623.0,1785.0,0.2587209302325581,2408.0,98.0,32.0,168.0,318.0,90.0,116.0,189.0,189.0,0.0,10253
"Census Tract 101.20, Fulton County, Georgia",1250.0,62.0,307.0,85.0,95.0,299.0,280.0,122.0,0.0,13,121,10120,388.0,734.0,0.3458110516934046,1122.0,51.0,38.0,112.0,250.0,113.0,33.0,128.0,68.0,0.0,10254
"Census Tract 101.21, Fulton County, Georgia",1310.0,446.0,112.0,6.0,0.0,40.0,94.0,75.0,537.0,13,121,10121,812.0,371.0,0.6863905325443787,1183.0,47.0,49.0,63.0,179.0,84.0,219.0,127.0,51.0,22.0,10255
"Census Tract 66.01, Fulton County, Georgia",999.0,921.0,14.0,0.0,27.0,20.0,0.0,5.0,12.0,13,121,6601,415.0,284.0,0.5937052932761088,699.0,48.0,18.0,32.0,119.0,46.0,8.0,300.0,65.0,55.0,6735
"Census Tract 70.01, Fulton County, Georgia",1893.0,1418.0,5.0,77.0,35.0,219.0,104.0,10.0,25.0,13,121,7001,556.0,883.0,0.3863794301598332,1439.0,287.0,60.0,124.0,119.0,6.0,14.0,454.0,56.0,8.0,7135
"Census Tract 11, Fulton County, Georgia",4607.0,147.0,30.0,0.0,9.0,59.0,316.0,380.0,3642.0,13,121,1100,1569.0,1863.0,0.4571678321678322,3432.0,155.0,43.0,66.0,509.0,502.0,756.0,1175.0,172.0,56.0,1234
"Census Tract 14, Fulton County, Georgia",1525.0,275.0,104.0,30.0,140.0,127.0,386.0,210.0,253.0,13,121,1400,565.0,843.0,0.4012784090909091,1408.0,30.0,15.0,31.0,260.0,120.0,180.0,117.0,58.0,0.0,1534
"Census Tract 18, Fulton County, Georgia",3301.0,124.0,261.0,0.0,201.0,241.0,411.0,249.0,1773.0,13,121,1800,1085.0,1992.0,0.3526161845953851,3077.0,680.0,121.0,46.0,387.0,287.0,114.0,224.0,84.0,54.0,1934
"Census Tract 32, Fulton County, Georgia",1509.0,569.0,48.0,89.0,109.0,30.0,92.0,99.0,473.0,13,121,3200,866.0,411.0,0.6781519185591229,1277.0,8.0,8.0,35.0,238.0,232.0,205.0,232.0,38.0,7.0,3334
"Census Tract 36, Fulton County, Georgia",977.0,11.0,22.0,15.0,30.0,63.0,177.0,80.0,579.0,13,121,3600,285.0,573.0,0.3321678321678322,858.0,98.0,57.0,14.0,104.0,44.0,24.0,119.0,41.0,0.0,3734
"Census Tract 68.01, Fulton County, Georgia",0.0,0.0,0.0,0.0,0.0,0.0,0.0,0.0,0.0,13,121,6801,0.0,0.0,,0.0,0.0,0.0,0.0,0.0,0.0,0.0,0.0,0.0,0.0,6935
"Census Tract 88, Fulton County, Georgia",2483.0,1903.0,143.0,47.0,18.0,172.0,124.0,0.0,76.0,13,121,8800,1280.0,681.0,0.6527281998980112,1961.0,61.0,0.0,51.0,211.0,209.0,386.0,522.0,26.0,64.0,8934
"Census Tract 105.12, Fulton County, Georgia",2973.0,932.0,291.0,17.0,209.0,817.0,617.0,0.0,55.0,13,121,10512,513.0,1843.0,0.2177419354838709,2356.0,192.0,119.0,225.0,299.0,139.0,0.0,617.0,308.0,68.0,10646
"Census Tract 105.13, Fulton County, Georgia",5445.0,3805.0,456.0,61.0,280.0,628.0,116.0,0.0,0.0,13,121,10513,2215.0,2631.0,0.457078002476269,4846.0,249.0,187.0,276.0,487.0,719.0,28.0,599.0,0.0,60.0,10647
"Census Tract 106.01, Fulton County, Georgia",1823.0,898.0,35.0,195.0,357.0,155.0,132.0,40.0,11.0,13,121,10601,610.0,971.0,0.3858317520556609,1581.0,291.0,93.0,46.0,112.0,108.0,21.0,242.0,91.0,23.0,10735
"Census Tract 106.04, Fulton County, Georgia",1952.0,557.0,9.0,0.0,69.0,275.0,559.0,369.0,105.0,13,121,10604,440.0,861.0,0.3382013835511145,1301.0,85.0,119.0,99.0,97.0,48.0,10.0,651.0,223.0,0.0,10738
"Census Tract 112.02, Fulton County, Georgia",2328.0,1592.0,0.0,194.0,58.0,248.0,100.0,69.0,31.0,13,121,11202,584.0,999.0,0.3689197725837018,1583.0,120.0,101.0,131.0,139.0,139.0,11.0,745.0,209.0,33.0,11336
"Census Tract 7, Fulton County, Georgia",417.0,366.0,21.0,8.0,4.0,13.0,5.0,0.0,0.0,13,121,700,243.0,104.0,0.7002881844380403,347.0,12.0,4.0,0.0,22.0,64.0,55.0,70.0,0.0,16.0,834
"Census Tract 13, Fulton County, Georgia",2487.0,471.0,205.0,82.0,520.0,430.0,318.0,187.0,258.0,13,121,1300,835.0,1364.0,0.3797180536607549,2199.0,163.0,108.0,82.0,281.0,305.0,250.0,288.0,102.0,0.0,1434
"Census Tract 38, Fulton County, Georgia",371.0,105.0,22.0,40.0,21.0,58.0,109.0,8.0,8.0,13,121,3800,12.0,218.0,0.0521739130434782,230.0,43.0,12.0,10.0,16.0,1.0,0.0,141.0,15.0,0.0,3934
"Census Tract 40, Fulton County, Georgia",1333.0,1047.0,20.0,116.0,46.0,18.0,42.0,11.0,25.0,13,121,4000,405.0,605.0,0.400990099009901,1010.0,182.0,101.0,66.0,47.0,67.0,6.0,323.0,24.0,12.0,4134
"Census Tract 42, Fulton County, Georgia",1643.0,212.0,44.0,160.0,102.0,55.0,214.0,179.0,677.0,13,121,4200,332.0,1124.0,0.228021978021978,1456.0,434.0,77.0,50.0,73.0,80.0,9.0,187.0,62.0,70.0,4334
"Census Tract 49, Fulton County, Georgia",1347.0,802.0,179.0,30.0,23.0,110.0,29.0,19.0,155.0,13,121,4900,730.0,378.0,0.6588447653429603,1108.0,73.0,10.0,46.0,170.0,111.0,144.0,239.0,77.0,0.0,5034
"Census Tract 28, Fulton County, Georgia",1767.0,60.0,36.0,0.0,51.0,29.0,58.0,39.0,1494.0,13,121,2800,160.0,1293.0,0.1101169993117687,1453.0,316.0,59.0,54.0,84.0,159.0,29.0,314.0,108.0,14.0,2934
"Census Tract 48, Fulton County, Georgia",619.0,17.0,22.0,0.0,5.0,8.0,108.0,107.0,352.0,13,121,4800,5.0,558.0,0.0088809946714031,563.0,146.0,0.0,69.0,11.0,0.0,0.0,56.0,35.0,0.0,4934
"Census Tract 53, Fulton County, Georgia",1843.0,1220.0,177.0,111.0,72.0,111.0,40.0,23.0,78.0,13,121,5300,1198.0,477.0,0.7152238805970149,1675.0,57.0,45.0,10.0,250.0,194.0,325.0,168.0,0.0,25.0,5434
"Census Tract 81.01, Fulton County, Georgia",515.0,492.0,4.0,0.0,0.0,19.0,0.0,0.0,0.0,13,121,8101,330.0,172.0,0.6573705179282868,502.0,35.0,33.0,41.0,24.0,43.0,5.0,13.0,0.0,0.0,8235
"Census Tract 105.10, Fulton County, Georgia",6913.0,4400.0,445.0,0.0,321.0,616.0,629.0,342.0,160.0,13,121,10510,3168.0,3252.0,0.4934579439252336,6420.0,532.0,156.0,382.0,816.0,411.0,29.0,493.0,0.0,66.0,10644
"Census Tract 5, Fulton County, Georgia",3597.0,877.0,170.0,94.0,49.0,130.0,155.0,434.0,1688.0,13,121,500,1491.0,1352.0,0.5244460077383046,2843.0,151.0,99.0,118.0,348.0,426.0,447.0,754.0,61.0,43.0,634
"Census Tract 16, Fulton County, Georgia",1550.0,232.0,18.0,56.0,123.0,106.0,137.0,208.0,670.0,13,121,1600,412.0,882.0,0.3183925811437403,1294.0,40.0,89.0,64.0,201.0,120.0,195.0,256.0,0.0,0.0,1734
"Census Tract 31, Fulton County, Georgia",1057.0,512.0,107.0,59.0,46.0,0.0,200.0,26.0,95.0,13,121,3100,381.0,550.0,0.4092373791621912,931.0,17.0,95.0,20.0,74.0,79.0,111.0,126.0,34.0,18.0,3234
"Census Tract 55.01, Fulton County, Georgia",1223.0,713.0,9.0,71.0,62.0,72.0,184.0,17.0,83.0,13,121,5501,355.0,623.0,0.3629856850715746,978.0,187.0,64.0,7.0,76.0,36.0,37.0,245.0,48.0,21.0,5635
"Census Tract 57, Fulton County, Georgia",923.0,436.0,5.0,57.0,3.0,40.0,15.0,49.0,318.0,13,121,5700,101.0,556.0,0.1537290715372907,657.0,91.0,72.0,11.0,36.0,28.0,14.0,266.0,31.0,55.0,5834
"Census Tract 60, Fulton County, Georgia",1864.0,1169.0,52.0,80.0,113.0,314.0,120.0,16.0,0.0,13,121,6000,598.0,911.0,0.3962889330682571,1509.0,94.0,104.0,89.0,101.0,111.0,26.0,355.0,17.0,18.0,6134
"Census Tract 66.02, Fulton County, Georgia",617.0,303.0,9.0,99.0,64.0,73.0,53.0,16.0,0.0,13,121,6602,140.0,325.0,0.3010752688172043,465.0,79.0,71.0,53.0,17.0,17.0,0.0,152.0,19.0,0.0,6736
"Census Tract 507.09, Gwinnett County, Georgia",4650.0,4059.0,10.0,0.0,0.0,0.0,129.0,38.0,0.0,13,135,50709,3413.0,1043.0,0.7659335727109515,4456.0,195.0,214.0,203.0,620.0,512.0,295.0,194.0,36.0,34.0,50857
"Census Tract 503.14, Gwinnett County, Georgia",3649.0,1883.0,0.0,12.0,11.0,193.0,641.0,509.0,191.0,13,135,50314,1333.0,2144.0,0.3833764739718148,3477.0,102.0,229.0,204.0,611.0,184.0,122.0,172.0,34.0,72.0,50462
"Census Tract 503.15, Gwinnett County, Georgia",2599.0,655.0,200.0,58.0,403.0,402.0,551.0,177.0,153.0,13,135,50315,668.0,1768.0,0.2742200328407225,2436.0,75.0,155.0,177.0,347.0,220.0,172.0,163.0,117.0,0.0,50463
"Census Tract 504.15, Gwinnett County, Georgia",1545.0,1392.0,107.0,0.0,39.0,0.0,0.0,0.0,0.0,13,135,50415,1288.0,177.0,0.8791808873720136,1465.0,59.0,42.0,67.0,167.0,248.0,112.0,80.0,9.0,0.0,50563
"Census Tract 504.25, Gwinnett County, Georgia",1889.0,1825.0,0.0,29.0,0.0,0.0,0.0,0.0,15.0,13,135,50425,1679.0,131.0,0.9276243093922651,1810.0,36.0,59.0,64.0,200.0,205.0,166.0,79.0,31.0,0.0,50573
"Census Tract 504.29, Gwinnett County, Georgia",2418.0,2418.0,0.0,0.0,0.0,0.0,0.0,0.0,0.0,13,135,50429,2056.0,234.0,0.8978165938864628,2290.0,29.0,107.0,48.0,234.0,375.0,151.0,128.0,42.0,0.0,50577
"Census Tract 501.05, Gwinnett County, Georgia",1656.0,1178.0,38.0,81.0,68.0,13.0,0.0,65.0,0.0,13,135,50105,800.0,745.0,0.517799352750809,1545.0,139.0,61.0,61.0,245.0,107.0,37.0,111.0,18.0,0.0,50253
"Census Tract 502.05, Gwinnett County, Georgia",1751.0,750.0,316.0,11.0,113.0,265.0,163.0,32.0,101.0,13,135,50205,799.0,899.0,0.4705535924617197,1698.0,78.0,24.0,77.0,303.0,132.0,62.0,53.0,53.0,0.0,50353
"Census Tract 505.35, Gwinnett County, Georgia",2353.0,2060.0,256.0,37.0,0.0,0.0,0.0,0.0,0.0,13,135,50535,1978.0,321.0,0.8603740756850805,2299.0,146.0,78.0,68.0,323.0,341.0,49.0,54.0,0.0,54.0,50683
"Census Tract 505.36, Gwinnett County, Georgia",1844.0,1263.0,311.0,170.0,0.0,0.0,31.0,46.0,0.0,13,135,50536,1125.0,606.0,0.6499133448873483,1731.0,46.0,76.0,88.0,294.0,225.0,0.0,113.0,50.0,30.0,50684
"Census Tract 505.37, Gwinnett County, Georgia",1864.0,227.0,0.0,10.0,60.0,282.0,618.0,353.0,314.0,13,135,50537,152.0,1519.0,0.0909634949132256,1671.0,204.0,98.0,119.0,210.0,130.0,42.0,193.0,145.0,0.0,50685
"Census Tract 505.38, Gwinnett County, Georgia",2386.0,2372.0,0.0,0.0,0.0,0.0,0.0,0.0,0.0,13,135,50538,1917.0,387.0,0.83203125,2304.0,49.0,130.0,100.0,261.0,300.0,270.0,82.0,42.0,40.0,50686
"Census Tract 505.39, Gwinnett County, Georgia",1941.0,928.0,234.0,37.0,114.0,136.0,372.0,58.0,62.0,13,135,50539,832.0,1014.0,0.4507042253521127,1846.0,54.0,140.0,52.0,315.0,105.0,10.0,95.0,86.0,0.0,50687
"Census Tract 505.40, Gwinnett County, Georgia",2757.0,1178.0,118.0,103.0,0.0,339.0,645.0,244.0,121.0,13,135,50540,1040.0,1567.0,0.3989259685462217,2607.0,136.0,198.0,110.0,511.0,352.0,112.0,150.0,69.0,0.0,50688
"Census Tract 505.41, Gwinnett County, Georgia",2195.0,67.0,9.0,0.0,152.0,437.0,857.0,306.0,367.0,13,135,50541,22.0,1775.0,0.0122426265998887,1797.0,153.0,251.0,116.0,238.0,44.0,0.0,398.0,398.0,0.0,50689
"Census Tract 505.42, Gwinnett County, Georgia",2465.0,245.0,375.0,0.0,58.0,304.0,638.0,429.0,416.0,13,135,50542,211.0,2089.0,0.0917391304347826,2300.0,71.0,133.0,165.0,231.0,59.0,68.0,165.0,136.0,0.0,50690
"Census Tract 505.43, Gwinnett County, Georgia",2428.0,2125.0,276.0,0.0,11.0,0.0,0.0,0.0,16.0,13,135,50543,1968.0,460.0,0.8105436573311368,2428.0,70.0,101.0,249.0,583.0,215.0,91.0,0.0,0.0,0.0,50691
"Census Tract 505.44, Gwinnett County, Georgia",4095.0,3805.0,90.0,66.0,116.0,0.0,0.0,0.0,0.0,13,135,50544,3227.0,576.0,0.8485406258217197,3803.0,145.0,28.0,47.0,659.0,521.0,225.0,292.0,46.0,117.0,50692
"Census Tract 505.47, Gwinnett County, Georgia",2721.0,2687.0,0.0,0.0,0.0,0.0,6.0,0.0,0.0,13,135,50547,2115.0,606.0,0.7772877618522602,2721.0,42.0,37.0,162.0,461.0,319.0,152.0,0.0,0.0,0.0,50695
"Census Tract 505.48, Gwinnett County, Georgia",3161.0,2986.0,139.0,0.0,17.0,0.0,0.0,0.0,0.0,13,135,50548,2744.0,288.0,0.9050131926121372,3032.0,52.0,122.0,184.0,411.0,308.0,386.0,129.0,54.0,0.0,50696
"Census Tract 505.45, Gwinnett County, Georgia",4690.0,3840.0,200.0,0.0,0.0,148.0,196.0,285.0,21.0,13,135,50545,3066.0,1409.0,0.6851396648044693,4475.0,331.0,84.0,214.0,436.0,597.0,220.0,215.0,161.0,0.0,50693
"Census Tract 505.46, Gwinnett County, Georgia",5648.0,5465.0,58.0,0.0,0.0,0.0,0.0,0.0,0.0,13,135,50546,4643.0,886.0,0.8397540242358473,5529.0,381.0,224.0,271.0,1314.0,351.0,200.0,119.0,88.0,0.0,50694
"Census Tract 505.49, Gwinnett County, Georgia",1689.0,1650.0,39.0,0.0,0.0,0.0,0.0,0.0,0.0,13,135,50549,1377.0,273.0,0.8345454545454546,1650.0,46.0,57.0,67.0,339.0,233.0,116.0,39.0,0.0,0.0,50697
"Census Tract 506.05, Gwinnett County, Georgia",4937.0,4395.0,42.0,0.0,29.0,181.0,65.0,25.0,96.0,13,135,50605,3731.0,1022.0,0.7849779086892489,4753.0,179.0,228.0,39.0,984.0,710.0,294.0,184.0,71.0,41.0,50753
"Census Tract 506.06, Gwinnett County, Georgia",7928.0,6306.0,750.0,0.0,42.0,190.0,178.0,68.0,394.0,13,135,50606,5438.0,2121.0,0.7194073290117741,7559.0,174.0,228.0,243.0,988.0,1018.0,1025.0,369.0,129.0,51.0,50754
"Census Tract 506.07, Gwinnett County, Georgia",5527.0,5478.0,49.0,0.0,0.0,0.0,0.0,0.0,0.0,13,135,50607,4318.0,1020.0,0.8089171974522293,5338.0,120.0,38.0,20.0,975.0,666.0,397.0,189.0,0.0,189.0,50755
"Census Tract 506.08, Gwinnett County, Georgia",6393.0,6227.0,0.0,0.0,96.0,0.0,0.0,0.0,14.0,13,135,50608,4964.0,1056.0,0.8245847176079735,6020.0,127.0,231.0,55.0,1193.0,976.0,324.0,373.0,0.0,124.0,50756
"Census Tract 506.09, Gwinnett County, Georgia",4497.0,4169.0,147.0,0.0,0.0,0.0,0.0,0.0,0.0,13,135,50609,3711.0,600.0,0.8608211551844119,4311.0,104.0,122.0,13.0,884.0,377.0,617.0,186.0,0.0,115.0,50757
"Census Tract 506.10, Gwinnett County, Georgia",5260.0,5260.0,0.0,0.0,0.0,0.0,0.0,0.0,0.0,13,135,50610,4438.0,636.0,0.8746551044540796,5074.0,132.0,57.0,101.0,868.0,738.0,1000.0,186.0,106.0,0.0,50758
"Census Tract 507.22, Gwinnett County, Georgia",1129.0,1102.0,5.0,2.0,0.0,0.0,0.0,0.0,0.0,13,135,50722,909.0,186.0,0.8301369863013699,1095.0,6.0,69.0,74.0,116.0,157.0,37.0,34.0,0.0,25.0,50870
"Census Tract 507.23, Gwinnett County, Georgia",2702.0,2651.0,20.0,0.0,0.0,0.0,0.0,0.0,31.0,13,135,50723,2238.0,321.0,0.8745603751465416,2559.0,135.0,48.0,6.0,290.0,485.0,142.0,143.0,0.0,68.0,50871
"Census Tract 507.24, Gwinnett County, Georgia",6150.0,5165.0,139.0,33.0,0.0,199.0,243.0,118.0,143.0,13,135,50724,4767.0,1301.0,0.785596572181938,6068.0,172.0,350.0,243.0,1321.0,785.0,241.0,82.0,0.0,0.0,50872
"Census Tract 507.25, Gwinnett County, Georgia",2018.0,1885.0,66.0,67.0,0.0,0.0,0.0,0.0,0.0,13,135,50725,1486.0,429.0,0.7759791122715405,1915.0,36.0,104.0,78.0,384.0,191.0,72.0,103.0,18.0,15.0,50873
"Census Tract 507.26, Gwinnett County, Georgia",3275.0,3261.0,0.0,0.0,0.0,0.0,0.0,0.0,0.0,13,135,50726,2773.0,396.0,0.8750394446197539,3169.0,99.0,80.0,141.0,391.0,273.0,218.0,106.0,37.0,0.0,50874
"Census Tract 507.27, Gwinnett County, Georgia",3515.0,3495.0,9.0,0.0,0.0,0.0,0.0,0.0,11.0,13,135,50727,3112.0,269.0,0.9204377403135168,3381.0,90.0,25.0,123.0,821.0,330.0,431.0,134.0,0.0,91.0,50875
"Census Tract 507.28, Gwinnett County, Georgia",5141.0,5018.0,26.0,20.0,0.0,0.0,0.0,0.0,0.0,13,135,50728,3849.0,833.0,0.8220845792396412,4682.0,151.0,166.0,244.0,1007.0,1275.0,320.0,459.0,0.0,203.0,50876
"Census Tract 507.29, Gwinnett County, Georgia",1281.0,834.0,0.0,59.0,9.0,242.0,77.0,60.0,0.0,13,135,50729,632.0,577.0,0.522746071133168,1209.0,32.0,32.0,0.0,248.0,88.0,10.0,72.0,57.0,5.0,50877
"Census Tract 507.30, Gwinnett County, Georgia",2403.0,2119.0,33.0,0.0,0.0,0.0,0.0,0.0,0.0,13,135,50730,1515.0,730.0,0.6748329621380846,2245.0,50.0,154.0,147.0,459.0,267.0,28.0,158.0,45.0,50.0,50878
"Census Tract 507.31, Gwinnett County, Georgia",3595.0,3519.0,55.0,0.0,0.0,0.0,0.0,0.0,0.0,13,135,50731,2785.0,492.0,0.8498626792798291,3277.0,36.0,175.0,109.0,336.0,508.0,0.0,318.0,0.0,204.0,50879
"Census Tract 502.14, Gwinnett County, Georgia",3436.0,2948.0,247.0,0.0,0.0,0.0,0.0,0.0,166.0,13,135,50214,2664.0,576.0,0.8222222222222222,3240.0,175.0,124.0,52.0,630.0,426.0,470.0,196.0,101.0,95.0,50362
"Census Tract 502.15, Gwinnett County, Georgia",1211.0,492.0,0.0,0.0,0.0,51.0,338.0,124.0,206.0,13,135,50215,270.0,879.0,0.2349869451697128,1149.0,39.0,55.0,87.0,121.0,153.0,38.0,62.0,33.0,18.0,50363
"Census Tract 502.16, Gwinnett County, Georgia",3805.0,2714.0,351.0,0.0,12.0,83.0,136.0,284.0,213.0,13,135,50216,2327.0,1003.0,0.6987987987987988,3330.0,213.0,141.0,319.0,390.0,428.0,462.0,475.0,152.0,85.0,50364
"Census Tract 502.17, Gwinnett County, Georgia",4075.0,2201.0,503.0,0.0,64.0,145.0,520.0,358.0,226.0,13,135,50217,2259.0,1260.0,0.6419437340153452,3519.0,124.0,270.0,93.0,327.0,359.0,670.0,556.0,413.0,57.0,50365
"Census Tract 502.18, Gwinnett County, Georgia",1358.0,1137.0,59.0,68.0,37.0,0.0,18.0,10.0,0.0,13,135,50218,896.0,418.0,0.6818873668188736,1314.0,9.0,78.0,26.0,242.0,121.0,88.0,44.0,18.0,0.0,50366
"Census Tract 502.19, Gwinnett County, Georgia",1461.0,767.0,268.0,67.0,61.0,86.0,81.0,83.0,35.0,13,135,50219,971.0,464.0,0.6766550522648084,1435.0,88.0,75.0,80.0,227.0,173.0,65.0,26.0,0.0,0.0,50367
"Census Tract 502.20, Gwinnett County, Georgia",3108.0,543.0,188.0,0.0,167.0,451.0,955.0,406.0,398.0,13,135,50220,824.0,2084.0,0.2833562585969739,2908.0,71.0,279.0,115.0,420.0,257.0,115.0,200.0,118.0,0.0,50368
"Census Tract 503.17, Gwinnett County, Georgia",2058.0,26.0,147.0,48.0,403.0,685.0,488.0,218.0,43.0,13,135,50317,121.0,1739.0,0.0650537634408602,1860.0,86.0,95.0,118.0,138.0,44.0,0.0,198.0,108.0,10.0,50465
"Census Tract 503.18, Gwinnett County, Georgia",1277.0,63.0,201.0,42.0,180.0,306.0,379.0,80.0,26.0,13,135,50318,236.0,953.0,0.1984861227922624,1189.0,16.0,73.0,120.0,108.0,30.0,0.0,88.0,88.0,0.0,50466
"Census Tract 503.20, Gwinnett County, Georgia",1807.0,974.0,41.0,55.0,8.0,224.0,360.0,120.0,25.0,13,135,50320,542.0,1118.0,0.3265060240963855,1660.0,40.0,150.0,82.0,216.0,105.0,0.0,147.0,59.0,10.0,50468
"Census Tract 503.19, Gwinnett County, Georgia",1964.0,618.0,569.0,175.0,201.0,215.0,103.0,20.0,63.0,13,135,50319,804.0,1120.0,0.4178794178794179,1924.0,135.0,210.0,127.0,276.0,129.0,36.0,40.0,17.0,0.0,50467
"Census Tract 503.08, Gwinnett County, Georgia",1314.0,1308.0,0.0,0.0,0.0,0.0,0.0,0.0,0.0,13,135,50308,1220.0,74.0,0.9428129829984544,1294.0,31.0,20.0,15.0,82.0,149.0,478.0,20.0,0.0,20.0,50456
"Census Tract 504.17, Gwinnett County, Georgia",2158.0,703.0,187.0,10.0,65.0,277.0,462.0,172.0,282.0,13,135,50417,461.0,1509.0,0.2340101522842639,1970.0,126.0,153.0,95.0,187.0,38.0,38.0,188.0,114.0,0.0,50565
"Census Tract 504.27, Gwinnett County, Georgia",2017.0,1915.0,0.0,28.0,4.0,0.0,0.0,0.0,70.0,13,135,50427,1669.0,313.0,0.8420787083753785,1982.0,34.0,26.0,60.0,488.0,195.0,121.0,35.0,0.0,0.0,50575
"Census Tract 507.13, Gwinnett County, Georgia",2435.0,2364.0,0.0,0.0,0.0,0.0,0.0,0.0,0.0,13,135,50713,2137.0,233.0,0.90168776371308,2370.0,46.0,15.0,39.0,418.0,339.0,420.0,65.0,0.0,65.0,50861
"Census Tract 507.19, Gwinnett County, Georgia",2032.0,1224.0,206.0,158.0,410.0,22.0,0.0,0.0,0.0,13,135,50719,993.0,907.0,0.5226315789473684,1900.0,94.0,149.0,133.0,306.0,149.0,30.0,132.0,72.0,40.0,50867
"Census Tract 501.03, Gwinnett County, Georgia",4012.0,3269.0,163.0,0.0,27.0,23.0,0.0,0.0,0.0,13,135,50103,2703.0,973.0,0.735310119695321,3676.0,134.0,105.0,76.0,713.0,553.0,168.0,336.0,121.0,106.0,50251
"Census Tract 503.13, Gwinnett County, Georgia",2850.0,2214.0,285.0,50.0,25.0,149.0,84.0,15.0,28.0,13,135,50313,1536.0,1215.0,0.5583424209378408,2751.0,339.0,85.0,121.0,293.0,283.0,109.0,99.0,0.0,0.0,50461
"Census Tract 504.16, Gwinnett County, Georgia",1250.0,969.0,12.0,0.0,9.0,17.0,0.0,0.0,0.0,13,135,50416,682.0,496.0,0.5789473684210527,1178.0,59.0,43.0,69.0,303.0,43.0,95.0,72.0,21.0,18.0,50564
"Census Tract 504.18, Gwinnett County, Georgia",2826.0,659.0,126.0,29.0,137.0,465.0,720.0,420.0,254.0,13,135,50418,616.0,1991.0,0.2362869198312236,2607.0,118.0,265.0,195.0,203.0,107.0,0.0,219.0,115.0,0.0,50566
"Census Tract 504.22, Gwinnett County, Georgia",2490.0,1160.0,286.0,259.0,149.0,169.0,305.0,110.0,52.0,13,135,50422,591.0,1771.0,0.2502116850127011,2362.0,104.0,307.0,170.0,203.0,16.0,0.0,128.0,60.0,0.0,50570
"Census Tract 504.24, Gwinnett County, Georgia",2587.0,1130.0,291.0,0.0,114.0,153.0,648.0,199.0,36.0,13,135,50424,866.0,1605.0,0.3504653986240388,2471.0,125.0,229.0,235.0,270.0,167.0,25.0,116.0,62.0,0.0,50572
"Census Tract 505.20, Gwinnett County, Georgia",2121.0,800.0,216.0,379.0,154.0,141.0,221.0,69.0,103.0,13,135,50520,651.0,1337.0,0.3274647887323944,1988.0,176.0,126.0,51.0,181.0,106.0,78.0,133.0,45.0,49.0,50668
"Census Tract 505.21, Gwinnett County, Georgia",2090.0,1242.0,122.0,416.0,76.0,77.0,97.0,0.0,51.0,13,135,50521,1111.0,886.0,0.556334501752629,1997.0,142.0,70.0,161.0,282.0,155.0,78.0,93.0,54.0,0.0,50669
"Census Tract 507.15, Gwinnett County, Georgia",1779.0,1745.0,0.0,0.0,0.0,0.0,0.0,0.0,0.0,13,135,50715,1475.0,274.0,0.8433390508862207,1749.0,83.0,41.0,35.0,264.0,246.0,114.0,30.0,1.0,0.0,50863
"Census Tract 503.10, Gwinnett County, Georgia",2790.0,904.0,1115.0,20.0,294.0,319.0,102.0,18.0,0.0,13,135,50310,1700.0,1038.0,0.620891161431702,2738.0,150.0,171.0,93.0,494.0,298.0,175.0,52.0,0.0,16.0,50458
"Census Tract 507.21, Gwinnett County, Georgia",2895.0,2855.0,0.0,21.0,0.0,0.0,19.0,0.0,0.0,13,135,50721,2159.0,557.0,0.7949189985272459,2716.0,122.0,45.0,79.0,644.0,264.0,120.0,179.0,0.0,37.0,50869
"Census Tract 503.11, Gwinnett County, Georgia",1135.0,847.0,250.0,8.0,0.0,13.0,0.0,0.0,0.0,13,135,50311,891.0,189.0,0.825,1080.0,16.0,0.0,25.0,165.0,234.0,115.0,55.0,0.0,0.0,50459
"Census Tract 504.19, Gwinnett County, Georgia",2579.0,1361.0,327.0,26.0,48.0,198.0,358.0,156.0,105.0,13,135,50419,1243.0,1062.0,0.5392624728850325,2305.0,145.0,57.0,170.0,306.0,88.0,27.0,274.0,128.0,46.0,50567
"Census Tract 503.09, Gwinnett County, Georgia",3734.0,2477.0,299.0,64.0,140.0,35.0,565.0,51.0,92.0,13,135,50309,2408.0,1168.0,0.6733780760626398,3576.0,102.0,81.0,107.0,288.0,400.0,657.0,158.0,70.0,21.0,50457
"Census Tract 504.30, Gwinnett County, Georgia",2082.0,1579.0,30.0,25.0,11.0,122.0,145.0,87.0,44.0,13,135,50430,1348.0,663.0,0.6703132769766286,2011.0,54.0,127.0,101.0,317.0,205.0,95.0,71.0,53.0,0.0,50578
"Census Tract 507.14, Gwinnett County, Georgia",2161.0,1766.0,81.0,19.0,22.0,93.0,138.0,34.0,0.0,13,135,50714,1625.0,439.0,0.7873062015503876,2064.0,89.0,88.0,101.0,342.0,239.0,222.0,97.0,0.0,46.0,50862
"Census Tract 507.18, Gwinnett County, Georgia",2756.0,2701.0,55.0,0.0,0.0,0.0,0.0,0.0,0.0,13,135,50718,2284.0,397.0,0.8519209250279747,2681.0,25.0,88.0,91.0,406.0,309.0,278.0,75.0,0.0,31.0,50866
"Census Tract 501.06, Gwinnett County, Georgia",4156.0,2397.0,333.0,69.0,14.0,143.0,226.0,136.0,501.0,13,135,50106,2504.0,1314.0,0.6558407543216344,3818.0,94.0,229.0,185.0,424.0,283.0,292.0,338.0,304.0,0.0,50254
"Census Tract 504.21, Gwinnett County, Georgia",2792.0,898.0,306.0,202.0,13.0,270.0,593.0,118.0,136.0,13,135,50421,848.0,1751.0,0.3262793382070026,2599.0,126.0,155.0,78.0,200.0,89.0,15.0,193.0,157.0,0.0,50569
"Census Tract 504.23, Gwinnett County, Georgia",2585.0,1495.0,297.0,0.0,153.0,172.0,379.0,89.0,0.0,13,135,50423,1173.0,1081.0,0.5204081632653061,2254.0,45.0,244.0,145.0,160.0,227.0,20.0,331.0,195.0,0.0,50571
"Census Tract 505.11, Gwinnett County, Georgia",4242.0,2171.0,549.0,0.0,69.0,178.0,383.0,249.0,376.0,13,135,50511,2192.0,1875.0,0.538972215392181,4067.0,204.0,91.0,195.0,789.0,354.0,367.0,175.0,156.0,19.0,50659
"Census Tract 501.07, Gwinnett County, Georgia",2648.0,2495.0,144.0,0.0,9.0,0.0,0.0,0.0,0.0,13,135,50107,2292.0,182.0,0.9264349232012936,2474.0,164.0,15.0,38.0,328.0,553.0,67.0,174.0,0.0,64.0,50255
"Census Tract 501.08, Gwinnett County, Georgia",3263.0,3229.0,0.0,0.0,0.0,0.0,0.0,0.0,0.0,13,135,50108,2900.0,252.0,0.9200507614213198,3152.0,120.0,0.0,17.0,522.0,332.0,711.0,111.0,0.0,64.0,50256
"Census Tract 501.09, Gwinnett County, Georgia",2594.0,2065.0,56.0,86.0,7.0,85.0,65.0,63.0,86.0,13,135,50109,1685.0,840.0,0.6673267326732674,2525.0,97.0,88.0,162.0,313.0,200.0,181.0,69.0,0.0,31.0,50257
"Census Tract 502.08, Gwinnett County, Georgia",2952.0,1125.0,656.0,102.0,0.0,68.0,250.0,352.0,399.0,13,135,50208,1486.0,1417.0,0.511884257664485,2903.0,84.0,88.0,64.0,391.0,368.0,138.0,49.0,49.0,0.0,50356
"Census Tract 502.09, Gwinnett County, Georgia",3516.0,2087.0,258.0,15.0,0.0,177.0,458.0,319.0,202.0,13,135,50209,1633.0,1677.0,0.4933534743202417,3310.0,172.0,226.0,136.0,378.0,173.0,116.0,206.0,44.0,0.0,50357
"Census Tract 502.10, Gwinnett County, Georgia",3492.0,1497.0,443.0,19.0,0.0,317.0,528.0,196.0,492.0,13,135,50210,1618.0,1626.0,0.4987669543773119,3244.0,148.0,229.0,51.0,492.0,555.0,166.0,248.0,87.0,54.0,50358
"Census Tract 502.11, Gwinnett County, Georgia",2166.0,439.0,223.0,53.0,19.0,474.0,489.0,162.0,295.0,13,135,50211,403.0,1586.0,0.2026143790849673,1989.0,163.0,180.0,104.0,294.0,136.0,45.0,177.0,137.0,0.0,50359
"Census Tract 502.12, Gwinnett County, Georgia",4162.0,3837.0,325.0,0.0,0.0,0.0,0.0,0.0,0.0,13,135,50212,4009.0,110.0,0.9732944889536296,4119.0,157.0,77.0,116.0,325.0,356.0,1175.0,43.0,12.0,0.0,50360
"Census Tract 502.13, Gwinnett County, Georgia",3949.0,3798.0,99.0,0.0,0.0,0.0,0.0,0.0,17.0,13,135,50213,3559.0,334.0,0.914204983303365,3893.0,123.0,76.0,70.0,590.0,697.0,531.0,56.0,56.0,0.0,50361
"Census Tract 503.21, Gwinnett County, Georgia",1646.0,1576.0,31.0,10.0,0.0,0.0,0.0,0.0,29.0,13,135,50321,1567.0,71.0,0.9566544566544568,1638.0,32.0,19.0,29.0,154.0,147.0,450.0,8.0,8.0,0.0,50469
"Census Tract 503.22, Gwinnett County, Georgia",1659.0,1634.0,13.0,0.0,0.0,0.0,0.0,0.0,0.0,13,135,50322,1539.0,71.0,0.9559006211180124,1610.0,54.0,15.0,0.0,143.0,232.0,474.0,49.0,0.0,9.0,50470
"Census Tract 504.31, Gwinnett County, Georgia",3146.0,1141.0,99.0,188.0,55.0,274.0,776.0,382.0,50.0,13,135,50431,1144.0,1853.0,0.381715048381715,2997.0,263.0,164.0,90.0,173.0,294.0,114.0,149.0,103.0,14.0,50579
"Census Tract 504.32, Gwinnett County, Georgia",2049.0,1818.0,201.0,0.0,9.0,14.0,0.0,0.0,0.0,13,135,50432,1413.0,524.0,0.729478575116159,1937.0,42.0,115.0,105.0,397.0,103.0,82.0,112.0,0.0,0.0,50580
"Census Tract 504.33, Gwinnett County, Georgia",1076.0,447.0,19.0,34.0,24.0,186.0,181.0,142.0,43.0,13,135,50433,307.0,636.0,0.3255567338282078,943.0,41.0,77.0,80.0,114.0,59.0,15.0,133.0,54.0,0.0,50581
"Census Tract 504.34, Gwinnett County, Georgia",2850.0,788.0,220.0,48.0,387.0,508.0,407.0,267.0,211.0,13,135,50434,655.0,1980.0,0.2485768500948766,2635.0,139.0,112.0,129.0,155.0,167.0,0.0,215.0,147.0,0.0,50582
"Census Tract 504.35, Gwinnett County, Georgia",1157.0,741.0,86.0,0.0,24.0,83.0,72.0,22.0,104.0,13,135,50435,560.0,546.0,0.5063291139240507,1106.0,87.0,60.0,84.0,117.0,85.0,56.0,51.0,0.0,0.0,50583
"Census Tract 504.36, Gwinnett County, Georgia",2797.0,1664.0,23.0,114.0,16.0,243.0,249.0,97.0,187.0,13,135,50436,1267.0,1454.0,0.4656376332230797,2721.0,334.0,91.0,146.0,462.0,123.0,27.0,76.0,0.0,0.0,50584
"Census Tract 505.25, Gwinnett County, Georgia",2803.0,2551.0,190.0,0.0,0.0,44.0,0.0,0.0,0.0,13,135,50525,2415.0,326.0,0.8810653046333455,2741.0,70.0,184.0,106.0,560.0,303.0,250.0,62.0,0.0,0.0,50673
"Census Tract 505.26, Gwinnett County, Georgia",1899.0,709.0,154.0,6.0,50.0,270.0,476.0,181.0,24.0,13,135,50526,658.0,1076.0,0.3794694348327566,1734.0,198.0,98.0,146.0,103.0,98.0,46.0,165.0,105.0,0.0,50674
"Census Tract 505.27, Gwinnett County, Georgia",1914.0,1851.0,42.0,0.0,0.0,0.0,0.0,0.0,0.0,13,135,50527,1711.0,203.0,0.8939393939393939,1914.0,29.0,115.0,46.0,374.0,221.0,231.0,0.0,0.0,0.0,50675
"Census Tract 505.23, Gwinnett County, Georgia",3080.0,1034.0,288.0,0.0,56.0,208.0,536.0,299.0,511.0,13,135,50523,948.0,1897.0,0.3332161687170474,2845.0,96.0,89.0,113.0,426.0,162.0,104.0,235.0,188.0,0.0,50671
"Census Tract 505.24, Gwinnett County, Georgia",2184.0,1174.0,346.0,30.0,28.0,252.0,165.0,47.0,135.0,13,135,50524,950.0,1033.0,0.4790721129601614,1983.0,88.0,80.0,137.0,243.0,86.0,44.0,201.0,150.0,25.0,50672
"Census Tract 505.28, Gwinnett County, Georgia",1649.0,1640.0,9.0,0.0,0.0,0.0,0.0,0.0,0.0,13,135,50528,1486.0,99.0,0.937539432176656,1585.0,28.0,58.0,58.0,276.0,213.0,91.0,64.0,0.0,36.0,50676
"Census Tract 505.29, Gwinnett County, Georgia",1450.0,1085.0,248.0,100.0,0.0,17.0,0.0,0.0,0.0,13,135,50529,968.0,482.0,0.6675862068965517,1450.0,60.0,62.0,143.0,255.0,21.0,55.0,0.0,0.0,0.0,50677
"Census Tract 505.30, Gwinnett County, Georgia",1994.0,1600.0,360.0,11.0,0.0,11.0,0.0,0.0,0.0,13,135,50530,1700.0,260.0,0.8673469387755102,1960.0,93.0,75.0,43.0,354.0,268.0,214.0,34.0,34.0,0.0,50678
"Census Tract 505.31, Gwinnett County, Georgia",2558.0,2134.0,157.0,0.0,0.0,95.0,93.0,55.0,24.0,13,135,50531,1726.0,805.0,0.6819438956934019,2531.0,54.0,137.0,106.0,357.0,318.0,166.0,27.0,27.0,0.0,50679
"Census Tract 505.32, Gwinnett County, Georgia",2923.0,2210.0,461.0,48.0,30.0,33.0,111.0,13.0,17.0,13,135,50532,1987.0,726.0,0.7323995576852194,2713.0,43.0,264.0,82.0,463.0,221.0,54.0,210.0,48.0,39.0,50680
"Census Tract 505.33, Gwinnett County, Georgia",2527.0,2122.0,215.0,190.0,0.0,0.0,0.0,0.0,0.0,13,135,50533,1648.0,808.0,0.6710097719869706,2456.0,83.0,144.0,46.0,269.0,134.0,64.0,71.0,71.0,0.0,50681
"Census Tract 505.34, Gwinnett County, Georgia",2722.0,1803.0,150.0,0.0,14.0,130.0,312.0,190.0,79.0,13,135,50534,1489.0,1189.0,0.5560119492158327,2678.0,118.0,46.0,282.0,423.0,354.0,31.0,44.0,0.0,44.0,50682
"Census Tract 505.22, Gwinnett County, Georgia",1875.0,954.0,165.0,295.0,37.0,70.0,119.0,43.0,192.0,13,135,50522,768.0,1016.0,0.4304932735426009,1784.0,290.0,201.0,19.0,196.0,146.0,89.0,91.0,47.0,44.0,50670
"Census Tract 507.20, Gwinnett County, Georgia",2437.0,2398.0,15.0,0.0,0.0,0.0,0.0,0.0,24.0,13,135,50720,1991.0,338.0,0.8548733361957922,2329.0,115.0,111.0,159.0,316.0,159.0,323.0,108.0,0.0,45.0,50868
"Census Tract 503.04, Gwinnett County, Georgia",2457.0,689.0,141.0,110.0,148.0,331.0,574.0,216.0,239.0,13,135,50304,480.0,1709.0,0.2192782092279579,2189.0,91.0,196.0,235.0,137.0,224.0,8.0,268.0,154.0,27.0,50452
"Census Tract 503.06, Gwinnett County, Georgia",1120.0,817.0,26.0,0.0,33.0,78.0,0.0,16.0,104.0,13,135,50306,403.0,601.0,0.4013944223107569,1004.0,20.0,80.0,110.0,166.0,43.0,9.0,116.0,0.0,23.0,50454
"Census Tract 504.26, Gwinnett County, Georgia",2378.0,2354.0,0.0,0.0,0.0,0.0,0.0,0.0,0.0,13,135,50426,2119.0,192.0,0.9169190826482042,2311.0,69.0,99.0,112.0,545.0,206.0,100.0,67.0,0.0,0.0,50574
"Census Tract 507.12, Gwinnett County, Georgia",2544.0,2424.0,33.0,0.0,0.0,0.0,0.0,0.0,87.0,13,135,50712,2151.0,316.0,0.8719092014592622,2467.0,194.0,46.0,90.0,338.0,197.0,410.0,77.0,0.0,77.0,50860
"Census Tract 504.10, Gwinnett County, Georgia",1952.0,1278.0,15.0,117.0,177.0,98.0,159.0,66.0,9.0,13,135,50410,837.0,913.0,0.4782857142857142,1750.0,134.0,112.0,75.0,154.0,146.0,27.0,202.0,26.0,28.0,50558
"Census Tract 504.28, Gwinnett County, Georgia",2005.0,1975.0,13.0,0.0,0.0,0.0,0.0,0.0,0.0,13,135,50428,1787.0,166.0,0.9150025601638504,1953.0,58.0,44.0,85.0,343.0,210.0,191.0,52.0,0.0,0.0,50576
"Census Tract 403.02, Clayton County, Georgia",2213.0,1310.0,47.0,77.0,237.0,366.0,130.0,34.0,0.0,13,63,40302,671.0,1280.0,0.3439261916965658,1951.0,117.0,185.0,91.0,61.0,44.0,10.0,262.0,91.0,0.0,40378
"Census Tract 403.03, Clayton County, Georgia",2726.0,1678.0,146.0,187.0,193.0,260.0,184.0,0.0,21.0,13,63,40303,1179.0,1238.0,0.4877947869259412,2417.0,222.0,126.0,108.0,143.0,76.0,0.0,309.0,96.0,0.0,40379
"Census Tract 405.10, Clayton County, Georgia",1520.0,892.0,0.0,0.0,12.0,285.0,286.0,37.0,0.0,13,63,40510,531.0,739.0,0.4181102362204724,1270.0,163.0,99.0,40.0,157.0,53.0,35.0,250.0,225.0,0.0,40586
"Census Tract 405.16, Clayton County, Georgia",2465.0,2045.0,174.0,0.0,7.0,142.0,97.0,0.0,0.0,13,63,40516,1116.0,965.0,0.5362806343104277,2081.0,142.0,153.0,89.0,317.0,100.0,68.0,384.0,92.0,197.0,40592
"Census Tract 406.14, Clayton County, Georgia",1991.0,1793.0,0.0,0.0,21.0,0.0,0.0,16.0,153.0,13,63,40614,1518.0,276.0,0.8461538461538461,1794.0,30.0,31.0,59.0,157.0,281.0,236.0,197.0,126.0,45.0,40690
"Census Tract 402.02, Clayton County, Georgia",1036.0,509.0,81.0,38.0,5.0,66.0,183.0,151.0,3.0,13,63,40202,287.0,617.0,0.3174778761061947,904.0,70.0,94.0,77.0,78.0,27.0,0.0,132.0,132.0,0.0,40278
"Census Tract 404.13, Clayton County, Georgia",2708.0,2112.0,222.0,42.0,0.0,0.0,95.0,0.0,0.0,13,63,40413,1484.0,934.0,0.6137303556658396,2418.0,160.0,202.0,103.0,371.0,148.0,73.0,290.0,33.0,25.0,40489
"Census Tract 404.11, Clayton County, Georgia",4808.0,4634.0,81.0,0.0,0.0,0.0,0.0,0.0,0.0,13,63,40411,3642.0,715.0,0.8358962588937342,4357.0,111.0,413.0,243.0,421.0,412.0,146.0,451.0,0.0,0.0,40487
"Census Tract 404.12, Clayton County, Georgia",3401.0,1342.0,356.0,0.0,120.0,868.0,464.0,153.0,98.0,13,63,40412,1056.0,1908.0,0.3562753036437247,2964.0,269.0,125.0,61.0,388.0,196.0,0.0,437.0,213.0,0.0,40488
"Census Tract 405.14, Clayton County, Georgia",2894.0,1428.0,302.0,76.0,55.0,241.0,206.0,216.0,18.0,13,63,40514,1111.0,1505.0,0.4246941896024465,2616.0,227.0,161.0,383.0,391.0,219.0,0.0,278.0,242.0,0.0,40590
"Census Tract 405.12, Clayton County, Georgia",2189.0,1391.0,61.0,33.0,183.0,284.0,70.0,142.0,25.0,13,63,40512,943.0,1062.0,0.4703241895261845,2005.0,86.0,220.0,33.0,185.0,121.0,13.0,184.0,109.0,0.0,40588
"Census Tract 406.13, Clayton County, Georgia",3001.0,2738.0,27.0,21.0,107.0,35.0,53.0,6.0,0.0,13,63,40613,2090.0,656.0,0.7611070648215587,2746.0,193.0,116.0,58.0,308.0,570.0,61.0,255.0,118.0,0.0,40689
"Census Tract 405.15, Clayton County, Georgia",2929.0,1458.0,477.0,10.0,100.0,254.0,576.0,43.0,11.0,13,63,40515,1084.0,1629.0,0.3995576852193144,2713.0,235.0,190.0,193.0,285.0,97.0,0.0,216.0,99.0,0.0,40591
"Census Tract 406.11, Clayton County, Georgia",2675.0,1036.0,48.0,22.0,131.0,288.0,497.0,107.0,128.0,13,63,40611,563.0,1631.0,0.2566089334548769,2194.0,110.0,184.0,129.0,248.0,106.0,0.0,481.0,381.0,36.0,40687
"Census Tract 403.08, Clayton County, Georgia",1925.0,1186.0,96.0,11.0,29.0,165.0,91.0,147.0,171.0,13,63,40308,481.0,1174.0,0.2906344410876132,1655.0,97.0,107.0,76.0,143.0,24.0,0.0,270.0,127.0,23.0,40384
"Census Tract 406.12, Clayton County, Georgia",2247.0,1522.0,132.0,73.0,76.0,325.0,63.0,10.0,38.0,13,63,40612,775.0,1238.0,0.3849975161450571,2013.0,317.0,141.0,72.0,156.0,143.0,18.0,234.0,113.0,23.0,40688
"Census Tract 404.09, Clayton County, Georgia",2102.0,1755.0,52.0,32.0,103.0,118.0,16.0,0.0,0.0,13,63,40409,1089.0,775.0,0.5842274678111588,1864.0,88.0,156.0,247.0,331.0,112.0,10.0,238.0,104.0,0.0,40485
"Census Tract 404.10, Clayton County, Georgia",2639.0,2064.0,22.0,52.0,133.0,140.0,37.0,0.0,0.0,13,63,40410,1554.0,792.0,0.6624040920716112,2346.0,106.0,202.0,216.0,451.0,217.0,0.0,293.0,33.0,30.0,40486
"Census Tract 405.09, Clayton County, Georgia",1808.0,1424.0,279.0,21.0,41.0,33.0,0.0,0.0,0.0,13,63,40509,1165.0,461.0,0.7164821648216482,1626.0,68.0,60.0,74.0,219.0,93.0,38.0,182.0,68.0,46.0,40585
"Census Tract 404.07, Clayton County, Georgia",1426.0,1259.0,80.0,0.0,0.0,70.0,0.0,0.0,0.0,13,63,40407,805.0,445.0,0.644,1250.0,87.0,32.0,40.0,115.0,51.0,2.0,176.0,5.0,27.0,40483
"Census Tract 405.18, Clayton County, Georgia",1882.0,1430.0,13.0,75.0,26.0,137.0,121.0,20.0,20.0,13,63,40518,695.0,1002.0,0.4095462581025338,1697.0,116.0,72.0,129.0,183.0,59.0,0.0,185.0,145.0,40.0,40594
"Census Tract 406.06, Clayton County, Georgia",1231.0,707.0,117.0,0.0,29.0,0.0,25.0,0.0,0.0,13,63,40606,775.0,227.0,0.7734530938123753,1002.0,22.0,91.0,52.0,101.0,53.0,7.0,229.0,0.0,62.0,40682
"Census Tract 406.08, Clayton County, Georgia",4517.0,4005.0,215.0,0.0,55.0,0.0,46.0,164.0,32.0,13,63,40608,3339.0,834.0,0.8001437814521927,4173.0,183.0,169.0,99.0,693.0,464.0,132.0,344.0,33.0,26.0,40684
"Census Tract 406.09, Clayton County, Georgia",2541.0,1730.0,103.0,160.0,38.0,98.0,197.0,94.0,79.0,13,63,40609,1440.0,721.0,0.6663581675150393,2161.0,87.0,106.0,289.0,329.0,160.0,43.0,380.0,194.0,45.0,40685
"Census Tract 405.13, Clayton County, Georgia",1758.0,1758.0,0.0,0.0,0.0,0.0,0.0,0.0,0.0,13,63,40513,1189.0,431.0,0.7339506172839506,1620.0,93.0,142.0,48.0,333.0,134.0,24.0,138.0,0.0,0.0,40589
"Census Tract 404.08, Clayton County, Georgia",2733.0,1487.0,68.0,17.0,339.0,482.0,125.0,193.0,7.0,13,63,40408,1023.0,1211.0,0.4579230080572963,2234.0,188.0,200.0,177.0,466.0,95.0,43.0,499.0,186.0,67.0,40484
"Census Tract 402.03, Clayton County, Georgia",1827.0,815.0,241.0,56.0,105.0,486.0,72.0,11.0,30.0,13,63,40203,506.0,1063.0,0.3224984066284257,1569.0,150.0,78.0,110.0,132.0,76.0,14.0,258.0,258.0,0.0,40279
"Census Tract 402.04, Clayton County, Georgia",2113.0,748.0,66.0,33.0,156.0,402.0,135.0,474.0,65.0,13,63,40204,439.0,1465.0,0.2305672268907563,1904.0,134.0,70.0,178.0,210.0,171.0,12.0,209.0,179.0,0.0,40280
"Census Tract 403.06, Clayton County, Georgia",1592.0,216.0,8.0,27.0,193.0,655.0,245.0,84.0,78.0,13,63,40306,85.0,1284.0,0.0620891161431702,1369.0,231.0,0.0,151.0,128.0,0.0,14.0,223.0,142.0,0.0,40382
"Census Tract 403.07, Clayton County, Georgia",1680.0,1530.0,14.0,0.0,46.0,18.0,62.0,0.0,0.0,13,63,40307,852.0,611.0,0.582365003417635,1463.0,75.0,167.0,15.0,104.0,118.0,0.0,217.0,53.0,0.0,40383
"Census Tract 404.14, Clayton County, Georgia",668.0,465.0,0.0,0.0,0.0,22.0,66.0,105.0,10.0,13,63,40414,226.0,366.0,0.3817567567567567,592.0,35.0,26.0,57.0,47.0,51.0,5.0,76.0,22.0,0.0,40490
"Census Tract 404.15, Clayton County, Georgia",2742.0,675.0,56.0,101.0,133.0,887.0,572.0,202.0,16.0,13,63,40415,320.0,2023.0,0.1365770379854887,2343.0,258.0,148.0,90.0,94.0,47.0,40.0,399.0,320.0,0.0,40491
"Census Tract 404.16, Clayton County, Georgia",1200.0,906.0,134.0,0.0,0.0,153.0,0.0,0.0,0.0,13,63,40416,578.0,512.0,0.5302752293577981,1090.0,38.0,54.0,36.0,150.0,102.0,14.0,110.0,54.0,0.0,40492
"Census Tract 404.17, Clayton County, Georgia",2291.0,458.0,323.0,28.0,249.0,799.0,234.0,90.0,80.0,13,63,40417,315.0,1642.0,0.1609606540623403,1957.0,176.0,175.0,157.0,130.0,61.0,3.0,334.0,249.0,17.0,40493
"Census Tract 405.19, Clayton County, Georgia",2489.0,54.0,41.0,39.0,319.0,953.0,726.0,238.0,119.0,13,63,40519,0.0,2369.0,0.0,2369.0,184.0,291.0,176.0,71.0,38.0,0.0,120.0,120.0,0.0,40595
"Census Tract 405.20, Clayton County, Georgia",2050.0,356.0,194.0,68.0,42.0,667.0,493.0,120.0,100.0,13,63,40520,279.0,1560.0,0.1517128874388254,1839.0,176.0,131.0,164.0,124.0,57.0,0.0,211.0,211.0,0.0,40596
"Census Tract 405.21, Clayton County, Georgia",1223.0,908.0,139.0,0.0,13.0,124.0,30.0,9.0,0.0,13,63,40521,530.0,552.0,0.4898336414048059,1082.0,123.0,73.0,33.0,99.0,74.0,18.0,141.0,24.0,66.0,40597
"Census Tract 405.22, Clayton County, Georgia",2064.0,1043.0,144.0,98.0,94.0,359.0,111.0,120.0,75.0,13,63,40522,631.0,1176.0,0.3491975650249032,1807.0,234.0,132.0,91.0,184.0,84.0,9.0,257.0,249.0,0.0,40598
"Census Tract 405.23, Clayton County, Georgia",1163.0,729.0,43.0,32.0,78.0,111.0,115.0,22.0,33.0,13,63,40523,523.0,569.0,0.4789377289377289,1092.0,102.0,136.0,71.0,93.0,58.0,0.0,71.0,50.0,0.0,40599
"Census Tract 405.24, Clayton County, Georgia",2823.0,1777.0,124.0,15.0,188.0,302.0,301.0,107.0,0.0,13,63,40524,1173.0,1504.0,0.4381770638774748,2677.0,163.0,81.0,110.0,349.0,164.0,42.0,146.0,146.0,0.0,40600
"Census Tract 405.25, Clayton County, Georgia",1104.0,990.0,45.0,0.0,22.0,15.0,18.0,0.0,6.0,13,63,40525,703.0,343.0,0.6720841300191205,1046.0,96.0,90.0,120.0,115.0,78.0,30.0,58.0,37.0,0.0,40601
"Census Tract 405.26, Clayton County, Georgia",2505.0,2160.0,69.0,11.0,73.0,68.0,124.0,0.0,0.0,13,63,40526,1258.0,1066.0,0.5413080895008606,2324.0,129.0,44.0,58.0,570.0,68.0,22.0,181.0,108.0,43.0,40602
"Census Tract 406.15, Clayton County, Georgia",690.0,680.0,0.0,0.0,0.0,0.0,0.0,0.0,10.0,13,63,40615,446.0,183.0,0.7090620031796503,629.0,19.0,36.0,29.0,83.0,46.0,34.0,61.0,19.0,0.0,40691
"Census Tract 406.16, Clayton County, Georgia",3422.0,1245.0,0.0,18.0,102.0,617.0,802.0,470.0,168.0,13,63,40616,784.0,2232.0,0.259946949602122,3016.0,148.0,151.0,247.0,470.0,164.0,0.0,406.0,207.0,0.0,40692
"Census Tract 406.17, Clayton County, Georgia",436.0,5.0,12.0,0.0,0.0,0.0,0.0,0.0,0.0,13,63,40617,181.0,173.0,0.5112994350282486,354.0,33.0,42.0,18.0,3.0,13.0,0.0,82.0,33.0,10.0,40693
"Census Tract 406.19, Clayton County, Georgia",844.0,829.0,0.0,0.0,0.0,9.0,0.0,0.0,0.0,13,63,40619,557.0,203.0,0.7328947368421053,760.0,16.0,24.0,9.0,117.0,84.0,37.0,84.0,5.0,0.0,40695
"Census Tract 406.20, Clayton County, Georgia",1459.0,1459.0,0.0,0.0,0.0,0.0,0.0,0.0,0.0,13,63,40620,1156.0,198.0,0.8537666174298375,1354.0,37.0,40.0,38.0,256.0,239.0,49.0,105.0,39.0,0.0,40696
"Census Tract 406.21, Clayton County, Georgia",3339.0,3091.0,29.0,0.0,0.0,0.0,0.0,161.0,58.0,13,63,40621,2199.0,1075.0,0.6716554673182651,3274.0,184.0,285.0,104.0,568.0,516.0,42.0,65.0,17.0,48.0,40697
"Census Tract 406.22, Clayton County, Georgia",2504.0,1715.0,37.0,0.0,0.0,0.0,0.0,0.0,0.0,13,63,40622,1332.0,966.0,0.5796344647519582,2298.0,197.0,120.0,132.0,461.0,119.0,0.0,206.0,88.0,55.0,40698
"Census Tract 9800, Clayton County, Georgia",0.0,0.0,0.0,0.0,0.0,0.0,0.0,0.0,0.0,13,63,980000,0.0,0.0,,0.0,0.0,0.0,0.0,0.0,0.0,0.0,0.0,0.0,0.0,980076
"Census Tract 701.07, Henry County, Georgia",2526.0,2475.0,30.0,0.0,0.0,21.0,0.0,0.0,0.0,13,151,70107,1871.0,531.0,0.7789342214820982,2402.0,129.0,20.0,149.0,370.0,299.0,218.0,124.0,8.0,0.0,70271
"Census Tract 701.08, Henry County, Georgia",1985.0,1664.0,30.0,99.0,0.0,0.0,0.0,0.0,0.0,13,151,70108,1201.0,633.0,0.6548527808069793,1834.0,69.0,34.0,133.0,352.0,201.0,25.0,151.0,8.0,37.0,70272
"Census Tract 701.09, Henry County, Georgia",1285.0,1285.0,0.0,0.0,0.0,0.0,0.0,0.0,0.0,13,151,70109,1002.0,258.0,0.7952380952380952,1260.0,50.0,54.0,63.0,130.0,141.0,89.0,25.0,0.0,0.0,70273
"Census Tract 701.10, Henry County, Georgia",2777.0,2654.0,19.0,0.0,19.0,0.0,67.0,0.0,0.0,13,151,70110,2156.0,523.0,0.8047779022023143,2679.0,174.0,169.0,100.0,519.0,353.0,124.0,98.0,0.0,0.0,70274
"Census Tract 701.11, Henry County, Georgia",3573.0,2943.0,0.0,23.0,122.0,46.0,133.0,253.0,37.0,13,151,70111,1529.0,1676.0,0.4770670826833073,3205.0,112.0,232.0,163.0,683.0,183.0,16.0,368.0,125.0,0.0,70275
"Census Tract 701.13, Henry County, Georgia",1709.0,1208.0,88.0,0.0,11.0,35.0,7.0,0.0,0.0,13,151,70113,961.0,616.0,0.6093849080532657,1577.0,92.0,106.0,45.0,81.0,123.0,13.0,132.0,43.0,15.0,70277
"Census Tract 702.04, Henry County, Georgia",1683.0,1543.0,19.0,0.0,0.0,0.0,10.0,0.0,0.0,13,151,70204,1485.0,102.0,0.9357277882797732,1587.0,83.0,63.0,9.0,366.0,255.0,151.0,96.0,23.0,0.0,70368
"Census Tract 703.07, Henry County, Georgia",1639.0,1490.0,109.0,0.0,19.0,15.0,0.0,0.0,6.0,13,151,70307,1154.0,295.0,0.7964113181504486,1449.0,39.0,34.0,0.0,271.0,187.0,59.0,190.0,69.0,27.0,70471
"Census Tract 703.10, Henry County, Georgia",1850.0,1677.0,72.0,0.0,8.0,93.0,0.0,0.0,0.0,13,151,70310,1293.0,425.0,0.7526193247962747,1718.0,11.0,78.0,107.0,316.0,317.0,65.0,132.0,17.0,0.0,70474
"Census Tract 703.11, Henry County, Georgia",4778.0,1733.0,516.0,111.0,513.0,724.0,272.0,600.0,79.0,13,151,70311,1294.0,3078.0,0.2959743824336688,4372.0,39.0,355.0,453.0,624.0,166.0,57.0,406.0,160.0,0.0,70475
"Census Tract 704.03, Henry County, Georgia",4032.0,3641.0,13.0,0.0,0.0,0.0,0.0,0.0,0.0,13,151,70403,3026.0,739.0,0.8037184594953519,3765.0,287.0,149.0,255.0,516.0,363.0,98.0,267.0,21.0,86.0,70567
"Census Tract 704.04, Henry County, Georgia",3383.0,2619.0,82.0,22.0,0.0,52.0,35.0,260.0,154.0,13,151,70404,2112.0,1082.0,0.6612398246712586,3194.0,123.0,127.0,146.0,564.0,240.0,92.0,189.0,0.0,32.0,70568
"Census Tract 705.01, Henry County, Georgia",2483.0,1916.0,0.0,30.0,11.0,0.0,0.0,0.0,21.0,13,151,70501,1688.0,622.0,0.7307359307359307,2310.0,33.0,162.0,192.0,398.0,175.0,54.0,173.0,40.0,0.0,70665
"Census Tract 701.14, Henry County, Georgia",2656.0,804.0,0.0,17.0,69.0,306.0,476.0,726.0,194.0,13,151,70114,514.0,1820.0,0.2202227934875749,2334.0,113.0,165.0,49.0,327.0,212.0,62.0,322.0,232.0,0.0,70278
"Census Tract 703.04, Henry County, Georgia",4139.0,2705.0,151.0,154.0,93.0,212.0,112.0,668.0,32.0,13,151,70304,1894.0,1912.0,0.4976353126642144,3806.0,234.0,255.0,308.0,370.0,274.0,84.0,333.0,261.0,0.0,70468
"Census Tract 701.06, Henry County, Georgia",2229.0,1991.0,11.0,0.0,8.0,0.0,0.0,0.0,0.0,13,151,70106,1453.0,588.0,0.7119059284664381,2041.0,127.0,106.0,81.0,307.0,206.0,45.0,188.0,18.0,70.0,70270
"Census Tract 703.06, Henry County, Georgia",4134.0,3001.0,33.0,0.0,73.0,205.0,340.0,329.0,153.0,13,151,70306,2640.0,1445.0,0.6462668298653611,4085.0,244.0,153.0,154.0,609.0,446.0,222.0,49.0,0.0,0.0,70470
"Census Tract 702.03, Henry County, Georgia",5582.0,5479.0,11.0,0.0,0.0,0.0,0.0,0.0,45.0,13,151,70203,4673.0,681.0,0.8728053791557714,5354.0,15.0,137.0,39.0,865.0,932.0,676.0,228.0,0.0,31.0,70367
"Census Tract 703.05, Henry County, Georgia",3569.0,3432.0,6.0,0.0,0.0,0.0,85.0,0.0,0.0,13,151,70305,2841.0,304.0,0.9033386327503976,3145.0,32.0,37.0,67.0,674.0,693.0,180.0,424.0,151.0,81.0,70469
"Census Tract 704.02, Henry County, Georgia",4233.0,4216.0,17.0,0.0,0.0,0.0,0.0,0.0,0.0,13,151,70402,3382.0,564.0,0.8570704510897111,3946.0,88.0,148.0,173.0,923.0,624.0,123.0,287.0,0.0,43.0,70566
"Census Tract 701.04, Henry County, Georgia",5082.0,3983.0,59.0,30.0,237.0,34.0,394.0,345.0,0.0,13,151,70104,3367.0,1437.0,0.7008742714404663,4804.0,214.0,0.0,316.0,685.0,554.0,172.0,278.0,0.0,0.0,70268
"Census Tract 702.02, Henry County, Georgia",3917.0,3917.0,0.0,0.0,0.0,0.0,0.0,0.0,0.0,13,151,70202,3396.0,432.0,0.8871473354231975,3828.0,31.0,44.0,89.0,550.0,460.0,409.0,89.0,0.0,38.0,70366
"Census Tract 702.05, Henry County, Georgia",4150.0,3200.0,0.0,0.0,17.0,107.0,253.0,222.0,90.0,13,151,70205,2532.0,1319.0,0.6574915606336017,3851.0,104.0,226.0,58.0,553.0,575.0,235.0,299.0,181.0,0.0,70369
"Census Tract 703.09, Henry County, Georgia",2621.0,2592.0,15.0,0.0,0.0,0.0,0.0,0.0,0.0,13,151,70309,2195.0,379.0,0.8527583527583528,2574.0,76.0,41.0,48.0,421.0,528.0,411.0,47.0,0.0,0.0,70473
"Census Tract 705.02, Henry County, Georgia",5413.0,4997.0,83.0,101.0,21.0,55.0,60.0,66.0,0.0,13,151,70502,3802.0,1062.0,0.7816611842105263,4864.0,174.0,46.0,194.0,1295.0,305.0,250.0,549.0,66.0,141.0,70666
"Census Tract 1206.05, Paulding County, Georgia",2042.0,1850.0,0.0,54.0,0.0,0.0,0.0,0.0,0.0,13,223,120605,1683.0,272.0,0.8608695652173913,1955.0,91.0,81.0,105.0,391.0,314.0,18.0,87.0,0.0,24.0,120841
"Census Tract 1201.01, Paulding County, Georgia",4911.0,4897.0,14.0,0.0,0.0,0.0,0.0,0.0,0.0,13,223,120101,3999.0,812.0,0.8312201205570567,4811.0,138.0,193.0,21.0,501.0,637.0,654.0,100.0,0.0,66.0,120337
"Census Tract 1201.02, Paulding County, Georgia",4351.0,4222.0,0.0,0.0,0.0,0.0,0.0,0.0,0.0,13,223,120102,3665.0,590.0,0.8613396004700352,4255.0,137.0,70.0,185.0,702.0,708.0,155.0,96.0,0.0,51.0,120338
"Census Tract 1201.03, Paulding County, Georgia",3853.0,3661.0,20.0,0.0,0.0,0.0,0.0,0.0,0.0,13,223,120103,3230.0,589.0,0.845771144278607,3819.0,59.0,125.0,157.0,537.0,433.0,290.0,34.0,0.0,0.0,120339
"Census Tract 1201.04, Paulding County, Georgia",1098.0,1048.0,7.0,0.0,9.0,10.0,2.0,0.0,0.0,13,223,120104,936.0,80.0,0.9212598425196852,1016.0,37.0,40.0,39.0,209.0,88.0,20.0,82.0,0.0,18.0,120340
"Census Tract 1202.03, Paulding County, Georgia",1922.0,1801.0,18.0,50.0,0.0,0.0,0.0,0.0,0.0,13,223,120203,1465.0,333.0,0.8147942157953282,1798.0,54.0,65.0,29.0,298.0,298.0,72.0,124.0,0.0,0.0,120439
"Census Tract 1202.04, Paulding County, Georgia",2843.0,2363.0,25.0,70.0,246.0,76.0,42.0,0.0,21.0,13,223,120204,1770.0,1053.0,0.6269925611052072,2823.0,119.0,115.0,130.0,480.0,403.0,77.0,20.0,0.0,0.0,120440
"Census Tract 1203.01, Paulding County, Georgia",2614.0,2045.0,23.0,65.0,38.0,28.0,45.0,217.0,89.0,13,223,120301,1488.0,882.0,0.6278481012658228,2370.0,62.0,100.0,181.0,272.0,262.0,33.0,244.0,35.0,33.0,120537
"Census Tract 1203.02, Paulding County, Georgia",5202.0,3884.0,113.0,95.0,18.0,500.0,156.0,67.0,43.0,13,223,120302,2702.0,2055.0,0.5680050451965525,4757.0,469.0,389.0,370.0,271.0,450.0,24.0,445.0,166.0,37.0,120538
"Census Tract 1203.03, Paulding County, Georgia",639.0,617.0,0.0,0.0,0.0,0.0,0.0,0.0,0.0,13,223,120303,541.0,88.0,0.8600953895071543,629.0,43.0,49.0,12.0,144.0,71.0,5.0,10.0,0.0,0.0,120539
"Census Tract 1205.01, Paulding County, Georgia",2839.0,2363.0,334.0,0.0,74.0,0.0,0.0,0.0,0.0,13,223,120501,1900.0,679.0,0.7367196587824738,2579.0,144.0,180.0,103.0,629.0,129.0,0.0,260.0,0.0,65.0,120737
"Census Tract 1205.02, Paulding County, Georgia",3324.0,3076.0,40.0,0.0,0.0,0.0,16.0,0.0,0.0,13,223,120502,2286.0,734.0,0.756953642384106,3020.0,110.0,89.0,61.0,558.0,232.0,16.0,304.0,0.0,136.0,120738
"Census Tract 1205.03, Paulding County, Georgia",1834.0,1721.0,21.0,11.0,0.0,0.0,0.0,0.0,0.0,13,223,120503,1460.0,318.0,0.8211473565804275,1778.0,18.0,83.0,103.0,211.0,257.0,83.0,56.0,0.0,0.0,120739
"Census Tract 1206.01, Paulding County, Georgia",1754.0,1699.0,0.0,0.0,0.0,0.0,0.0,0.0,0.0,13,223,120601,1394.0,297.0,0.8243642814902424,1691.0,96.0,85.0,48.0,290.0,182.0,88.0,63.0,0.0,0.0,120837
"Census Tract 1206.02, Paulding County, Georgia",3476.0,3397.0,34.0,0.0,0.0,0.0,0.0,0.0,0.0,13,223,120602,2645.0,544.0,0.8294136092819065,3189.0,28.0,128.0,101.0,353.0,713.0,73.0,287.0,0.0,52.0,120838
"Census Tract 1202.02, Paulding County, Georgia",3037.0,2722.0,181.0,13.0,72.0,0.0,0.0,0.0,0.0,13,223,120202,2169.0,516.0,0.8078212290502793,2685.0,93.0,66.0,92.0,246.0,260.0,92.0,352.0,0.0,121.0,120438
"Census Tract 1204, Paulding County, Georgia",6588.0,6115.0,22.0,0.0,0.0,0.0,0.0,0.0,0.0,13,223,120400,4184.0,1815.0,0.6974495749291548,5999.0,242.0,437.0,217.0,1000.0,612.0,0.0,589.0,61.0,436.0,120636
"Census Tract 1206.04, Paulding County, Georgia",1894.0,1856.0,0.0,0.0,0.0,0.0,0.0,0.0,0.0,13,223,120604,1620.0,176.0,0.9020044543429844,1796.0,38.0,120.0,46.0,243.0,149.0,46.0,98.0,0.0,63.0,120840
"Census Tract 1206.03, Paulding County, Georgia",2433.0,1856.0,17.0,0.0,0.0,260.0,57.0,81.0,85.0,13,223,120603,1249.0,1080.0,0.536281665951052,2329.0,233.0,166.0,70.0,397.0,246.0,48.0,104.0,104.0,0.0,120839
