param,param_value,policy,seed,metric,value,diff_from_baseline
consumption_alpha,0.2,baseline,0,homeownership_rate,0.4645669291338583,0.0
consumption_alpha,0.2,baseline,0,rental_vacancy_rate,0.21818181818181817,0.0
consumption_alpha,0.2,baseline,0,annual_appreciation_g,-0.017221871832461932,0.0
consumption_alpha,0.2,waiting_period,0,homeownership_rate,0.43031784841075793,-0.034249080723100345
consumption_alpha,0.2,waiting_period,0,rental_vacancy_rate,0.06607929515418502,-0.15210252302763316
consumption_alpha,0.2,waiting_period,0,annual_appreciation_g,-0.03,-0.012778128167538066
consumption_alpha,0.2,ownership_cap_soft,0,homeownership_rate,0.49744897959183676,0.032882050457978484
consumption_alpha,0.2,ownership_cap_soft,0,rental_vacancy_rate,0.2544642857142857,0.03628246753246753
consumption_alpha,0.2,ownership_cap_soft,0,annual_appreciation_g,-0.0023985923800111664,0.014823279452450766
consumption_alpha,0.2,ownership_cap_hard,0,homeownership_rate,0.4401041666666667,-0.02446276246719159
consumption_alpha,0.2,ownership_cap_hard,0,rental_vacancy_rate,0.18552036199095023,-0.03266145619086794
consumption_alpha,0.2,ownership_cap_hard,0,annual_appreciation_g,-0.03,-0.012778128167538066
consumption_alpha,0.2,purchase_tax,0,homeownership_rate,0.4704370179948586,0.005870088861000322
consumption_alpha,0.2,purchase_tax,0,rental_vacancy_rate,0.20982142857142858,-0.008360389610389596
consumption_alpha,0.2,purchase_tax,0,annual_appreciation_g,-0.022870462396402003,-0.00564859056394007
consumption_alpha,0.2,vacancy_tax,0,homeownership_rate,0.4362244897959184,-0.028342439337939895
consumption_alpha,0.2,vacancy_tax,0,rental_vacancy_rate,0.15178571428571427,-0.0663961038961039
consumption_alpha,0.2,vacancy_tax,0,annual_appreciation_g,-0.03,-0.012778128167538066
consumption_alpha,0.2,portfolio_tax,0,homeownership_rate,0.4645669291338583,0.0
consumption_alpha,0.2,portfolio_tax,0,rental_vacancy_rate,0.21818181818181817,0.0
consumption_alpha,0.2,portfolio_tax,0,annual_appreciation_g,-0.017221871832461932,0.0
consumption_alpha,0.2,geographic,0,homeownership_rate,0.27979274611398963,-0.18477418301986864
consumption_alpha,0.2,geographic,0,rental_vacancy_rate,0.10140845070422536,-0.11677336747759282
consumption_alpha,0.2,geographic,0,annual_appreciation_g,-0.03,-0.012778128167538066
consumption_alpha,0.2,baseline,1,homeownership_rate,0.4148681055155875,0.0
consumption_alpha,0.2,baseline,1,rental_vacancy_rate,0.1171875,0.0
consumption_alpha,0.2,baseline,1,annual_appreciation_g,-0.03,0.0
consumption_alpha,0.2,waiting_period,1,homeownership_rate,0.37735849056603776,-0.03750961494954974
consumption_alpha,0.2,waiting_period,1,rental_vacancy_rate,0.19838056680161945,0.08119306680161945
consumption_alpha,0.2,waiting_period,1,annual_appreciation_g,-0.03,0.0
consumption_alpha,0.2,ownership_cap_soft,1,homeownership_rate,0.4122137404580153,-0.0026543650575722166
consumption_alpha,0.2,ownership_cap_soft,1,rental_vacancy_rate,0.23381294964028776,0.11662544964028776
consumption_alpha,0.2,ownership_cap_soft,1,annual_appreciation_g,0.04063393847859409,0.07063393847859409
consumption_alpha,0.2,ownership_cap_hard,1,homeownership_rate,0.40554156171284633,-0.009326543802741172
consumption_alpha,0.2,ownership_cap_hard,1,rental_vacancy_rate,0.21189591078066913,0.09470841078066913
consumption_alpha,0.2,ownership_cap_hard,1,annual_appreciation_g,-0.022977223836690097,0.007022776163309902
consumption_alpha,0.2,purchase_tax,1,homeownership_rate,0.39598997493734334,-0.018878130578244168
consumption_alpha,0.2,purchase_tax,1,rental_vacancy_rate,0.10756972111553785,-0.00961777888446215
consumption_alpha,0.2,purchase_tax,1,annual_appreciation_g,-0.03,0.0
consumption_alpha,0.2,vacancy_tax,1,homeownership_rate,0.4417989417989418,0.026930836283354298
consumption_alpha,0.2,vacancy_tax,1,rental_vacancy_rate,0.23481781376518218,0.11763031376518218
consumption_alpha,0.2,vacancy_tax,1,annual_appreciation_g,-0.014135181768930472,0.015864818231069527
consumption_alpha,0.2,portfolio_tax,1,homeownership_rate,0.4148681055155875,0.0
consumption_alpha,0.2,portfolio_tax,1,rental_vacancy_rate,0.1171875,0.0
consumption_alpha,0.2,portfolio_tax,1,annual_appreciation_g,-0.03,0.0
consumption_alpha,0.2,geographic,1,homeownership_rate,0.18393782383419688,-0.23093028168139063
consumption_alpha,0.2,geographic,1,rental_vacancy_rate,0.13172043010752688,0.014532930107526876
consumption_alpha,0.2,geographic,1,annual_appreciation_g,0.0,0.03
consumption_alpha,0.2,baseline,2,homeownership_rate,0.435,0.0
consumption_alpha,0.2,baseline,2,rental_vacancy_rate,0.005025125628140704,0.0
consumption_alpha,0.2,baseline,2,annual_appreciation_g,-0.009467122365846792,0.0
consumption_alpha,0.2,waiting_period,2,homeownership_rate,0.49019607843137253,0.05519607843137253
consumption_alpha,0.2,waiting_period,2,rental_vacancy_rate,0.1926605504587156,0.1876354248305749
consumption_alpha,0.2,waiting_period,2,annual_appreciation_g,-0.017019409895488447,-0.007552287529641655
consumption_alpha,0.2,ownership_cap_soft,2,homeownership_rate,0.4317617866004963,-0.0032382133995036977
consumption_alpha,0.2,ownership_cap_soft,2,rental_vacancy_rate,0.0,-0.005025125628140704
consumption_alpha,0.2,ownership_cap_soft,2,annual_appreciation_g,-0.0020041715068320753,0.0074629508590147164
consumption_alpha,0.2,ownership_cap_hard,2,homeownership_rate,0.43291139240506327,-0.002088607594936731
consumption_alpha,0.2,ownership_cap_hard,2,rental_vacancy_rate,0.015,0.009974874371859295
consumption_alpha,0.2,ownership_cap_hard,2,annual_appreciation_g,-0.00409786973545978,0.005369252630387011
consumption_alpha,0.2,purchase_tax,2,homeownership_rate,0.40302267002518893,-0.031977329974811064
consumption_alpha,0.2,purchase_tax,2,rental_vacancy_rate,0.04035874439461883,0.03533361876647813
consumption_alpha,0.2,purchase_tax,2,annual_appreciation_g,-0.03,-0.020532877634153207
consumption_alpha,0.2,vacancy_tax,2,homeownership_rate,0.44155844155844154,0.006558441558441541
consumption_alpha,0.2,vacancy_tax,2,rental_vacancy_rate,0.14601769911504425,0.14099257348690356
consumption_alpha,0.2,vacancy_tax,2,annual_appreciation_g,-0.03,-0.020532877634153207
consumption_alpha,0.2,portfolio_tax,2,homeownership_rate,0.435,0.0
consumption_alpha,0.2,portfolio_tax,2,rental_vacancy_rate,0.005025125628140704,0.0
consumption_alpha,0.2,portfolio_tax,2,annual_appreciation_g,-0.009467122365846792,0.0
consumption_alpha,0.2,geographic,2,homeownership_rate,0.27970297029702973,-0.15529702970297027
consumption_alpha,0.2,geographic,2,rental_vacancy_rate,0.12362637362637363,0.11860124799823293
consumption_alpha,0.2,geographic,2,annual_appreciation_g,0.027746901371248578,0.03721402373709537
consumption_alpha,0.2,baseline,3,homeownership_rate,0.4739454094292804,0.0
consumption_alpha,0.2,baseline,3,rental_vacancy_rate,0.24782608695652175,0.0
consumption_alpha,0.2,baseline,3,annual_appreciation_g,-0.018964710782448546,0.0
consumption_alpha,0.2,waiting_period,3,homeownership_rate,0.5380710659898477,0.06412565656056729
consumption_alpha,0.2,waiting_period,3,rental_vacancy_rate,0.3047619047619048,0.05693581780538304
consumption_alpha,0.2,waiting_period,3,annual_appreciation_g,0.0,0.018964710782448546
consumption_alpha,0.2,ownership_cap_soft,3,homeownership_rate,0.43896103896103894,-0.03498437046824143
consumption_alpha,0.2,ownership_cap_soft,3,rental_vacancy_rate,0.2878787878787879,0.04005270092226615
consumption_alpha,0.2,ownership_cap_soft,3,annual_appreciation_g,0.0012499999999999734,0.02021471078244852
consumption_alpha,0.2,ownership_cap_hard,3,homeownership_rate,0.456359102244389,-0.017586307184891348
consumption_alpha,0.2,ownership_cap_hard,3,rental_vacancy_rate,0.24166666666666667,-0.006159420289855083
consumption_alpha,0.2,ownership_cap_hard,3,annual_appreciation_g,-0.021973427309509574,-0.0030087165270610283
consumption_alpha,0.2,purchase_tax,3,homeownership_rate,0.49222797927461137,0.018282569845330998
consumption_alpha,0.2,purchase_tax,3,rental_vacancy_rate,0.19491525423728814,-0.05291083271923361
consumption_alpha,0.2,purchase_tax,3,annual_appreciation_g,-0.03,-0.011035289217551453
consumption_alpha,0.2,vacancy_tax,3,homeownership_rate,0.49627791563275436,0.02233250620347399
consumption_alpha,0.2,vacancy_tax,3,rental_vacancy_rate,0.27631578947368424,0.028489702517162485
consumption_alpha,0.2,vacancy_tax,3,annual_appreciation_g,-0.03,-0.011035289217551453
consumption_alpha,0.2,portfolio_tax,3,homeownership_rate,0.4739454094292804,0.0
consumption_alpha,0.2,portfolio_tax,3,rental_vacancy_rate,0.24782608695652175,0.0
consumption_alpha,0.2,portfolio_tax,3,annual_appreciation_g,-0.018964710782448546,0.0
consumption_alpha,0.2,geographic,3,homeownership_rate,0.23872679045092837,-0.235218618978352
consumption_alpha,0.2,geographic,3,rental_vacancy_rate,0.12111801242236025,-0.1267080745341615
consumption_alpha,0.2,geographic,3,annual_appreciation_g,-0.03,-0.011035289217551453
consumption_alpha,0.2,baseline,4,homeownership_rate,0.5117493472584856,0.0
consumption_alpha,0.2,baseline,4,rental_vacancy_rate,0.2692307692307692,0.0
consumption_alpha,0.2,baseline,4,annual_appreciation_g,-0.009757217277654662,0.0
consumption_alpha,0.2,waiting_period,4,homeownership_rate,0.5012224938875306,-0.010526853370955047
consumption_alpha,0.2,waiting_period,4,rental_vacancy_rate,0.13942307692307693,-0.1298076923076923
consumption_alpha,0.2,waiting_period,4,annual_appreciation_g,0.015736964177455404,0.025494181455110065
consumption_alpha,0.2,ownership_cap_soft,4,homeownership_rate,0.4534005037783375,-0.05834884348014813
consumption_alpha,0.2,ownership_cap_soft,4,rental_vacancy_rate,0.06046511627906977,-0.20876565295169947
consumption_alpha,0.2,ownership_cap_soft,4,annual_appreciation_g,-0.011183992298563039,-0.0014267750209083774
consumption_alpha,0.2,ownership_cap_hard,4,homeownership_rate,0.4201474201474201,-0.09160192711106552
consumption_alpha,0.2,ownership_cap_hard,4,rental_vacancy_rate,0.10666666666666667,-0.16256410256410253
consumption_alpha,0.2,ownership_cap_hard,4,annual_appreciation_g,-0.03,-0.020242782722345337
consumption_alpha,0.2,purchase_tax,4,homeownership_rate,0.4844124700239808,-0.02733687723450484
consumption_alpha,0.2,purchase_tax,4,rental_vacancy_rate,0.14018691588785046,-0.12904385334291876
consumption_alpha,0.2,purchase_tax,4,annual_appreciation_g,-0.03,-0.020242782722345337
consumption_alpha,0.2,vacancy_tax,4,homeownership_rate,0.4573643410852713,-0.054385006173214345
consumption_alpha,0.2,vacancy_tax,4,rental_vacancy_rate,0.15625,-0.11298076923076922
consumption_alpha,0.2,vacancy_tax,4,annual_appreciation_g,-0.03,-0.020242782722345337
consumption_alpha,0.2,portfolio_tax,4,homeownership_rate,0.5117493472584856,0.0
consumption_alpha,0.2,portfolio_tax,4,rental_vacancy_rate,0.2692307692307692,0.0
consumption_alpha,0.2,portfolio_tax,4,annual_appreciation_g,-0.009757217277654662,0.0
consumption_alpha,0.2,geographic,4,homeownership_rate,0.23785166240409208,-0.2738976848543936
consumption_alpha,0.2,geographic,4,rental_vacancy_rate,0.05142857142857143,-0.21780219780219778
consumption_alpha,0.2,geographic,4,annual_appreciation_g,0.0,0.009757217277654662
consumption_alpha,0.2,baseline,5,homeownership_rate,0.4475,0.0
consumption_alpha,0.2,baseline,5,rental_vacancy_rate,0.18181818181818182,0.0
consumption_alpha,0.2,baseline,5,annual_appreciation_g,-0.014777507794305866,0.0
consumption_alpha,0.2,waiting_period,5,homeownership_rate,0.43341404358353514,-0.014085956416464873
consumption_alpha,0.2,waiting_period,5,rental_vacancy_rate,0.052132701421800945,-0.1296854803963809
consumption_alpha,0.2,waiting_period,5,annual_appreciation_g,-0.0003377585551641582,0.014439749239141708
consumption_alpha,0.2,ownership_cap_soft,5,homeownership_rate,0.4529262086513995,0.005426208651399478
consumption_alpha,0.2,ownership_cap_soft,5,rental_vacancy_rate,0.20454545454545456,0.022727272727272735
consumption_alpha,0.2,ownership_cap_soft,5,annual_appreciation_g,-0.016501506499454588,-0.0017239987051487216
consumption_alpha,0.2,ownership_cap_hard,5,homeownership_rate,0.4433249370277078,-0.004175062972292198
consumption_alpha,0.2,ownership_cap_hard,5,rental_vacancy_rate,0.18552036199095023,0.00370218017276841
consumption_alpha,0.2,ownership_cap_hard,5,annual_appreciation_g,-0.03,-0.015222492205694133
consumption_alpha,0.2,purchase_tax,5,homeownership_rate,0.44696969696969696,-0.0005303030303030476
consumption_alpha,0.2,purchase_tax,5,rental_vacancy_rate,0.20982142857142858,0.028003246753246752
consumption_alpha,0.2,purchase_tax,5,annual_appreciation_g,-0.03,-0.015222492205694133
consumption_alpha,0.2,vacancy_tax,5,homeownership_rate,0.40350877192982454,-0.04399122807017547
consumption_alpha,0.2,vacancy_tax,5,rental_vacancy_rate,0.1145374449339207,-0.06728073688426112
consumption_alpha,0.2,vacancy_tax,5,annual_appreciation_g,-0.008298121734724773,0.006479386059581094
consumption_alpha,0.2,portfolio_tax,5,homeownership_rate,0.4475,0.0
consumption_alpha,0.2,portfolio_tax,5,rental_vacancy_rate,0.18181818181818182,0.0
consumption_alpha,0.2,portfolio_tax,5,annual_appreciation_g,-0.014777507794305866,0.0
consumption_alpha,0.2,geographic,5,homeownership_rate,0.24455205811138014,-0.20294794188861986
consumption_alpha,0.2,geographic,5,rental_vacancy_rate,0.15702479338842976,-0.024793388429752067
consumption_alpha,0.2,geographic,5,annual_appreciation_g,0.07366381739374117,0.08844132518804704
consumption_alpha,0.2,baseline,6,homeownership_rate,0.4144385026737968,0.0
consumption_alpha,0.2,baseline,6,rental_vacancy_rate,0.1724137931034483,0.0
consumption_alpha,0.2,baseline,6,annual_appreciation_g,-0.03,0.0
consumption_alpha,0.2,waiting_period,6,homeownership_rate,0.35054347826086957,-0.06389502441292721
consumption_alpha,0.2,waiting_period,6,rental_vacancy_rate,0.027649769585253458,-0.14476402351819484
consumption_alpha,0.2,waiting_period,6,annual_appreciation_g,-0.025636838567373088,0.004363161432626911
consumption_alpha,0.2,ownership_cap_soft,6,homeownership_rate,0.48118279569892475,0.06674429302512797
consumption_alpha,0.2,ownership_cap_soft,6,rental_vacancy_rate,0.3093220338983051,0.1369082407948568
consumption_alpha,0.2,ownership_cap_soft,6,annual_appreciation_g,0.09117603075421155,0.12117603075421154
consumption_alpha,0.2,ownership_cap_hard,6,homeownership_rate,0.46923076923076923,0.054792266556972447
consumption_alpha,0.2,ownership_cap_hard,6,rental_vacancy_rate,0.21238938053097345,0.03997558742752516
consumption_alpha,0.2,ownership_cap_hard,6,annual_appreciation_g,0.0966239766798771,0.1266239766798771
consumption_alpha,0.2,purchase_tax,6,homeownership_rate,0.5257731958762887,0.1113346932024919
consumption_alpha,0.2,purchase_tax,6,rental_vacancy_rate,0.29464285714285715,0.12222906403940886
consumption_alpha,0.2,purchase_tax,6,annual_appreciation_g,-0.01036350940902031,0.01963649059097969
consumption_alpha,0.2,vacancy_tax,6,homeownership_rate,0.38461538461538464,-0.029823118058412146
consumption_alpha,0.2,vacancy_tax,6,rental_vacancy_rate,0.1506276150627615,-0.021786178040686777
consumption_alpha,0.2,vacancy_tax,6,annual_appreciation_g,-0.03,0.0
consumption_alpha,0.2,portfolio_tax,6,homeownership_rate,0.4144385026737968,0.0
consumption_alpha,0.2,portfolio_tax,6,rental_vacancy_rate,0.1724137931034483,0.0
consumption_alpha,0.2,portfolio_tax,6,annual_appreciation_g,-0.03,0.0
consumption_alpha,0.2,geographic,6,homeownership_rate,0.16981132075471697,-0.2446271819190798
consumption_alpha,0.2,geographic,6,rental_vacancy_rate,0.09722222222222222,-0.07519157088122606
consumption_alpha,0.2,geographic,6,annual_appreciation_g,-0.003535097201131543,0.026464902798868456
consumption_alpha,0.2,baseline,7,homeownership_rate,0.3967828418230563,0.0
consumption_alpha,0.2,baseline,7,rental_vacancy_rate,0.08296943231441048,0.0
consumption_alpha,0.2,baseline,7,annual_appreciation_g,-0.010411162872014934,0.0
consumption_alpha,0.2,waiting_period,7,homeownership_rate,0.4752475247524752,0.07846468292941894
consumption_alpha,0.2,waiting_period,7,rental_vacancy_rate,0.10824742268041238,0.025277990366001896
consumption_alpha,0.2,waiting_period,7,annual_appreciation_g,-0.03,-0.019588837127985065
consumption_alpha,0.2,ownership_cap_soft,7,homeownership_rate,0.3967828418230563,0.0
consumption_alpha,0.2,ownership_cap_soft,7,rental_vacancy_rate,0.08296943231441048,0.0
consumption_alpha,0.2,ownership_cap_soft,7,annual_appreciation_g,-0.010411162872014934,0.0
consumption_alpha,0.2,ownership_cap_hard,7,homeownership_rate,0.3967828418230563,0.0
consumption_alpha,0.2,ownership_cap_hard,7,rental_vacancy_rate,0.08296943231441048,0.0
consumption_alpha,0.2,ownership_cap_hard,7,annual_appreciation_g,-0.010411162872014934,0.0
consumption_alpha,0.2,purchase_tax,7,homeownership_rate,0.48533333333333334,0.08855049151027705
consumption_alpha,0.2,purchase_tax,7,rental_vacancy_rate,0.2317596566523605,0.14879022433795003
consumption_alpha,0.2,purchase_tax,7,annual_appreciation_g,0.06807291547188576,0.0784840783439007
consumption_alpha,0.2,vacancy_tax,7,homeownership_rate,0.4393939393939394,0.042611097570883105
consumption_alpha,0.2,vacancy_tax,7,rental_vacancy_rate,0.0867579908675799,0.0037885585531694244
consumption_alpha,0.2,vacancy_tax,7,annual_appreciation_g,-0.020923381642989236,-0.010512218770974302
consumption_alpha,0.2,portfolio_tax,7,homeownership_rate,0.3967828418230563,0.0
consumption_alpha,0.2,portfolio_tax,7,rental_vacancy_rate,0.08296943231441048,0.0
consumption_alpha,0.2,portfolio_tax,7,annual_appreciation_g,-0.010411162872014934,0.0
consumption_alpha,0.2,geographic,7,homeownership_rate,0.2462686567164179,-0.1505141851066384
consumption_alpha,0.2,geographic,7,rental_vacancy_rate,0.06906077348066299,-0.013908658833747492
consumption_alpha,0.2,geographic,7,annual_appreciation_g,-0.03,-0.019588837127985065
consumption_alpha,0.2,baseline,8,homeownership_rate,0.3772609819121447,0.0
consumption_alpha,0.2,baseline,8,rental_vacancy_rate,0.10305343511450382,0.0
consumption_alpha,0.2,baseline,8,annual_appreciation_g,-0.03,0.0
consumption_alpha,0.2,waiting_period,8,homeownership_rate,0.4274611398963731,0.05020015798422839
consumption_alpha,0.2,waiting_period,8,rental_vacancy_rate,0.1506276150627615,0.04757417994825769
consumption_alpha,0.2,waiting_period,8,annual_appreciation_g,-0.024326295598236625,0.005673704401763374
consumption_alpha,0.2,ownership_cap_soft,8,homeownership_rate,0.27692307692307694,-0.10033790498906775
consumption_alpha,0.2,ownership_cap_soft,8,rental_vacancy_rate,0.10509554140127389,0.002042106286770068
consumption_alpha,0.2,ownership_cap_soft,8,annual_appreciation_g,-0.03,0.0
consumption_alpha,0.2,ownership_cap_hard,8,homeownership_rate,0.30848329048843187,-0.06877769142371282
consumption_alpha,0.2,ownership_cap_hard,8,rental_vacancy_rate,0.17363344051446947,0.07058000539996565
consumption_alpha,0.2,ownership_cap_hard,8,annual_appreciation_g,-0.03,0.0
consumption_alpha,0.2,purchase_tax,8,homeownership_rate,0.4669926650366748,0.08973168312453011
consumption_alpha,0.2,purchase_tax,8,rental_vacancy_rate,0.09134615384615384,-0.011707281268349981
consumption_alpha,0.2,purchase_tax,8,annual_appreciation_g,-0.03,0.0
consumption_alpha,0.2,vacancy_tax,8,homeownership_rate,0.39361702127659576,0.01635603936445107
consumption_alpha,0.2,vacancy_tax,8,rental_vacancy_rate,0.10810810810810811,0.005054672993604292
consumption_alpha,0.2,vacancy_tax,8,annual_appreciation_g,-0.03,0.0
consumption_alpha,0.2,portfolio_tax,8,homeownership_rate,0.3772609819121447,0.0
consumption_alpha,0.2,portfolio_tax,8,rental_vacancy_rate,0.10305343511450382,0.0
consumption_alpha,0.2,portfolio_tax,8,annual_appreciation_g,-0.03,0.0
consumption_alpha,0.2,geographic,8,homeownership_rate,0.25125628140703515,-0.12600470050510953
consumption_alpha,0.2,geographic,8,rental_vacancy_rate,0.0893854748603352,-0.013667960254168623
consumption_alpha,0.2,geographic,8,annual_appreciation_g,0.05214341055675242,0.08214341055675242
consumption_alpha,0.2,baseline,9,homeownership_rate,0.4137055837563452,0.0
consumption_alpha,0.2,baseline,9,rental_vacancy_rate,0.06578947368421052,0.0
consumption_alpha,0.2,baseline,9,annual_appreciation_g,-0.03,0.0
consumption_alpha,0.2,waiting_period,9,homeownership_rate,0.4317073170731707,0.01800173331682553
consumption_alpha,0.2,waiting_period,9,rental_vacancy_rate,0.04245283018867924,-0.02333664349553128
consumption_alpha,0.2,waiting_period,9,annual_appreciation_g,-0.023156219128191324,0.0068437808718086746
consumption_alpha,0.2,ownership_cap_soft,9,homeownership_rate,0.4207920792079208,0.007086495451575581
consumption_alpha,0.2,ownership_cap_soft,9,rental_vacancy_rate,0.12355212355212356,0.05776264986791303
consumption_alpha,0.2,ownership_cap_soft,9,annual_appreciation_g,-0.03,0.0
consumption_alpha,0.2,ownership_cap_hard,9,homeownership_rate,0.4624413145539906,0.04873573079764543
consumption_alpha,0.2,ownership_cap_hard,9,rental_vacancy_rate,0.15450643776824036,0.08871696408402983
consumption_alpha,0.2,ownership_cap_hard,9,annual_appreciation_g,-0.03,0.0
consumption_alpha,0.2,purchase_tax,9,homeownership_rate,0.4068241469816273,-0.0068814367747179195
consumption_alpha,0.2,purchase_tax,9,rental_vacancy_rate,0.14393939393939395,0.07814992025518343
consumption_alpha,0.2,purchase_tax,9,annual_appreciation_g,-0.019409155956355728,0.01059084404364427
consumption_alpha,0.2,vacancy_tax,9,homeownership_rate,0.4,-0.013705583756345174
consumption_alpha,0.2,vacancy_tax,9,rental_vacancy_rate,0.07391304347826087,0.00812356979405035
consumption_alpha,0.2,vacancy_tax,9,annual_appreciation_g,-0.03,0.0
consumption_alpha,0.2,portfolio_tax,9,homeownership_rate,0.4137055837563452,0.0
consumption_alpha,0.2,portfolio_tax,9,rental_vacancy_rate,0.06578947368421052,0.0
consumption_alpha,0.2,portfolio_tax,9,annual_appreciation_g,-0.03,0.0
consumption_alpha,0.2,geographic,9,homeownership_rate,0.15803108808290156,-0.25567449567344364
consumption_alpha,0.2,geographic,9,rental_vacancy_rate,0.10054347826086957,0.034754004576659045
consumption_alpha,0.2,geographic,9,annual_appreciation_g,0.0,0.03
consumption_alpha,0.2,baseline,10,homeownership_rate,0.5097087378640777,0.0
consumption_alpha,0.2,baseline,10,rental_vacancy_rate,0.27467811158798283,0.0
consumption_alpha,0.2,baseline,10,annual_appreciation_g,-0.024496427618820538,0.0
consumption_alpha,0.2,waiting_period,10,homeownership_rate,0.531615925058548,0.02190718719447038
consumption_alpha,0.2,waiting_period,10,rental_vacancy_rate,0.2571428571428571,-0.017535254445125714
consumption_alpha,0.2,waiting_period,10,annual_appreciation_g,-0.005848715492556056,0.018647712126264482
consumption_alpha,0.2,ownership_cap_soft,10,homeownership_rate,0.4803921568627451,-0.029316581001332553
consumption_alpha,0.2,ownership_cap_soft,10,rental_vacancy_rate,0.23706896551724138,-0.03760914607074145
consumption_alpha,0.2,ownership_cap_soft,10,annual_appreciation_g,-0.03,-0.005503572381179461
consumption_alpha,0.2,ownership_cap_hard,10,homeownership_rate,0.49635036496350365,-0.013358372900574011
consumption_alpha,0.2,ownership_cap_hard,10,rental_vacancy_rate,0.2446351931330472,-0.03004291845493562
consumption_alpha,0.2,ownership_cap_hard,10,annual_appreciation_g,-0.03,-0.005503572381179461
consumption_alpha,0.2,purchase_tax,10,homeownership_rate,0.3949367088607595,-0.11477202900331818
consumption_alpha,0.2,purchase_tax,10,rental_vacancy_rate,0.08064516129032258,-0.19403295029766027
consumption_alpha,0.2,purchase_tax,10,annual_appreciation_g,-0.01598494582356158,0.008511481795258957
consumption_alpha,0.2,vacancy_tax,10,homeownership_rate,0.4961832061068702,-0.013525531757207443
consumption_alpha,0.2,vacancy_tax,10,rental_vacancy_rate,0.2863247863247863,0.011646674736803475
consumption_alpha,0.2,vacancy_tax,10,annual_appreciation_g,-0.028602665820127382,-0.004106238201306844
consumption_alpha,0.2,portfolio_tax,10,homeownership_rate,0.5097087378640777,0.0
consumption_alpha,0.2,portfolio_tax,10,rental_vacancy_rate,0.27467811158798283,0.0
consumption_alpha,0.2,portfolio_tax,10,annual_appreciation_g,-0.024496427618820538,0.0
consumption_alpha,0.2,geographic,10,homeownership_rate,0.26904761904761904,-0.24066111881645863
consumption_alpha,0.2,geographic,10,rental_vacancy_rate,0.14917127071823205,-0.12550684086975078
consumption_alpha,0.2,geographic,10,annual_appreciation_g,-0.026807537405765247,-0.0023111097869447095
consumption_alpha,0.2,baseline,11,homeownership_rate,0.4710526315789474,0.0
consumption_alpha,0.2,baseline,11,rental_vacancy_rate,0.13793103448275862,0.0
consumption_alpha,0.2,baseline,11,annual_appreciation_g,-0.015501604280585113,0.0
consumption_alpha,0.2,waiting_period,11,homeownership_rate,0.45544554455445546,-0.015607087024491928
consumption_alpha,0.2,waiting_period,11,rental_vacancy_rate,0.15695067264573992,0.0190196381629813
consumption_alpha,0.2,waiting_period,11,annual_appreciation_g,-0.00817388004928854,0.007327724231296573
consumption_alpha,0.2,ownership_cap_soft,11,homeownership_rate,0.47757255936675463,0.006519927787807245
consumption_alpha,0.2,ownership_cap_soft,11,rental_vacancy_rate,0.145,0.007068965517241371
consumption_alpha,0.2,ownership_cap_soft,11,annual_appreciation_g,-0.03,-0.014498395719414886
consumption_alpha,0.2,ownership_cap_hard,11,homeownership_rate,0.4595300261096606,-0.011522605469286795
consumption_alpha,0.2,ownership_cap_hard,11,rental_vacancy_rate,0.12,-0.017931034482758623
consumption_alpha,0.2,ownership_cap_hard,11,annual_appreciation_g,-0.015506450867588617,-4.846587003504155e-06
consumption_alpha,0.2,purchase_tax,11,homeownership_rate,0.3736842105263158,-0.0973684210526316
consumption_alpha,0.2,purchase_tax,11,rental_vacancy_rate,0.013888888888888888,-0.12404214559386972
consumption_alpha,0.2,purchase_tax,11,annual_appreciation_g,-0.019676832505576836,-0.004175228224991723
consumption_alpha,0.2,vacancy_tax,11,homeownership_rate,0.4430379746835443,-0.02801465689540311
consumption_alpha,0.2,vacancy_tax,11,rental_vacancy_rate,0.09813084112149532,-0.039800193361263295
consumption_alpha,0.2,vacancy_tax,11,annual_appreciation_g,0.000401080011048105,0.015902684291633218
consumption_alpha,0.2,portfolio_tax,11,homeownership_rate,0.4710526315789474,0.0
consumption_alpha,0.2,portfolio_tax,11,rental_vacancy_rate,0.13793103448275862,0.0
consumption_alpha,0.2,portfolio_tax,11,annual_appreciation_g,-0.015501604280585113,0.0
consumption_alpha,0.2,geographic,11,homeownership_rate,0.28398058252427183,-0.18707204905467556
consumption_alpha,0.2,geographic,11,rental_vacancy_rate,0.12968299711815562,-0.008248037364603
consumption_alpha,0.2,geographic,11,annual_appreciation_g,0.03322730282376196,0.048728907104347075
consumption_alpha,0.2,baseline,12,homeownership_rate,0.4621026894865526,0.0
consumption_alpha,0.2,baseline,12,rental_vacancy_rate,0.009950248756218905,0.0
consumption_alpha,0.2,baseline,12,annual_appreciation_g,-0.03,0.0
consumption_alpha,0.2,waiting_period,12,homeownership_rate,0.4961038961038961,0.034001206617343516
consumption_alpha,0.2,waiting_period,12,rental_vacancy_rate,0.17777777777777778,0.16782752902155887
consumption_alpha,0.2,waiting_period,12,annual_appreciation_g,-0.0221741569907552,0.007825843009244798
consumption_alpha,0.2,ownership_cap_soft,12,homeownership_rate,0.3872549019607843,-0.07484778752576826
consumption_alpha,0.2,ownership_cap_soft,12,rental_vacancy_rate,0.0,-0.009950248756218905
consumption_alpha,0.2,ownership_cap_soft,12,annual_appreciation_g,-0.00917808701336198,0.02082191298663802
consumption_alpha,0.2,ownership_cap_hard,12,homeownership_rate,0.456575682382134,-0.005527007104418613
consumption_alpha,0.2,ownership_cap_hard,12,rental_vacancy_rate,0.019704433497536946,0.00975418474131804
consumption_alpha,0.2,ownership_cap_hard,12,annual_appreciation_g,-0.03,0.0
consumption_alpha,0.2,purchase_tax,12,homeownership_rate,0.35799522673031026,-0.10410746275624233
consumption_alpha,0.2,purchase_tax,12,rental_vacancy_rate,0.0,-0.009950248756218905
consumption_alpha,0.2,purchase_tax,12,annual_appreciation_g,-0.03,0.0
consumption_alpha,0.2,vacancy_tax,12,homeownership_rate,0.5195121951219512,0.05740950563539865
consumption_alpha,0.2,vacancy_tax,12,rental_vacancy_rate,0.08374384236453201,0.07379359360831311
consumption_alpha,0.2,vacancy_tax,12,annual_appreciation_g,0.0017389107824825611,0.03173891078248256
consumption_alpha,0.2,portfolio_tax,12,homeownership_rate,0.4621026894865526,0.0
consumption_alpha,0.2,portfolio_tax,12,rental_vacancy_rate,0.009950248756218905,0.0
consumption_alpha,0.2,portfolio_tax,12,annual_appreciation_g,-0.03,0.0
consumption_alpha,0.2,geographic,12,homeownership_rate,0.3298429319371728,-0.1322597575493798
consumption_alpha,0.2,geographic,12,rental_vacancy_rate,0.11182108626198083,0.10187083750576192
consumption_alpha,0.2,geographic,12,annual_appreciation_g,0.0012499999999999734,0.031249999999999972
consumption_alpha,0.2,baseline,13,homeownership_rate,0.4125,0.0
consumption_alpha,0.2,baseline,13,rental_vacancy_rate,0.00980392156862745,0.0
consumption_alpha,0.2,baseline,13,annual_appreciation_g,-0.03,0.0
consumption_alpha,0.2,waiting_period,13,homeownership_rate,0.4575,0.04500000000000004
consumption_alpha,0.2,waiting_period,13,rental_vacancy_rate,0.06565656565656566,0.05585264408793821
consumption_alpha,0.2,waiting_period,13,annual_appreciation_g,-0.03,0.0
consumption_alpha,0.2,ownership_cap_soft,13,homeownership_rate,0.4125,0.0
consumption_alpha,0.2,ownership_cap_soft,13,rental_vacancy_rate,0.00980392156862745,0.0
consumption_alpha,0.2,ownership_cap_soft,13,annual_appreciation_g,-0.03,0.0
consumption_alpha,0.2,ownership_cap_hard,13,homeownership_rate,0.4125,0.0
consumption_alpha,0.2,ownership_cap_hard,13,rental_vacancy_rate,0.00980392156862745,0.0
consumption_alpha,0.2,ownership_cap_hard,13,annual_appreciation_g,-0.03,0.0
consumption_alpha,0.2,purchase_tax,13,homeownership_rate,0.44675324675324674,0.03425324675324676
consumption_alpha,0.2,purchase_tax,13,rental_vacancy_rate,0.14035087719298245,0.130546955624355
consumption_alpha,0.2,purchase_tax,13,annual_appreciation_g,-0.03,0.0
consumption_alpha,0.2,vacancy_tax,13,homeownership_rate,0.49868073878627966,0.08618073878627969
consumption_alpha,0.2,vacancy_tax,13,rental_vacancy_rate,0.22790697674418606,0.2181030551755586
consumption_alpha,0.2,vacancy_tax,13,annual_appreciation_g,-0.007262944528626636,0.022737055471373363
consumption_alpha,0.2,portfolio_tax,13,homeownership_rate,0.4125,0.0
consumption_alpha,0.2,portfolio_tax,13,rental_vacancy_rate,0.00980392156862745,0.0
consumption_alpha,0.2,portfolio_tax,13,annual_appreciation_g,-0.03,0.0
consumption_alpha,0.2,geographic,13,homeownership_rate,0.18666666666666668,-0.2258333333333333
consumption_alpha,0.2,geographic,13,rental_vacancy_rate,0.13649025069637882,0.12668632912775138
consumption_alpha,0.2,geographic,13,annual_appreciation_g,0.03218967806687556,0.06218967806687556
consumption_alpha,0.2,baseline,14,homeownership_rate,0.44148936170212766,0.0
consumption_alpha,0.2,baseline,14,rental_vacancy_rate,0.15246636771300448,0.0
consumption_alpha,0.2,baseline,14,annual_appreciation_g,-0.002119237413129138,0.0
consumption_alpha,0.2,waiting_period,14,homeownership_rate,0.42786069651741293,-0.013628665184714728
consumption_alpha,0.2,waiting_period,14,rental_vacancy_rate,0.03211009174311927,-0.12035627596988521
consumption_alpha,0.2,waiting_period,14,annual_appreciation_g,-0.03,-0.02788076258687086
consumption_alpha,0.2,ownership_cap_soft,14,homeownership_rate,0.4053333333333333,-0.036156028368794335
consumption_alpha,0.2,ownership_cap_soft,14,rental_vacancy_rate,0.1694915254237288,0.017025157710724326
consumption_alpha,0.2,ownership_cap_soft,14,annual_appreciation_g,-0.03,-0.02788076258687086
consumption_alpha,0.2,ownership_cap_hard,14,homeownership_rate,0.45103092783505155,0.009541566132923895
consumption_alpha,0.2,ownership_cap_hard,14,rental_vacancy_rate,0.17777777777777778,0.025311410064773304
consumption_alpha,0.2,ownership_cap_hard,14,annual_appreciation_g,0.0,0.002119237413129138
consumption_alpha,0.2,purchase_tax,14,homeownership_rate,0.40487804878048783,-0.03661131292163983
consumption_alpha,0.2,purchase_tax,14,rental_vacancy_rate,0.029411764705882353,-0.12305460300712212
consumption_alpha,0.2,purchase_tax,14,annual_appreciation_g,-0.02248291271973446,-0.020363675306605322
consumption_alpha,0.2,vacancy_tax,14,homeownership_rate,0.42455242966751916,-0.0169369320346085
consumption_alpha,0.2,vacancy_tax,14,rental_vacancy_rate,0.08144796380090498,-0.0710184039120995
consumption_alpha,0.2,vacancy_tax,14,annual_appreciation_g,-0.007628087778099202,-0.005508850364970064
consumption_alpha,0.2,portfolio_tax,14,homeownership_rate,0.44148936170212766,0.0
consumption_alpha,0.2,portfolio_tax,14,rental_vacancy_rate,0.15246636771300448,0.0
consumption_alpha,0.2,portfolio_tax,14,annual_appreciation_g,-0.002119237413129138,0.0
consumption_alpha,0.2,geographic,14,homeownership_rate,0.2897196261682243,-0.15176973553390338
consumption_alpha,0.2,geographic,14,rental_vacancy_rate,0.1452513966480447,-0.007214971064959774
consumption_alpha,0.2,geographic,14,annual_appreciation_g,0.0,0.002119237413129138
consumption_alpha,0.2,baseline,15,homeownership_rate,0.5388471177944862,0.0
consumption_alpha,0.2,baseline,15,rental_vacancy_rate,0.28365384615384615,0.0
consumption_alpha,0.2,baseline,15,annual_appreciation_g,-0.007170991037198315,0.0
consumption_alpha,0.2,waiting_period,15,homeownership_rate,0.5151515151515151,-0.023695602642971103
consumption_alpha,0.2,waiting_period,15,rental_vacancy_rate,0.2719298245614035,-0.011724021592442624
consumption_alpha,0.2,waiting_period,15,annual_appreciation_g,0.0,0.007170991037198315
consumption_alpha,0.2,ownership_cap_soft,15,homeownership_rate,0.5388471177944862,0.0
consumption_alpha,0.2,ownership_cap_soft,15,rental_vacancy_rate,0.28365384615384615,0.0
consumption_alpha,0.2,ownership_cap_soft,15,annual_appreciation_g,-0.007170991037198315,0.0
consumption_alpha,0.2,ownership_cap_hard,15,homeownership_rate,0.5388471177944862,0.0
consumption_alpha,0.2,ownership_cap_hard,15,rental_vacancy_rate,0.28365384615384615,0.0
consumption_alpha,0.2,ownership_cap_hard,15,annual_appreciation_g,-0.007170991037198315,0.0
consumption_alpha,0.2,purchase_tax,15,homeownership_rate,0.5806451612903226,0.04179804349583638
consumption_alpha,0.2,purchase_tax,15,rental_vacancy_rate,0.30578512396694213,0.022131277813095984
consumption_alpha,0.2,purchase_tax,15,annual_appreciation_g,0.024950891718388046,0.03212188275558636
consumption_alpha,0.2,vacancy_tax,15,homeownership_rate,0.41346153846153844,-0.1253855793329478
consumption_alpha,0.2,vacancy_tax,15,rental_vacancy_rate,0.11336032388663968,-0.17029352226720645
consumption_alpha,0.2,vacancy_tax,15,annual_appreciation_g,-0.013007219006725301,-0.005836227969526986
consumption_alpha,0.2,portfolio_tax,15,homeownership_rate,0.5388471177944862,0.0
consumption_alpha,0.2,portfolio_tax,15,rental_vacancy_rate,0.28365384615384615,0.0
consumption_alpha,0.2,portfolio_tax,15,annual_appreciation_g,-0.007170991037198315,0.0
consumption_alpha,0.2,geographic,15,homeownership_rate,0.23684210526315788,-0.3020050125313284
consumption_alpha,0.2,geographic,15,rental_vacancy_rate,0.13150684931506848,-0.15214699683877767
consumption_alpha,0.2,geographic,15,annual_appreciation_g,-0.03,-0.022829008962801683
consumption_alpha,0.2,baseline,16,homeownership_rate,0.42377260981912146,0.0
consumption_alpha,0.2,baseline,16,rental_vacancy_rate,0.09569377990430622,0.0
consumption_alpha,0.2,baseline,16,annual_appreciation_g,-0.03,0.0
consumption_alpha,0.2,waiting_period,16,homeownership_rate,0.48267326732673266,0.0589006575076112
consumption_alpha,0.2,waiting_period,16,rental_vacancy_rate,0.15789473684210525,0.062200956937799035
consumption_alpha,0.2,waiting_period,16,annual_appreciation_g,-0.03,0.0
consumption_alpha,0.2,ownership_cap_soft,16,homeownership_rate,0.47680412371134023,0.05303151389221877
consumption_alpha,0.2,ownership_cap_soft,16,rental_vacancy_rate,0.12307692307692308,0.027383143172616864
consumption_alpha,0.2,ownership_cap_soft,16,annual_appreciation_g,0.03655607890301393,0.06655607890301393
consumption_alpha,0.2,ownership_cap_hard,16,homeownership_rate,0.4581151832460733,0.03434257342695185
consumption_alpha,0.2,ownership_cap_hard,16,rental_vacancy_rate,0.1407035175879397,0.04500973768363348
consumption_alpha,0.2,ownership_cap_hard,16,annual_appreciation_g,-0.03,0.0
consumption_alpha,0.2,purchase_tax,16,homeownership_rate,0.4588235294117647,0.035050919592643226
consumption_alpha,0.2,purchase_tax,16,rental_vacancy_rate,0.091324200913242,-0.004369578991064216
consumption_alpha,0.2,purchase_tax,16,annual_appreciation_g,0.00582884342694312,0.03582884342694312
consumption_alpha,0.2,vacancy_tax,16,homeownership_rate,0.42377260981912146,0.0
consumption_alpha,0.2,vacancy_tax,16,rental_vacancy_rate,0.09569377990430622,0.0
consumption_alpha,0.2,vacancy_tax,16,annual_appreciation_g,-0.03,0.0
consumption_alpha,0.2,portfolio_tax,16,homeownership_rate,0.42377260981912146,0.0
consumption_alpha,0.2,portfolio_tax,16,rental_vacancy_rate,0.09569377990430622,0.0
consumption_alpha,0.2,portfolio_tax,16,annual_appreciation_g,-0.03,0.0
consumption_alpha,0.2,geographic,16,homeownership_rate,0.22911051212938005,-0.1946620976897414
consumption_alpha,0.2,geographic,16,rental_vacancy_rate,0.09695290858725762,0.001259128682951402
consumption_alpha,0.2,geographic,16,annual_appreciation_g,-0.0067134808827690184,0.02328651911723098
consumption_alpha,0.2,baseline,17,homeownership_rate,0.43799472295514513,0.0
consumption_alpha,0.2,baseline,17,rental_vacancy_rate,0.08585858585858586,0.0
consumption_alpha,0.2,baseline,17,annual_appreciation_g,-0.03,0.0
consumption_alpha,0.2,waiting_period,17,homeownership_rate,0.3463414634146341,-0.09165325954051101
consumption_alpha,0.2,waiting_period,17,rental_vacancy_rate,0.0,-0.08585858585858586
consumption_alpha,0.2,waiting_period,17,annual_appreciation_g,-0.03,0.0
consumption_alpha,0.2,ownership_cap_soft,17,homeownership_rate,0.48984771573604063,0.0518529927808955
consumption_alpha,0.2,ownership_cap_soft,17,rental_vacancy_rate,0.1826086956521739,0.09675010979358806
consumption_alpha,0.2,ownership_cap_soft,17,annual_appreciation_g,-0.016848090462749266,0.013151909537250733
consumption_alpha,0.2,ownership_cap_hard,17,homeownership_rate,0.316622691292876,-0.12137203166226912
consumption_alpha,0.2,ownership_cap_hard,17,rental_vacancy_rate,0.10069444444444445,0.014835858585858591
consumption_alpha,0.2,ownership_cap_hard,17,annual_appreciation_g,-0.03,0.0
consumption_alpha,0.2,purchase_tax,17,homeownership_rate,0.4831168831168831,0.04512216016173798
consumption_alpha,0.2,purchase_tax,17,rental_vacancy_rate,0.16666666666666666,0.0808080808080808
consumption_alpha,0.2,purchase_tax,17,annual_appreciation_g,-0.024554983947797537,0.0054450160522024615
consumption_alpha,0.2,vacancy_tax,17,homeownership_rate,0.43799472295514513,0.0
consumption_alpha,0.2,vacancy_tax,17,rental_vacancy_rate,0.08585858585858586,0.0
consumption_alpha,0.2,vacancy_tax,17,annual_appreciation_g,-0.03,0.0
consumption_alpha,0.2,portfolio_tax,17,homeownership_rate,0.43799472295514513,0.0
consumption_alpha,0.2,portfolio_tax,17,rental_vacancy_rate,0.08585858585858586,0.0
consumption_alpha,0.2,portfolio_tax,17,annual_appreciation_g,-0.03,0.0
consumption_alpha,0.2,geographic,17,homeownership_rate,0.23450134770889489,-0.20349337524625025
consumption_alpha,0.2,geographic,17,rental_vacancy_rate,0.0943952802359882,0.008536694377402343
consumption_alpha,0.2,geographic,17,annual_appreciation_g,0.025203632764204675,0.055203632764204674
consumption_alpha,0.2,baseline,18,homeownership_rate,0.48756218905472637,0.0
consumption_alpha,0.2,baseline,18,rental_vacancy_rate,0.30357142857142855,0.0
consumption_alpha,0.2,baseline,18,annual_appreciation_g,-0.028581848682413313,0.0
consumption_alpha,0.2,waiting_period,18,homeownership_rate,0.45,-0.03756218905472636
consumption_alpha,0.2,waiting_period,18,rental_vacancy_rate,0.2425531914893617,-0.061018237082066856
consumption_alpha,0.2,waiting_period,18,annual_appreciation_g,-0.0013308554317957855,0.027250993250617528
consumption_alpha,0.2,ownership_cap_soft,18,homeownership_rate,0.49502487562189057,0.007462686567164201
consumption_alpha,0.2,ownership_cap_soft,18,rental_vacancy_rate,0.2672811059907834,-0.03629032258064513
consumption_alpha,0.2,ownership_cap_soft,18,annual_appreciation_g,-0.03,-0.0014181513175866856
consumption_alpha,0.2,ownership_cap_hard,18,homeownership_rate,0.4914004914004914,0.0038383023457650434
consumption_alpha,0.2,ownership_cap_hard,18,rental_vacancy_rate,0.2626728110599078,-0.04089861751152074
consumption_alpha,0.2,ownership_cap_hard,18,annual_appreciation_g,-0.008123981091921362,0.02045786759049195
consumption_alpha,0.2,purchase_tax,18,homeownership_rate,0.39746835443037976,-0.09009383462434661
consumption_alpha,0.2,purchase_tax,18,rental_vacancy_rate,0.11788617886178862,-0.18568524970963993
consumption_alpha,0.2,purchase_tax,18,annual_appreciation_g,-0.03,-0.0014181513175866856
consumption_alpha,0.2,vacancy_tax,18,homeownership_rate,0.5085995085995086,0.021037319544782274
consumption_alpha,0.2,vacancy_tax,18,rental_vacancy_rate,0.2850467289719626,-0.018524699599465955
consumption_alpha,0.2,vacancy_tax,18,annual_appreciation_g,-0.03,-0.0014181513175866856
consumption_alpha,0.2,portfolio_tax,18,homeownership_rate,0.48756218905472637,0.0
consumption_alpha,0.2,portfolio_tax,18,rental_vacancy_rate,0.30357142857142855,0.0
consumption_alpha,0.2,portfolio_tax,18,annual_appreciation_g,-0.028581848682413313,0.0
consumption_alpha,0.2,geographic,18,homeownership_rate,0.23057644110275688,-0.2569857479519695
consumption_alpha,0.2,geographic,18,rental_vacancy_rate,0.12849162011173185,-0.1750798084596967
consumption_alpha,0.2,geographic,18,annual_appreciation_g,-0.03,-0.0014181513175866856
consumption_alpha,0.2,baseline,19,homeownership_rate,0.49504950495049505,0.0
consumption_alpha,0.2,baseline,19,rental_vacancy_rate,0.19047619047619047,0.0
consumption_alpha,0.2,baseline,19,annual_appreciation_g,-0.03,0.0
consumption_alpha,0.2,waiting_period,19,homeownership_rate,0.4666666666666667,-0.02838283828382837
consumption_alpha,0.2,waiting_period,19,rental_vacancy_rate,0.14423076923076922,-0.04624542124542125
consumption_alpha,0.2,waiting_period,19,annual_appreciation_g,-0.015058792963920986,0.014941207036079013
consumption_alpha,0.2,ownership_cap_soft,19,homeownership_rate,0.49504950495049505,0.0
consumption_alpha,0.2,ownership_cap_soft,19,rental_vacancy_rate,0.19047619047619047,0.0
consumption_alpha,0.2,ownership_cap_soft,19,annual_appreciation_g,-0.03,0.0
consumption_alpha,0.2,ownership_cap_hard,19,homeownership_rate,0.49504950495049505,0.0
consumption_alpha,0.2,ownership_cap_hard,19,rental_vacancy_rate,0.19047619047619047,0.0
consumption_alpha,0.2,ownership_cap_hard,19,annual_appreciation_g,-0.03,0.0
consumption_alpha,0.2,purchase_tax,19,homeownership_rate,0.45169082125603865,-0.04335868369445639
consumption_alpha,0.2,purchase_tax,19,rental_vacancy_rate,0.13675213675213677,-0.0537240537240537
consumption_alpha,0.2,purchase_tax,19,annual_appreciation_g,0.016518036020983784,0.04651803602098378
consumption_alpha,0.2,vacancy_tax,19,homeownership_rate,0.4475,-0.047549504950495036
consumption_alpha,0.2,vacancy_tax,19,rental_vacancy_rate,0.107981220657277,-0.08249496981891347
consumption_alpha,0.2,vacancy_tax,19,annual_appreciation_g,-0.014511914665760184,0.015488085334239815
consumption_alpha,0.2,portfolio_tax,19,homeownership_rate,0.49504950495049505,0.0
consumption_alpha,0.2,portfolio_tax,19,rental_vacancy_rate,0.19047619047619047,0.0
consumption_alpha,0.2,portfolio_tax,19,annual_appreciation_g,-0.03,0.0
consumption_alpha,0.2,geographic,19,homeownership_rate,0.2695035460992908,-0.22554595885120426
consumption_alpha,0.2,geographic,19,rental_vacancy_rate,0.15193370165745856,-0.0385424888187319
consumption_alpha,0.2,geographic,19,annual_appreciation_g,-0.03,0.0
consumption_alpha,0.35,baseline,0,homeownership_rate,0.4393939393939394,0.0
consumption_alpha,0.35,baseline,0,rental_vacancy_rate,0.1382488479262673,0.0
consumption_alpha,0.35,baseline,0,annual_appreciation_g,-0.009527999118035146,0.0
consumption_alpha,0.35,waiting_period,0,homeownership_rate,0.36318407960199006,-0.07620985979194933
consumption_alpha,0.35,waiting_period,0,rental_vacancy_rate,0.034782608695652174,-0.10346623923061513
consumption_alpha,0.35,waiting_period,0,annual_appreciation_g,-0.016604925489604683,-0.007076926371569536
consumption_alpha,0.35,ownership_cap_soft,0,homeownership_rate,0.39285714285714285,-0.04653679653679654
consumption_alpha,0.35,ownership_cap_soft,0,rental_vacancy_rate,0.1277533039647577,-0.01049554396150959
consumption_alpha,0.35,ownership_cap_soft,0,annual_appreciation_g,-0.0197765909504678,-0.010248591832432652
consumption_alpha,0.35,ownership_cap_hard,0,homeownership_rate,0.4772117962466488,0.037817856852709386
consumption_alpha,0.35,ownership_cap_hard,0,rental_vacancy_rate,0.2018348623853211,0.06358601445905382
consumption_alpha,0.35,ownership_cap_hard,0,annual_appreciation_g,-0.013256389152843218,-0.003728390034808071
consumption_alpha,0.35,purchase_tax,0,homeownership_rate,0.4606741573033708,0.02128021790943141
consumption_alpha,0.35,purchase_tax,0,rental_vacancy_rate,0.2544642857142857,0.1162154377880184
consumption_alpha,0.35,purchase_tax,0,annual_appreciation_g,-0.0024650949803871613,0.007062904137647985
consumption_alpha,0.35,vacancy_tax,0,homeownership_rate,0.4734042553191489,0.03401031592520953
consumption_alpha,0.35,vacancy_tax,0,rental_vacancy_rate,0.2772727272727273,0.13902387934646
consumption_alpha,0.35,vacancy_tax,0,annual_appreciation_g,-0.0297003784619585,-0.020172379343923352
consumption_alpha,0.35,portfolio_tax,0,homeownership_rate,0.4393939393939394,0.0
consumption_alpha,0.35,portfolio_tax,0,rental_vacancy_rate,0.1382488479262673,0.0
consumption_alpha,0.35,portfolio_tax,0,annual_appreciation_g,-0.009527999118035146,0.0
consumption_alpha,0.35,geographic,0,homeownership_rate,0.2595419847328244,-0.17985195466111498
consumption_alpha,0.35,geographic,0,rental_vacancy_rate,0.16066481994459833,0.022415972018331037
consumption_alpha,0.35,geographic,0,annual_appreciation_g,0.007980422647485552,0.0175084217655207
consumption_alpha,0.35,baseline,1,homeownership_rate,0.37464788732394366,0.0
consumption_alpha,0.35,baseline,1,rental_vacancy_rate,0.19672131147540983,0.0
consumption_alpha,0.35,baseline,1,annual_appreciation_g,-0.01774708665065905,0.0
consumption_alpha,0.35,waiting_period,1,homeownership_rate,0.4360313315926893,0.061383444268745646
consumption_alpha,0.35,waiting_period,1,rental_vacancy_rate,0.21367521367521367,0.016953902199803833
consumption_alpha,0.35,waiting_period,1,annual_appreciation_g,-0.03,-0.01225291334934095
consumption_alpha,0.35,ownership_cap_soft,1,homeownership_rate,0.3394255874673629,-0.03522229985658076
consumption_alpha,0.35,ownership_cap_soft,1,rental_vacancy_rate,0.09689922480620156,-0.09982208666920828
consumption_alpha,0.35,ownership_cap_soft,1,annual_appreciation_g,-0.03,-0.01225291334934095
consumption_alpha,0.35,ownership_cap_hard,1,homeownership_rate,0.39779005524861877,0.023142167924675106
consumption_alpha,0.35,ownership_cap_hard,1,rental_vacancy_rate,0.2623574144486692,0.06563610297325939
consumption_alpha,0.35,ownership_cap_hard,1,annual_appreciation_g,0.03999997874821193,0.05774706539887098
consumption_alpha,0.35,purchase_tax,1,homeownership_rate,0.42857142857142855,0.053923541247484885
consumption_alpha,0.35,purchase_tax,1,rental_vacancy_rate,0.14566929133858267,-0.051052020136827164
consumption_alpha,0.35,purchase_tax,1,annual_appreciation_g,-0.03,-0.01225291334934095
consumption_alpha,0.35,vacancy_tax,1,homeownership_rate,0.3464788732394366,-0.02816901408450706
consumption_alpha,0.35,vacancy_tax,1,rental_vacancy_rate,0.17338709677419356,-0.02333421470121627
consumption_alpha,0.35,vacancy_tax,1,annual_appreciation_g,-0.03,-0.01225291334934095
consumption_alpha,0.35,portfolio_tax,1,homeownership_rate,0.37464788732394366,0.0
consumption_alpha,0.35,portfolio_tax,1,rental_vacancy_rate,0.19672131147540983,0.0
consumption_alpha,0.35,portfolio_tax,1,annual_appreciation_g,-0.01774708665065905,0.0
consumption_alpha,0.35,geographic,1,homeownership_rate,0.23786407766990292,-0.13678380965404074
consumption_alpha,0.35,geographic,1,rental_vacancy_rate,0.1307901907356948,-0.06593112073971502
consumption_alpha,0.35,geographic,1,annual_appreciation_g,0.0073596700448927965,0.025106756695551846
consumption_alpha,0.35,baseline,2,homeownership_rate,0.4427083333333333,0.0
consumption_alpha,0.35,baseline,2,rental_vacancy_rate,0.2157676348547718,0.0
consumption_alpha,0.35,baseline,2,annual_appreciation_g,-0.0211564103198566,0.0
consumption_alpha,0.35,waiting_period,2,homeownership_rate,0.37305699481865284,-0.06965133851468047
consumption_alpha,0.35,waiting_period,2,rental_vacancy_rate,0.0514018691588785,-0.16436576569589328
consumption_alpha,0.35,waiting_period,2,annual_appreciation_g,-0.026813013450443735,-0.0056566031305871345
consumption_alpha,0.35,ownership_cap_soft,2,homeownership_rate,0.41818181818181815,-0.02452651515151516
consumption_alpha,0.35,ownership_cap_soft,2,rental_vacancy_rate,0.2074688796680498,-0.00829875518672199
consumption_alpha,0.35,ownership_cap_soft,2,annual_appreciation_g,-0.015153153119278007,0.006003257200578593
consumption_alpha,0.35,ownership_cap_hard,2,homeownership_rate,0.43556701030927836,-0.0071413230240549574
consumption_alpha,0.35,ownership_cap_hard,2,rental_vacancy_rate,0.22433460076045628,0.008566965905684482
consumption_alpha,0.35,ownership_cap_hard,2,annual_appreciation_g,0.06595231279421832,0.08710872311407492
consumption_alpha,0.35,purchase_tax,2,homeownership_rate,0.4156171284634761,-0.02709120486985722
consumption_alpha,0.35,purchase_tax,2,rental_vacancy_rate,0.10526315789473684,-0.11050447696003496
consumption_alpha,0.35,purchase_tax,2,annual_appreciation_g,-0.03,-0.008843589680143399
consumption_alpha,0.35,vacancy_tax,2,homeownership_rate,0.46842105263157896,0.025712719298245645
consumption_alpha,0.35,vacancy_tax,2,rental_vacancy_rate,0.2594142259414226,0.04364659108665081
consumption_alpha,0.35,vacancy_tax,2,annual_appreciation_g,0.07194148873566308,0.09309789905551968
consumption_alpha,0.35,portfolio_tax,2,homeownership_rate,0.4427083333333333,0.0
consumption_alpha,0.35,portfolio_tax,2,rental_vacancy_rate,0.2157676348547718,0.0
consumption_alpha,0.35,portfolio_tax,2,annual_appreciation_g,-0.0211564103198566,0.0
consumption_alpha,0.35,geographic,2,homeownership_rate,0.25857519788918204,-0.18413313544415127
consumption_alpha,0.35,geographic,2,rental_vacancy_rate,0.11078717201166181,-0.10498046284310998
consumption_alpha,0.35,geographic,2,annual_appreciation_g,0.09919968233730603,0.12035609265716263
consumption_alpha,0.35,baseline,3,homeownership_rate,0.39949748743718594,0.0
consumption_alpha,0.35,baseline,3,rental_vacancy_rate,0.15254237288135594,0.0
consumption_alpha,0.35,baseline,3,annual_appreciation_g,-0.03,0.0
consumption_alpha,0.35,waiting_period,3,homeownership_rate,0.5,0.10050251256281406
consumption_alpha,0.35,waiting_period,3,rental_vacancy_rate,0.15137614678899083,-0.001166226092365108
consumption_alpha,0.35,waiting_period,3,annual_appreciation_g,-0.03,0.0
consumption_alpha,0.35,ownership_cap_soft,3,homeownership_rate,0.4080604534005038,0.008562965963317848
consumption_alpha,0.35,ownership_cap_soft,3,rental_vacancy_rate,0.13675213675213677,-0.015790236129219176
consumption_alpha,0.35,ownership_cap_soft,3,annual_appreciation_g,-0.03,0.0
consumption_alpha,0.35,ownership_cap_hard,3,homeownership_rate,0.4635416666666667,0.06404417922948075
consumption_alpha,0.35,ownership_cap_hard,3,rental_vacancy_rate,0.29338842975206614,0.1408460568707102
consumption_alpha,0.35,ownership_cap_hard,3,annual_appreciation_g,0.0,0.03
consumption_alpha,0.35,purchase_tax,3,homeownership_rate,0.3842239185750636,-0.015273568862122333
consumption_alpha,0.35,purchase_tax,3,rental_vacancy_rate,0.12452830188679245,-0.02801407099456349
consumption_alpha,0.35,purchase_tax,3,annual_appreciation_g,-0.015276947542052222,0.014723052457947777
consumption_alpha,0.35,vacancy_tax,3,homeownership_rate,0.3765586034912718,-0.022938883945914146
consumption_alpha,0.35,vacancy_tax,3,rental_vacancy_rate,0.11063829787234042,-0.04190407500901552
consumption_alpha,0.35,vacancy_tax,3,annual_appreciation_g,-0.01050298145245765,0.01949701854754235
consumption_alpha,0.35,portfolio_tax,3,homeownership_rate,0.39949748743718594,0.0
consumption_alpha,0.35,portfolio_tax,3,rental_vacancy_rate,0.15254237288135594,0.0
consumption_alpha,0.35,portfolio_tax,3,annual_appreciation_g,-0.03,0.0
consumption_alpha,0.35,geographic,3,homeownership_rate,0.28433734939759037,-0.11516013803959557
consumption_alpha,0.35,geographic,3,rental_vacancy_rate,0.13559322033898305,-0.01694915254237289
consumption_alpha,0.35,geographic,3,annual_appreciation_g,0.02930373124583685,0.05930373124583685
consumption_alpha,0.35,baseline,4,homeownership_rate,0.4427860696517413,0.0
consumption_alpha,0.35,baseline,4,rental_vacancy_rate,0.029556650246305417,0.0
consumption_alpha,0.35,baseline,4,annual_appreciation_g,-0.03,0.0
consumption_alpha,0.35,waiting_period,4,homeownership_rate,0.4780361757105943,0.03525010605885304
consumption_alpha,0.35,waiting_period,4,rental_vacancy_rate,0.1872146118721461,0.1576579616258407
consumption_alpha,0.35,waiting_period,4,annual_appreciation_g,-0.03,0.0
consumption_alpha,0.35,ownership_cap_soft,4,homeownership_rate,0.4358974358974359,-0.006888633754305373
consumption_alpha,0.35,ownership_cap_soft,4,rental_vacancy_rate,0.12857142857142856,0.09901477832512315
consumption_alpha,0.35,ownership_cap_soft,4,annual_appreciation_g,-0.03,0.0
consumption_alpha,0.35,ownership_cap_hard,4,homeownership_rate,0.4044665012406948,-0.0383195684110465
consumption_alpha,0.35,ownership_cap_hard,4,rental_vacancy_rate,0.03286384976525822,0.003307199518952801
consumption_alpha,0.35,ownership_cap_hard,4,annual_appreciation_g,-0.03,0.0
consumption_alpha,0.35,purchase_tax,4,homeownership_rate,0.39746835443037976,-0.04531771522136152
consumption_alpha,0.35,purchase_tax,4,rental_vacancy_rate,0.009174311926605505,-0.020382338319699912
consumption_alpha,0.35,purchase_tax,4,annual_appreciation_g,-0.03,0.0
consumption_alpha,0.35,vacancy_tax,4,homeownership_rate,0.5173267326732673,0.07454066302152607
consumption_alpha,0.35,vacancy_tax,4,rental_vacancy_rate,0.24537037037037038,0.21581372012406497
consumption_alpha,0.35,vacancy_tax,4,annual_appreciation_g,0.0009552113961039943,0.030955211396103993
consumption_alpha,0.35,portfolio_tax,4,homeownership_rate,0.4427860696517413,0.0
consumption_alpha,0.35,portfolio_tax,4,rental_vacancy_rate,0.029556650246305417,0.0
consumption_alpha,0.35,portfolio_tax,4,annual_appreciation_g,-0.03,0.0
consumption_alpha,0.35,geographic,4,homeownership_rate,0.2656641604010025,-0.17712190925073878
consumption_alpha,0.35,geographic,4,rental_vacancy_rate,0.10115606936416185,0.07159941911785644
consumption_alpha,0.35,geographic,4,annual_appreciation_g,-0.03,0.0
consumption_alpha,0.35,baseline,5,homeownership_rate,0.43846153846153846,0.0
consumption_alpha,0.35,baseline,5,rental_vacancy_rate,0.2196078431372549,0.0
consumption_alpha,0.35,baseline,5,annual_appreciation_g,0.0029488412061660085,0.0
consumption_alpha,0.35,waiting_period,5,homeownership_rate,0.46115288220551376,0.0226913437439753
consumption_alpha,0.35,waiting_period,5,rental_vacancy_rate,0.25217391304347825,0.03256606990622335
consumption_alpha,0.35,waiting_period,5,annual_appreciation_g,-0.03,-0.03294884120616601
consumption_alpha,0.35,ownership_cap_soft,5,homeownership_rate,0.4397905759162304,0.0013290374546919281
consumption_alpha,0.35,ownership_cap_soft,5,rental_vacancy_rate,0.2813688212927757,0.061760978155520785
consumption_alpha,0.35,ownership_cap_soft,5,annual_appreciation_g,-0.023992551778909244,-0.026941392985075252
consumption_alpha,0.35,ownership_cap_hard,5,homeownership_rate,0.4517766497461929,0.013315111284654457
consumption_alpha,0.35,ownership_cap_hard,5,rental_vacancy_rate,0.24,0.020392156862745092
consumption_alpha,0.35,ownership_cap_hard,5,annual_appreciation_g,-0.03,-0.03294884120616601
consumption_alpha,0.35,purchase_tax,5,homeownership_rate,0.4509283819628647,0.012466843501326264
consumption_alpha,0.35,purchase_tax,5,rental_vacancy_rate,0.25112107623318386,0.03151323309592896
consumption_alpha,0.35,purchase_tax,5,annual_appreciation_g,-0.03,-0.03294884120616601
consumption_alpha,0.35,vacancy_tax,5,homeownership_rate,0.37254901960784315,-0.06591251885369531
consumption_alpha,0.35,vacancy_tax,5,rental_vacancy_rate,0.0815450643776824,-0.1380627787595725
consumption_alpha,0.35,vacancy_tax,5,annual_appreciation_g,-0.012011156223346808,-0.014959997429512817
consumption_alpha,0.35,portfolio_tax,5,homeownership_rate,0.43846153846153846,0.0
consumption_alpha,0.35,portfolio_tax,5,rental_vacancy_rate,0.2196078431372549,0.0
consumption_alpha,0.35,portfolio_tax,5,annual_appreciation_g,0.0029488412061660085,0.0
consumption_alpha,0.35,geographic,5,homeownership_rate,0.24804177545691905,-0.1904197630046194
consumption_alpha,0.35,geographic,5,rental_vacancy_rate,0.13764044943820225,-0.08196739369905265
consumption_alpha,0.35,geographic,5,annual_appreciation_g,0.0535573187492413,0.05060847754307529
consumption_alpha,0.35,baseline,6,homeownership_rate,0.48205128205128206,0.0
consumption_alpha,0.35,baseline,6,rental_vacancy_rate,0.25217391304347825,0.0
consumption_alpha,0.35,baseline,6,annual_appreciation_g,0.0,0.0
consumption_alpha,0.35,waiting_period,6,homeownership_rate,0.45569620253164556,-0.026355079519636504
consumption_alpha,0.35,waiting_period,6,rental_vacancy_rate,0.1926605504587156,-0.05951336258476264
consumption_alpha,0.35,waiting_period,6,annual_appreciation_g,-0.03,-0.03
consumption_alpha,0.35,ownership_cap_soft,6,homeownership_rate,0.3994708994708995,-0.08258038258038258
consumption_alpha,0.35,ownership_cap_soft,6,rental_vacancy_rate,0.18930041152263374,-0.0628735015208445
consumption_alpha,0.35,ownership_cap_soft,6,annual_appreciation_g,-0.03,-0.03
consumption_alpha,0.35,ownership_cap_hard,6,homeownership_rate,0.4097938144329897,-0.07225746761829238
consumption_alpha,0.35,ownership_cap_hard,6,rental_vacancy_rate,0.1297071129707113,-0.12246680007276695
consumption_alpha,0.35,ownership_cap_hard,6,annual_appreciation_g,-0.03,-0.03
consumption_alpha,0.35,purchase_tax,6,homeownership_rate,0.3726541554959786,-0.10939712655530348
consumption_alpha,0.35,purchase_tax,6,rental_vacancy_rate,0.061224489795918366,-0.19094942324755987
consumption_alpha,0.35,purchase_tax,6,annual_appreciation_g,-0.03,-0.03
consumption_alpha,0.35,vacancy_tax,6,homeownership_rate,0.48205128205128206,0.0
consumption_alpha,0.35,vacancy_tax,6,rental_vacancy_rate,0.25217391304347825,0.0
consumption_alpha,0.35,vacancy_tax,6,annual_appreciation_g,0.0,0.0
consumption_alpha,0.35,portfolio_tax,6,homeownership_rate,0.48205128205128206,0.0
consumption_alpha,0.35,portfolio_tax,6,rental_vacancy_rate,0.25217391304347825,0.0
consumption_alpha,0.35,portfolio_tax,6,annual_appreciation_g,0.0,0.0
consumption_alpha,0.35,geographic,6,homeownership_rate,0.25728155339805825,-0.2247697286532238
consumption_alpha,0.35,geographic,6,rental_vacancy_rate,0.12876712328767123,-0.12340678975580702
consumption_alpha,0.35,geographic,6,annual_appreciation_g,0.027777298362026803,0.027777298362026803
consumption_alpha,0.35,baseline,7,homeownership_rate,0.43360433604336046,0.0
consumption_alpha,0.35,baseline,7,rental_vacancy_rate,0.2081447963800905,0.0
consumption_alpha,0.35,baseline,7,annual_appreciation_g,-0.03,0.0
consumption_alpha,0.35,waiting_period,7,homeownership_rate,0.5595238095238095,0.12591947348044907
consumption_alpha,0.35,waiting_period,7,rental_vacancy_rate,0.2398190045248869,0.03167420814479638
consumption_alpha,0.35,waiting_period,7,annual_appreciation_g,-0.012943279160200771,0.017056720839799228
consumption_alpha,0.35,ownership_cap_soft,7,homeownership_rate,0.43902439024390244,0.005420054200541979
consumption_alpha,0.35,ownership_cap_soft,7,rental_vacancy_rate,0.20642201834862386,-0.001722778031466643
consumption_alpha,0.35,ownership_cap_soft,7,annual_appreciation_g,-0.03,0.0
consumption_alpha,0.35,ownership_cap_hard,7,homeownership_rate,0.4366576819407008,0.0030533458973403538
consumption_alpha,0.35,ownership_cap_hard,7,rental_vacancy_rate,0.19724770642201836,-0.010897089958072148
consumption_alpha,0.35,ownership_cap_hard,7,annual_appreciation_g,-0.03,0.0
consumption_alpha,0.35,purchase_tax,7,homeownership_rate,0.3979848866498741,-0.03561944939348638
consumption_alpha,0.35,purchase_tax,7,rental_vacancy_rate,0.017543859649122806,-0.1906009367309677
consumption_alpha,0.35,purchase_tax,7,annual_appreciation_g,-0.02451422666916614,0.00548577333083386
consumption_alpha,0.35,vacancy_tax,7,homeownership_rate,0.47733333333333333,0.04372899728997287
consumption_alpha,0.35,vacancy_tax,7,rental_vacancy_rate,0.19534883720930232,-0.012795959170788185
consumption_alpha,0.35,vacancy_tax,7,annual_appreciation_g,-0.03,0.0
consumption_alpha,0.35,portfolio_tax,7,homeownership_rate,0.43360433604336046,0.0
consumption_alpha,0.35,portfolio_tax,7,rental_vacancy_rate,0.2081447963800905,0.0
consumption_alpha,0.35,portfolio_tax,7,annual_appreciation_g,-0.03,0.0
consumption_alpha,0.35,geographic,7,homeownership_rate,0.2425,-0.19110433604336047
consumption_alpha,0.35,geographic,7,rental_vacancy_rate,0.12078651685393259,-0.08735827952615792
consumption_alpha,0.35,geographic,7,annual_appreciation_g,0.12258745689784933,0.15258745689784933
consumption_alpha,0.35,baseline,8,homeownership_rate,0.3827751196172249,0.0
consumption_alpha,0.35,baseline,8,rental_vacancy_rate,0.0,0.0
consumption_alpha,0.35,baseline,8,annual_appreciation_g,-0.03,0.0
consumption_alpha,0.35,waiting_period,8,homeownership_rate,0.32891246684350134,-0.05386265277372354
consumption_alpha,0.35,waiting_period,8,rental_vacancy_rate,0.035856573705179286,0.035856573705179286
consumption_alpha,0.35,waiting_period,8,annual_appreciation_g,-0.03,0.0
consumption_alpha,0.35,ownership_cap_soft,8,homeownership_rate,0.37922077922077924,-0.0035543403964456433
consumption_alpha,0.35,ownership_cap_soft,8,rental_vacancy_rate,0.08888888888888889,0.08888888888888889
consumption_alpha,0.35,ownership_cap_soft,8,annual_appreciation_g,-0.03,0.0
consumption_alpha,0.35,ownership_cap_hard,8,homeownership_rate,0.3851851851851852,0.0024100655679603067
consumption_alpha,0.35,ownership_cap_hard,8,rental_vacancy_rate,0.018518518518518517,0.018518518518518517
consumption_alpha,0.35,ownership_cap_hard,8,annual_appreciation_g,-0.03,0.0
consumption_alpha,0.35,purchase_tax,8,homeownership_rate,0.49066666666666664,0.10789154704944176
consumption_alpha,0.35,purchase_tax,8,rental_vacancy_rate,0.20614035087719298,0.20614035087719298
consumption_alpha,0.35,purchase_tax,8,annual_appreciation_g,0.0,0.03
consumption_alpha,0.35,vacancy_tax,8,homeownership_rate,0.3827751196172249,0.0
consumption_alpha,0.35,vacancy_tax,8,rental_vacancy_rate,0.0,0.0
consumption_alpha,0.35,vacancy_tax,8,annual_appreciation_g,-0.03,0.0
consumption_alpha,0.35,portfolio_tax,8,homeownership_rate,0.3827751196172249,0.0
consumption_alpha,0.35,portfolio_tax,8,rental_vacancy_rate,0.0,0.0
consumption_alpha,0.35,portfolio_tax,8,annual_appreciation_g,-0.03,0.0
consumption_alpha,0.35,geographic,8,homeownership_rate,0.271356783919598,-0.11141833569762688
consumption_alpha,0.35,geographic,8,rental_vacancy_rate,0.09329446064139942,0.09329446064139942
consumption_alpha,0.35,geographic,8,annual_appreciation_g,-0.02102507741561277,0.00897492258438723
consumption_alpha,0.35,baseline,9,homeownership_rate,0.42710997442455245,0.0
consumption_alpha,0.35,baseline,9,rental_vacancy_rate,0.10087719298245613,0.0
consumption_alpha,0.35,baseline,9,annual_appreciation_g,-0.03,0.0
consumption_alpha,0.35,waiting_period,9,homeownership_rate,0.5265700483091788,0.0994600738846263
consumption_alpha,0.35,waiting_period,9,rental_vacancy_rate,0.2765957446808511,0.17571855169839495
consumption_alpha,0.35,waiting_period,9,annual_appreciation_g,0.0,0.03
consumption_alpha,0.35,ownership_cap_soft,9,homeownership_rate,0.46174142480211083,0.03463145037755838
consumption_alpha,0.35,ownership_cap_soft,9,rental_vacancy_rate,0.18777292576419213,0.086895732781736
consumption_alpha,0.35,ownership_cap_soft,9,annual_appreciation_g,-0.011478595474558984,0.018521404525441015
consumption_alpha,0.35,ownership_cap_hard,9,homeownership_rate,0.45118733509234826,0.02407736066779581
consumption_alpha,0.35,ownership_cap_hard,9,rental_vacancy_rate,0.15859030837004406,0.05771311538758793
consumption_alpha,0.35,ownership_cap_hard,9,annual_appreciation_g,-0.018559671086967766,0.011440328913032233
consumption_alpha,0.35,purchase_tax,9,homeownership_rate,0.36923076923076925,-0.0578792051937832
consumption_alpha,0.35,purchase_tax,9,rental_vacancy_rate,0.12692307692307692,0.02604588394062078
consumption_alpha,0.35,purchase_tax,9,annual_appreciation_g,-0.01758753043980177,0.01241246956019823
consumption_alpha,0.35,vacancy_tax,9,homeownership_rate,0.3979328165374677,-0.029177157887084748
consumption_alpha,0.35,vacancy_tax,9,rental_vacancy_rate,0.04128440366972477,-0.05959278931273136
consumption_alpha,0.35,vacancy_tax,9,annual_appreciation_g,-0.03,0.0
consumption_alpha,0.35,portfolio_tax,9,homeownership_rate,0.42710997442455245,0.0
consumption_alpha,0.35,portfolio_tax,9,rental_vacancy_rate,0.10087719298245613,0.0
consumption_alpha,0.35,portfolio_tax,9,annual_appreciation_g,-0.03,0.0
consumption_alpha,0.35,geographic,9,homeownership_rate,0.17662337662337663,-0.2504865978011758
consumption_alpha,0.35,geographic,9,rental_vacancy_rate,0.10027855153203342,-0.00059864145042271
consumption_alpha,0.35,geographic,9,annual_appreciation_g,-0.0013306501569195772,0.02866934984308042
consumption_alpha,0.35,baseline,10,homeownership_rate,0.41959798994974873,0.0
consumption_alpha,0.35,baseline,10,rental_vacancy_rate,0.08755760368663594,0.0
consumption_alpha,0.35,baseline,10,annual_appreciation_g,-0.03,0.0
consumption_alpha,0.35,waiting_period,10,homeownership_rate,0.49765258215962443,0.0780545922098757
consumption_alpha,0.35,waiting_period,10,rental_vacancy_rate,0.2168141592920354,0.12925655560539945
consumption_alpha,0.35,waiting_period,10,annual_appreciation_g,-0.03,0.0
consumption_alpha,0.35,ownership_cap_soft,10,homeownership_rate,0.5037593984962406,0.0841614085464919
consumption_alpha,0.35,ownership_cap_soft,10,rental_vacancy_rate,0.2300469483568075,0.14248934467017155
consumption_alpha,0.35,ownership_cap_soft,10,annual_appreciation_g,-0.014158101948370194,0.015841898051629805
consumption_alpha,0.35,ownership_cap_hard,10,homeownership_rate,0.4345679012345679,0.01496991128481917
consumption_alpha,0.35,ownership_cap_hard,10,rental_vacancy_rate,0.15178571428571427,0.06422811059907833
consumption_alpha,0.35,ownership_cap_hard,10,annual_appreciation_g,-0.03,0.0
consumption_alpha,0.35,purchase_tax,10,homeownership_rate,0.3622448979591837,-0.05735309199056504
consumption_alpha,0.35,purchase_tax,10,rental_vacancy_rate,0.09361702127659574,0.006059417589959801
consumption_alpha,0.35,purchase_tax,10,annual_appreciation_g,-0.023990012042771736,0.006009987957228263
consumption_alpha,0.35,vacancy_tax,10,homeownership_rate,0.4267352185089974,0.007137228559248698
consumption_alpha,0.35,vacancy_tax,10,rental_vacancy_rate,0.12385321100917432,0.03629560732253838
consumption_alpha,0.35,vacancy_tax,10,annual_appreciation_g,-0.03,0.0
consumption_alpha,0.35,portfolio_tax,10,homeownership_rate,0.41959798994974873,0.0
consumption_alpha,0.35,portfolio_tax,10,rental_vacancy_rate,0.08755760368663594,0.0
consumption_alpha,0.35,portfolio_tax,10,annual_appreciation_g,-0.03,0.0
consumption_alpha,0.35,geographic,10,homeownership_rate,0.2845953002610966,-0.13500268968865214
consumption_alpha,0.35,geographic,10,rental_vacancy_rate,0.1636904761904762,0.07613287250384025
consumption_alpha,0.35,geographic,10,annual_appreciation_g,0.0008912435348125136,0.030891243534812513
consumption_alpha,0.35,baseline,11,homeownership_rate,0.4665012406947891,0.0
consumption_alpha,0.35,baseline,11,rental_vacancy_rate,0.11818181818181818,0.0
consumption_alpha,0.35,baseline,11,annual_appreciation_g,0.003579885240909908,0.0
consumption_alpha,0.35,waiting_period,11,homeownership_rate,0.4166666666666667,-0.049834574028122414
consumption_alpha,0.35,waiting_period,11,rental_vacancy_rate,0.07142857142857142,-0.046753246753246755
consumption_alpha,0.35,waiting_period,11,annual_appreciation_g,-0.011687213784572825,-0.015267099025482733
consumption_alpha,0.35,ownership_cap_soft,11,homeownership_rate,0.47685185185185186,0.010350611157062761
consumption_alpha,0.35,ownership_cap_soft,11,rental_vacancy_rate,0.12053571428571429,0.002353896103896108
consumption_alpha,0.35,ownership_cap_soft,11,annual_appreciation_g,-0.016532827329137967,-0.020112712570047875
consumption_alpha,0.35,ownership_cap_hard,11,homeownership_rate,0.4768856447688564,0.010384404074067322
consumption_alpha,0.35,ownership_cap_hard,11,rental_vacancy_rate,0.16956521739130434,0.05138339920948616
consumption_alpha,0.35,ownership_cap_hard,11,annual_appreciation_g,-0.008925724649091138,-0.012505609890001046
consumption_alpha,0.35,purchase_tax,11,homeownership_rate,0.36561743341404357,-0.10088380728074553
consumption_alpha,0.35,purchase_tax,11,rental_vacancy_rate,0.00398406374501992,-0.11419775443679826
consumption_alpha,0.35,purchase_tax,11,annual_appreciation_g,-0.015157974664434581,-0.01873785990534449
consumption_alpha,0.35,vacancy_tax,11,homeownership_rate,0.39260969976905313,-0.07389154092573597
consumption_alpha,0.35,vacancy_tax,11,rental_vacancy_rate,0.0,-0.11818181818181818
consumption_alpha,0.35,vacancy_tax,11,annual_appreciation_g,-0.017492441736617903,-0.02107232697752781
consumption_alpha,0.35,portfolio_tax,11,homeownership_rate,0.4665012406947891,0.0
consumption_alpha,0.35,portfolio_tax,11,rental_vacancy_rate,0.11818181818181818,0.0
consumption_alpha,0.35,portfolio_tax,11,annual_appreciation_g,0.003579885240909908,0.0
consumption_alpha,0.35,geographic,11,homeownership_rate,0.3026634382566586,-0.1638378024381305
consumption_alpha,0.35,geographic,11,rental_vacancy_rate,0.15088757396449703,0.032705755782678855
consumption_alpha,0.35,geographic,11,annual_appreciation_g,-0.03,-0.03357988524090991
consumption_alpha,0.35,baseline,12,homeownership_rate,0.34748010610079577,0.0
consumption_alpha,0.35,baseline,12,rental_vacancy_rate,0.008547008547008548,0.0
consumption_alpha,0.35,baseline,12,annual_appreciation_g,-0.03,0.0
consumption_alpha,0.35,waiting_period,12,homeownership_rate,0.4948453608247423,0.14736525472394651
consumption_alpha,0.35,waiting_period,12,rental_vacancy_rate,0.16037735849056603,0.15183034994355749
consumption_alpha,0.35,waiting_period,12,annual_appreciation_g,-0.03,0.0
consumption_alpha,0.35,ownership_cap_soft,12,homeownership_rate,0.45,0.10251989389920424
consumption_alpha,0.35,ownership_cap_soft,12,rental_vacancy_rate,0.16170212765957448,0.15315511911256594
consumption_alpha,0.35,ownership_cap_soft,12,annual_appreciation_g,-0.0010685923241936512,0.028931407675806348
consumption_alpha,0.35,ownership_cap_hard,12,homeownership_rate,0.5330073349633252,0.18552722886252943
consumption_alpha,0.35,ownership_cap_hard,12,rental_vacancy_rate,0.24358974358974358,0.23504273504273504
consumption_alpha,0.35,ownership_cap_hard,12,annual_appreciation_g,0.012677866007172689,0.04267786600717269
consumption_alpha,0.35,purchase_tax,12,homeownership_rate,0.4650537634408602,0.11757365734006442
consumption_alpha,0.35,purchase_tax,12,rental_vacancy_rate,0.16666666666666666,0.1581196581196581
consumption_alpha,0.35,purchase_tax,12,annual_appreciation_g,-0.007816316047021044,0.022183683952978955
consumption_alpha,0.35,vacancy_tax,12,homeownership_rate,0.44584382871536526,0.0983637226145695
consumption_alpha,0.35,vacancy_tax,12,rental_vacancy_rate,0.1282051282051282,0.11965811965811965
consumption_alpha,0.35,vacancy_tax,12,annual_appreciation_g,-0.021047648112858863,0.008952351887141136
consumption_alpha,0.35,portfolio_tax,12,homeownership_rate,0.34748010610079577,0.0
consumption_alpha,0.35,portfolio_tax,12,rental_vacancy_rate,0.008547008547008548,0.0
consumption_alpha,0.35,portfolio_tax,12,annual_appreciation_g,-0.03,0.0
consumption_alpha,0.35,geographic,12,homeownership_rate,0.3125,-0.03498010610079577
consumption_alpha,0.35,geographic,12,rental_vacancy_rate,0.10638297872340426,0.09783597017639571
consumption_alpha,0.35,geographic,12,annual_appreciation_g,-0.03,0.0
consumption_alpha,0.35,baseline,13,homeownership_rate,0.43005181347150256,0.0
consumption_alpha,0.35,baseline,13,rental_vacancy_rate,0.125,0.0
consumption_alpha,0.35,baseline,13,annual_appreciation_g,-0.007366407452159884,0.0
consumption_alpha,0.35,waiting_period,13,homeownership_rate,0.3684210526315789,-0.06163076083992364
consumption_alpha,0.35,waiting_period,13,rental_vacancy_rate,0.0,-0.125
consumption_alpha,0.35,waiting_period,13,annual_appreciation_g,-0.015766221538837555,-0.00839981408667767
consumption_alpha,0.35,ownership_cap_soft,13,homeownership_rate,0.43005181347150256,0.0
consumption_alpha,0.35,ownership_cap_soft,13,rental_vacancy_rate,0.125,0.0
consumption_alpha,0.35,ownership_cap_soft,13,annual_appreciation_g,-0.007366407452159884,0.0
consumption_alpha,0.35,ownership_cap_hard,13,homeownership_rate,0.43005181347150256,0.0
consumption_alpha,0.35,ownership_cap_hard,13,rental_vacancy_rate,0.125,0.0
consumption_alpha,0.35,ownership_cap_hard,13,annual_appreciation_g,-0.007366407452159884,0.0
consumption_alpha,0.35,purchase_tax,13,homeownership_rate,0.38186813186813184,-0.04818368160337072
consumption_alpha,0.35,purchase_tax,13,rental_vacancy_rate,0.14615384615384616,0.021153846153846162
consumption_alpha,0.35,purchase_tax,13,annual_appreciation_g,-0.0012484394506866447,0.00611796800147324
consumption_alpha,0.35,vacancy_tax,13,homeownership_rate,0.4531645569620253,0.023112743490522725
consumption_alpha,0.35,vacancy_tax,13,rental_vacancy_rate,0.1552511415525114,0.030251141552511407
consumption_alpha,0.35,vacancy_tax,13,annual_appreciation_g,-0.0243584638139297,-0.016992056361769814
consumption_alpha,0.35,portfolio_tax,13,homeownership_rate,0.43005181347150256,0.0
consumption_alpha,0.35,portfolio_tax,13,rental_vacancy_rate,0.125,0.0
consumption_alpha,0.35,portfolio_tax,13,annual_appreciation_g,-0.007366407452159884,0.0
consumption_alpha,0.35,geographic,13,homeownership_rate,0.24274406332453827,-0.1873077501469643
consumption_alpha,0.35,geographic,13,rental_vacancy_rate,0.16129032258064516,0.03629032258064516
consumption_alpha,0.35,geographic,13,annual_appreciation_g,0.0273208852251543,0.034687292677314185
consumption_alpha,0.35,baseline,14,homeownership_rate,0.3737864077669903,0.0
consumption_alpha,0.35,baseline,14,rental_vacancy_rate,0.0,0.0
consumption_alpha,0.35,baseline,14,annual_appreciation_g,-0.02107213173736333,0.0
consumption_alpha,0.35,waiting_period,14,homeownership_rate,0.4696969696969697,0.09591056192997943
consumption_alpha,0.35,waiting_period,14,rental_vacancy_rate,0.17180616740088106,0.17180616740088106
consumption_alpha,0.35,waiting_period,14,annual_appreciation_g,-0.0036699851158241703,0.01740214662153916
consumption_alpha,0.35,ownership_cap_soft,14,homeownership_rate,0.4282178217821782,0.05443141401518792
consumption_alpha,0.35,ownership_cap_soft,14,rental_vacancy_rate,0.08733624454148471,0.08733624454148471
consumption_alpha,0.35,ownership_cap_soft,14,annual_appreciation_g,0.001893456289274953,0.022965588026638284
consumption_alpha,0.35,ownership_cap_hard,14,homeownership_rate,0.4200477326968974,0.04626132492990709
consumption_alpha,0.35,ownership_cap_hard,14,rental_vacancy_rate,0.0,0.0
consumption_alpha,0.35,ownership_cap_hard,14,annual_appreciation_g,-0.01757342209039714,0.0034987096469661916
consumption_alpha,0.35,purchase_tax,14,homeownership_rate,0.4132029339853301,0.0394165262183398
consumption_alpha,0.35,purchase_tax,14,rental_vacancy_rate,0.08139534883720931,0.08139534883720931
consumption_alpha,0.35,purchase_tax,14,annual_appreciation_g,-0.027286964860485208,-0.006214833123121877
consumption_alpha,0.35,vacancy_tax,14,homeownership_rate,0.3567961165048544,-0.016990291262135915
consumption_alpha,0.35,vacancy_tax,14,rental_vacancy_rate,0.0,0.0
consumption_alpha,0.35,vacancy_tax,14,annual_appreciation_g,-0.03,-0.008927868262636668
consumption_alpha,0.35,portfolio_tax,14,homeownership_rate,0.3737864077669903,0.0
consumption_alpha,0.35,portfolio_tax,14,rental_vacancy_rate,0.0,0.0
consumption_alpha,0.35,portfolio_tax,14,annual_appreciation_g,-0.02107213173736333,0.0
consumption_alpha,0.35,geographic,14,homeownership_rate,0.18114143920595532,-0.19264496856103497
consumption_alpha,0.35,geographic,14,rental_vacancy_rate,0.12760416666666666,0.12760416666666666
consumption_alpha,0.35,geographic,14,annual_appreciation_g,0.0,0.02107213173736333
consumption_alpha,0.35,baseline,15,homeownership_rate,0.44836272040302266,0.0
consumption_alpha,0.35,baseline,15,rental_vacancy_rate,0.1981981981981982,0.0
consumption_alpha,0.35,baseline,15,annual_appreciation_g,-0.0124395249912862,0.0
consumption_alpha,0.35,waiting_period,15,homeownership_rate,0.39425587467362927,-0.054106845729393394
consumption_alpha,0.35,waiting_period,15,rental_vacancy_rate,0.25274725274725274,0.05454905454905454
consumption_alpha,0.35,waiting_period,15,annual_appreciation_g,-0.008743032304849963,0.003696492686436237
consumption_alpha,0.35,ownership_cap_soft,15,homeownership_rate,0.3808353808353808,-0.06752733956764184
consumption_alpha,0.35,ownership_cap_soft,15,rental_vacancy_rate,0.07589285714285714,-0.12230534105534106
consumption_alpha,0.35,ownership_cap_soft,15,annual_appreciation_g,-0.0014882386930344937,0.010951286298251706
consumption_alpha,0.35,ownership_cap_hard,15,homeownership_rate,0.4497354497354497,0.0013727293324270473
consumption_alpha,0.35,ownership_cap_hard,15,rental_vacancy_rate,0.22707423580786026,0.028876037609662064
consumption_alpha,0.35,ownership_cap_hard,15,annual_appreciation_g,-0.006154431575568942,0.006285093415717258
consumption_alpha,0.35,purchase_tax,15,homeownership_rate,0.4601542416452442,0.011791521242221548
consumption_alpha,0.35,purchase_tax,15,rental_vacancy_rate,0.2119815668202765,0.013783368622078296
consumption_alpha,0.35,purchase_tax,15,annual_appreciation_g,-0.03,-0.0175604750087138
consumption_alpha,0.35,vacancy_tax,15,homeownership_rate,0.3765281173594132,-0.07183460304360945
consumption_alpha,0.35,vacancy_tax,15,rental_vacancy_rate,0.12244897959183673,-0.07574921860636147
consumption_alpha,0.35,vacancy_tax,15,annual_appreciation_g,-0.014884887934075719,-0.0024453629427895196
consumption_alpha,0.35,portfolio_tax,15,homeownership_rate,0.44836272040302266,0.0
consumption_alpha,0.35,portfolio_tax,15,rental_vacancy_rate,0.1981981981981982,0.0
consumption_alpha,0.35,portfolio_tax,15,annual_appreciation_g,-0.0124395249912862,0.0
consumption_alpha,0.35,geographic,15,homeownership_rate,0.29222520107238603,-0.15613751933063663
consumption_alpha,0.35,geographic,15,rental_vacancy_rate,0.134375,-0.0638231981981982
consumption_alpha,0.35,geographic,15,annual_appreciation_g,0.055255108152512555,0.06769463314379875
consumption_alpha,0.35,baseline,16,homeownership_rate,0.40105540897097625,0.0
consumption_alpha,0.35,baseline,16,rental_vacancy_rate,0.04568527918781726,0.0
consumption_alpha,0.35,baseline,16,annual_appreciation_g,-0.02134988017863848,0.0
consumption_alpha,0.35,waiting_period,16,homeownership_rate,0.41102756892230574,0.009972159951329496
consumption_alpha,0.35,waiting_period,16,rental_vacancy_rate,0.0,-0.04568527918781726
consumption_alpha,0.35,waiting_period,16,annual_appreciation_g,-0.03,-0.008650119821361518
consumption_alpha,0.35,ownership_cap_soft,16,homeownership_rate,0.5065963060686016,0.10554089709762537
consumption_alpha,0.35,ownership_cap_soft,16,rental_vacancy_rate,0.25742574257425743,0.21174046338644018
consumption_alpha,0.35,ownership_cap_soft,16,annual_appreciation_g,0.01868384852110383,0.04003372869974231
consumption_alpha,0.35,ownership_cap_hard,16,homeownership_rate,0.42587601078167114,0.024820601810694898
consumption_alpha,0.35,ownership_cap_hard,16,rental_vacancy_rate,0.09045226130653267,0.04476698211871541
consumption_alpha,0.35,ownership_cap_hard,16,annual_appreciation_g,-0.004527863508238084,0.016822016670400397
consumption_alpha,0.35,purchase_tax,16,homeownership_rate,0.46329113924050636,0.06223573026953011
consumption_alpha,0.35,purchase_tax,16,rental_vacancy_rate,0.12254901960784313,0.07686374042002588
consumption_alpha,0.35,purchase_tax,16,annual_appreciation_g,-0.017383760703471696,0.003966119475166785
consumption_alpha,0.35,vacancy_tax,16,homeownership_rate,0.43157894736842106,0.030523538397444816
consumption_alpha,0.35,vacancy_tax,16,rental_vacancy_rate,0.12376237623762376,0.0780770970498065
consumption_alpha,0.35,vacancy_tax,16,annual_appreciation_g,-0.029993292617609413,-0.008643412438970932
consumption_alpha,0.35,portfolio_tax,16,homeownership_rate,0.40105540897097625,0.0
consumption_alpha,0.35,portfolio_tax,16,rental_vacancy_rate,0.04568527918781726,0.0
consumption_alpha,0.35,portfolio_tax,16,annual_appreciation_g,-0.02134988017863848,0.0
consumption_alpha,0.35,geographic,16,homeownership_rate,0.23834196891191708,-0.16271344005905916
consumption_alpha,0.35,geographic,16,rental_vacancy_rate,0.10227272727272728,0.05658744808491002
consumption_alpha,0.35,geographic,16,annual_appreciation_g,0.08236723273735747,0.10371711291599595
consumption_alpha,0.35,baseline,17,homeownership_rate,0.4470899470899471,0.0
consumption_alpha,0.35,baseline,17,rental_vacancy_rate,0.12796208530805686,0.0
consumption_alpha,0.35,baseline,17,annual_appreciation_g,-0.03,0.0
consumption_alpha,0.35,waiting_period,17,homeownership_rate,0.5013054830287206,0.054215535938773485
consumption_alpha,0.35,waiting_period,17,rental_vacancy_rate,0.25,0.12203791469194314
consumption_alpha,0.35,waiting_period,17,annual_appreciation_g,-0.006845008906377514,0.023154991093622485
consumption_alpha,0.35,ownership_cap_soft,17,homeownership_rate,0.4322250639386189,-0.014864883151328168
consumption_alpha,0.35,ownership_cap_soft,17,rental_vacancy_rate,0.0787037037037037,-0.049258381604353155
consumption_alpha,0.35,ownership_cap_soft,17,annual_appreciation_g,-0.008205798548987175,0.021794201451012823
consumption_alpha,0.35,ownership_cap_hard,17,homeownership_rate,0.46174863387978143,0.014658686789834341
consumption_alpha,0.35,ownership_cap_hard,17,rental_vacancy_rate,0.2412280701754386,0.11326598486738174
consumption_alpha,0.35,ownership_cap_hard,17,annual_appreciation_g,-0.03,0.0
consumption_alpha,0.35,purchase_tax,17,homeownership_rate,0.41032608695652173,-0.03676386013342536
consumption_alpha,0.35,purchase_tax,17,rental_vacancy_rate,0.09649122807017543,-0.03147085723788143
consumption_alpha,0.35,purchase_tax,17,annual_appreciation_g,-0.006596325495969002,0.023403674504030997
consumption_alpha,0.35,vacancy_tax,17,homeownership_rate,0.4601063829787234,0.013016435888776323
consumption_alpha,0.35,vacancy_tax,17,rental_vacancy_rate,0.17452830188679244,0.04656621657873558
consumption_alpha,0.35,vacancy_tax,17,annual_appreciation_g,-0.03,0.0
consumption_alpha,0.35,portfolio_tax,17,homeownership_rate,0.4470899470899471,0.0
consumption_alpha,0.35,portfolio_tax,17,rental_vacancy_rate,0.12796208530805686,0.0
consumption_alpha,0.35,portfolio_tax,17,annual_appreciation_g,-0.03,0.0
consumption_alpha,0.35,geographic,17,homeownership_rate,0.2606516290726817,-0.1864383180172654
consumption_alpha,0.35,geographic,17,rental_vacancy_rate,0.09411764705882353,-0.03384443824923333
consumption_alpha,0.35,geographic,17,annual_appreciation_g,0.02068038942752093,0.05068038942752093
consumption_alpha,0.35,baseline,18,homeownership_rate,0.47164948453608246,0.0
consumption_alpha,0.35,baseline,18,rental_vacancy_rate,0.27074235807860264,0.0
consumption_alpha,0.35,baseline,18,annual_appreciation_g,-0.007709216665716334,0.0
consumption_alpha,0.35,waiting_period,18,homeownership_rate,0.3917525773195876,-0.07989690721649484
consumption_alpha,0.35,waiting_period,18,rental_vacancy_rate,0.1452991452991453,-0.12544321277945733
consumption_alpha,0.35,waiting_period,18,annual_appreciation_g,-0.016517720192685825,-0.008808503526969491
consumption_alpha,0.35,ownership_cap_soft,18,homeownership_rate,0.43467336683417085,-0.036976117701911615
consumption_alpha,0.35,ownership_cap_soft,18,rental_vacancy_rate,0.244,-0.026742358078602646
consumption_alpha,0.35,ownership_cap_soft,18,annual_appreciation_g,-0.0002492028946358138,0.00746001377108052
consumption_alpha,0.35,ownership_cap_hard,18,homeownership_rate,0.34704370179948585,-0.12460578273659662
consumption_alpha,0.35,ownership_cap_hard,18,rental_vacancy_rate,0.13765182186234817,-0.13309053621625447
consumption_alpha,0.35,ownership_cap_hard,18,annual_appreciation_g,-0.006545685900539944,0.0011635307651763904
consumption_alpha,0.35,purchase_tax,18,homeownership_rate,0.5099009900990099,0.038251505562927446
consumption_alpha,0.35,purchase_tax,18,rental_vacancy_rate,0.30980392156862746,0.03906156349002482
consumption_alpha,0.35,purchase_tax,18,annual_appreciation_g,0.005223381267495553,0.012932597933211887
consumption_alpha,0.35,vacancy_tax,18,homeownership_rate,0.3979848866498741,-0.07366459788620838
consumption_alpha,0.35,vacancy_tax,18,rental_vacancy_rate,0.13733905579399142,-0.13340330228461122
consumption_alpha,0.35,vacancy_tax,18,annual_appreciation_g,-0.03,-0.022290783334283665
consumption_alpha,0.35,portfolio_tax,18,homeownership_rate,0.47164948453608246,0.0
consumption_alpha,0.35,portfolio_tax,18,rental_vacancy_rate,0.27074235807860264,0.0
consumption_alpha,0.35,portfolio_tax,18,annual_appreciation_g,-0.007709216665716334,0.0
consumption_alpha,0.35,geographic,18,homeownership_rate,0.23116883116883116,-0.2404806533672513
consumption_alpha,0.35,geographic,18,rental_vacancy_rate,0.13966480446927373,-0.1310775536093289
consumption_alpha,0.35,geographic,18,annual_appreciation_g,0.00801479030580321,0.015724006971519544
consumption_alpha,0.35,baseline,19,homeownership_rate,0.40632603406326034,0.0
consumption_alpha,0.35,baseline,19,rental_vacancy_rate,0.07373271889400922,0.0
consumption_alpha,0.35,baseline,19,annual_appreciation_g,-0.02937249343751791,0.0
consumption_alpha,0.35,waiting_period,19,homeownership_rate,0.3925729442970822,-0.013753089766178117
consumption_alpha,0.35,waiting_period,19,rental_vacancy_rate,0.0963302752293578,0.022597556335348587
consumption_alpha,0.35,waiting_period,19,annual_appreciation_g,-0.021257685815560645,0.008114807621957265
consumption_alpha,0.35,ownership_cap_soft,19,homeownership_rate,0.4896373056994819,0.08331127163622154
consumption_alpha,0.35,ownership_cap_soft,19,rental_vacancy_rate,0.26382978723404255,0.19009706834003331
consumption_alpha,0.35,ownership_cap_soft,19,annual_appreciation_g,0.0020339554645947278,0.03140644890211264
consumption_alpha,0.35,ownership_cap_hard,19,homeownership_rate,0.38154613466334164,-0.024779899399918703
consumption_alpha,0.35,ownership_cap_hard,19,rental_vacancy_rate,0.0752212389380531,0.0014885200440438867
consumption_alpha,0.35,ownership_cap_hard,19,annual_appreciation_g,-0.027911637327292182,0.0014608561102257278
consumption_alpha,0.35,purchase_tax,19,homeownership_rate,0.44,0.03367396593673966
consumption_alpha,0.35,purchase_tax,19,rental_vacancy_rate,0.2196078431372549,0.14587512424324567
consumption_alpha,0.35,purchase_tax,19,annual_appreciation_g,-0.03,-0.0006275065624820886
consumption_alpha,0.35,vacancy_tax,19,homeownership_rate,0.4470284237726098,0.040702389709349474
consumption_alpha,0.35,vacancy_tax,19,rental_vacancy_rate,0.182648401826484,0.10891568293247479
consumption_alpha,0.35,vacancy_tax,19,annual_appreciation_g,-0.012816341267558817,0.016556152169959093
consumption_alpha,0.35,portfolio_tax,19,homeownership_rate,0.40632603406326034,0.0
consumption_alpha,0.35,portfolio_tax,19,rental_vacancy_rate,0.07373271889400922,0.0
consumption_alpha,0.35,portfolio_tax,19,annual_appreciation_g,-0.02937249343751791,0.0
consumption_alpha,0.35,geographic,19,homeownership_rate,0.2345679012345679,-0.17175813282869246
consumption_alpha,0.35,geographic,19,rental_vacancy_rate,0.125,0.051267281105990783
consumption_alpha,0.35,geographic,19,annual_appreciation_g,-0.011778550696954437,0.017593942740563473
consumption_alpha,0.5,baseline,0,homeownership_rate,0.44387755102040816,0.0
consumption_alpha,0.5,baseline,0,rental_vacancy_rate,0.15714285714285714,0.0
consumption_alpha,0.5,baseline,0,annual_appreciation_g,-0.007069421656632602,0.0
consumption_alpha,0.5,waiting_period,0,homeownership_rate,0.4034653465346535,-0.040412204485754666
consumption_alpha,0.5,waiting_period,0,rental_vacancy_rate,0.0,-0.15714285714285714
consumption_alpha,0.5,waiting_period,0,annual_appreciation_g,-0.03,-0.022930578343367397
consumption_alpha,0.5,ownership_cap_soft,0,homeownership_rate,0.42819148936170215,-0.015686061658706008
consumption_alpha,0.5,ownership_cap_soft,0,rental_vacancy_rate,0.17272727272727273,0.01558441558441559
consumption_alpha,0.5,ownership_cap_soft,0,annual_appreciation_g,-0.020246117717563572,-0.01317669606093097
consumption_alpha,0.5,ownership_cap_hard,0,homeownership_rate,0.4465753424657534,0.0026977914453452656
consumption_alpha,0.5,ownership_cap_hard,0,rental_vacancy_rate,0.26666666666666666,0.10952380952380952
consumption_alpha,0.5,ownership_cap_hard,0,annual_appreciation_g,-0.03,-0.022930578343367397
consumption_alpha,0.5,purchase_tax,0,homeownership_rate,0.5065963060686016,0.06271875504819346
consumption_alpha,0.5,purchase_tax,0,rental_vacancy_rate,0.30837004405286345,0.1512271869100063
consumption_alpha,0.5,purchase_tax,0,annual_appreciation_g,0.023862404706083584,0.030931826362716186
consumption_alpha,0.5,vacancy_tax,0,homeownership_rate,0.44529262086513993,0.0014150698447317756
consumption_alpha,0.5,vacancy_tax,0,rental_vacancy_rate,0.16113744075829384,0.003994583615436698
consumption_alpha,0.5,vacancy_tax,0,annual_appreciation_g,-0.03,-0.022930578343367397
consumption_alpha,0.5,portfolio_tax,0,homeownership_rate,0.44387755102040816,0.0
consumption_alpha,0.5,portfolio_tax,0,rental_vacancy_rate,0.15714285714285714,0.0
consumption_alpha,0.5,portfolio_tax,0,annual_appreciation_g,-0.007069421656632602,0.0
consumption_alpha,0.5,geographic,0,homeownership_rate,0.27906976744186046,-0.1648077835785477
consumption_alpha,0.5,geographic,0,rental_vacancy_rate,0.12,-0.037142857142857144
consumption_alpha,0.5,geographic,0,annual_appreciation_g,0.020987543992432967,0.02805696564906557
consumption_alpha,0.5,baseline,1,homeownership_rate,0.45985401459854014,0.0
consumption_alpha,0.5,baseline,1,rental_vacancy_rate,0.18468468468468469,0.0
consumption_alpha,0.5,baseline,1,annual_appreciation_g,-0.012093243285338784,0.0
consumption_alpha,0.5,waiting_period,1,homeownership_rate,0.39195979899497485,-0.06789421560356529
consumption_alpha,0.5,waiting_period,1,rental_vacancy_rate,0.15126050420168066,-0.03342418048300402
consumption_alpha,0.5,waiting_period,1,annual_appreciation_g,-0.007356662742970088,0.004736580542368696
consumption_alpha,0.5,ownership_cap_soft,1,homeownership_rate,0.5265700483091788,0.06671603371063861
consumption_alpha,0.5,ownership_cap_soft,1,rental_vacancy_rate,0.2948717948717949,0.1101871101871102
consumption_alpha,0.5,ownership_cap_soft,1,annual_appreciation_g,-0.016728607500050896,-0.004635364214712112
consumption_alpha,0.5,ownership_cap_hard,1,homeownership_rate,0.4408866995073892,-0.01896731509115096
consumption_alpha,0.5,ownership_cap_hard,1,rental_vacancy_rate,0.23651452282157676,0.05182983813689207
consumption_alpha,0.5,ownership_cap_hard,1,annual_appreciation_g,-0.03,-0.017906756714661215
consumption_alpha,0.5,purchase_tax,1,homeownership_rate,0.4908616187989556,0.031007604200415484
consumption_alpha,0.5,purchase_tax,1,rental_vacancy_rate,0.30472103004291845,0.12003634535823376
consumption_alpha,0.5,purchase_tax,1,annual_appreciation_g,0.0627329758239894,0.07482621910932818
consumption_alpha,0.5,vacancy_tax,1,homeownership_rate,0.4781491002570694,0.018295085658529275
consumption_alpha,0.5,vacancy_tax,1,rental_vacancy_rate,0.23529411764705882,0.050609432962374135
consumption_alpha,0.5,vacancy_tax,1,annual_appreciation_g,-0.03,-0.017906756714661215
consumption_alpha,0.5,portfolio_tax,1,homeownership_rate,0.45985401459854014,0.0
consumption_alpha,0.5,portfolio_tax,1,rental_vacancy_rate,0.18468468468468469,0.0
consumption_alpha,0.5,portfolio_tax,1,annual_appreciation_g,-0.012093243285338784,0.0
consumption_alpha,0.5,geographic,1,homeownership_rate,0.2578125,-0.20204151459854014
consumption_alpha,0.5,geographic,1,rental_vacancy_rate,0.12215909090909091,-0.06252559377559377
consumption_alpha,0.5,geographic,1,annual_appreciation_g,0.0144072240719062,0.026500467357244983
consumption_alpha,0.5,baseline,2,homeownership_rate,0.3822784810126582,0.0
consumption_alpha,0.5,baseline,2,rental_vacancy_rate,0.13524590163934427,0.0
consumption_alpha,0.5,baseline,2,annual_appreciation_g,-0.008104289093440187,0.0
consumption_alpha,0.5,waiting_period,2,homeownership_rate,0.44329896907216493,0.06102048805950672
consumption_alpha,0.5,waiting_period,2,rental_vacancy_rate,0.1308411214953271,-0.004404780144017184
consumption_alpha,0.5,waiting_period,2,annual_appreciation_g,-0.00822824171357428,-0.00012395262013409347
consumption_alpha,0.5,ownership_cap_soft,2,homeownership_rate,0.4030612244897959,0.02078274347713771
consumption_alpha,0.5,ownership_cap_soft,2,rental_vacancy_rate,0.14893617021276595,0.013690268573421677
consumption_alpha,0.5,ownership_cap_soft,2,annual_appreciation_g,-0.03,-0.021895710906559812
consumption_alpha,0.5,ownership_cap_hard,2,homeownership_rate,0.3953488372093023,0.013070356196644095
consumption_alpha,0.5,ownership_cap_hard,2,rental_vacancy_rate,0.20238095238095238,0.06713505074160811
consumption_alpha,0.5,ownership_cap_hard,2,annual_appreciation_g,-0.008944712655386655,-0.0008404235619464684
consumption_alpha,0.5,purchase_tax,2,homeownership_rate,0.42480211081794195,0.042523629805283736
consumption_alpha,0.5,purchase_tax,2,rental_vacancy_rate,0.23880597014925373,0.10356006850990945
consumption_alpha,0.5,purchase_tax,2,annual_appreciation_g,-0.008645370774966077,-0.0005410816815258901
consumption_alpha,0.5,vacancy_tax,2,homeownership_rate,0.3641025641025641,-0.018175916910094125
consumption_alpha,0.5,vacancy_tax,2,rental_vacancy_rate,0.17391304347826086,0.03866714183891659
consumption_alpha,0.5,vacancy_tax,2,annual_appreciation_g,-0.012427129300150996,-0.00432284020671081
consumption_alpha,0.5,portfolio_tax,2,homeownership_rate,0.3822784810126582,0.0
consumption_alpha,0.5,portfolio_tax,2,rental_vacancy_rate,0.13524590163934427,0.0
consumption_alpha,0.5,portfolio_tax,2,annual_appreciation_g,-0.008104289093440187,0.0
consumption_alpha,0.5,geographic,2,homeownership_rate,0.25984251968503935,-0.12243596132761886
consumption_alpha,0.5,geographic,2,rental_vacancy_rate,0.1359773371104816,0.0007314354711373261
consumption_alpha,0.5,geographic,2,annual_appreciation_g,-0.03,-0.021895710906559812
consumption_alpha,0.5,baseline,3,homeownership_rate,0.40648379052369077,0.0
consumption_alpha,0.5,baseline,3,rental_vacancy_rate,0.18907563025210083,0.0
consumption_alpha,0.5,baseline,3,annual_appreciation_g,-0.004583953701942534,0.0
consumption_alpha,0.5,waiting_period,3,homeownership_rate,0.42077922077922075,0.014295430255529984
consumption_alpha,0.5,waiting_period,3,rental_vacancy_rate,0.11320754716981132,-0.07586808308228951
consumption_alpha,0.5,waiting_period,3,annual_appreciation_g,-0.002878519976396543,0.0017054337255459906
consumption_alpha,0.5,ownership_cap_soft,3,homeownership_rate,0.4114713216957606,0.004987531172069848
consumption_alpha,0.5,ownership_cap_soft,3,rental_vacancy_rate,0.18723404255319148,-0.0018415876989093527
consumption_alpha,0.5,ownership_cap_soft,3,annual_appreciation_g,-0.028247439426404175,-0.02366348572446164
consumption_alpha,0.5,ownership_cap_hard,3,homeownership_rate,0.4075,0.0010162094763092044
consumption_alpha,0.5,ownership_cap_hard,3,rental_vacancy_rate,0.18025751072961374,-0.008818119522487095
consumption_alpha,0.5,ownership_cap_hard,3,annual_appreciation_g,-0.022552466593431242,-0.017968512891488708
consumption_alpha,0.5,purchase_tax,3,homeownership_rate,0.4076923076923077,0.0012085171686169183
consumption_alpha,0.5,purchase_tax,3,rental_vacancy_rate,0.1346153846153846,-0.054460245636716226
consumption_alpha,0.5,purchase_tax,3,annual_appreciation_g,-0.02352434516344093,-0.018940391461498396
consumption_alpha,0.5,vacancy_tax,3,homeownership_rate,0.3979848866498741,-0.008498903873816688
consumption_alpha,0.5,vacancy_tax,3,rental_vacancy_rate,0.20502092050209206,0.015945290249991223
consumption_alpha,0.5,vacancy_tax,3,annual_appreciation_g,-0.03,-0.025416046298057465
consumption_alpha,0.5,portfolio_tax,3,homeownership_rate,0.40648379052369077,0.0
consumption_alpha,0.5,portfolio_tax,3,rental_vacancy_rate,0.18907563025210083,0.0
consumption_alpha,0.5,portfolio_tax,3,annual_appreciation_g,-0.004583953701942534,0.0
consumption_alpha,0.5,geographic,3,homeownership_rate,0.2715736040609137,-0.13491018646277708
consumption_alpha,0.5,geographic,3,rental_vacancy_rate,0.1174785100286533,-0.07159712022344754
consumption_alpha,0.5,geographic,3,annual_appreciation_g,0.002524064887717836,0.00710801858966037
consumption_alpha,0.5,baseline,4,homeownership_rate,0.4427083333333333,0.0
consumption_alpha,0.5,baseline,4,rental_vacancy_rate,0.12560386473429952,0.0
consumption_alpha,0.5,baseline,4,annual_appreciation_g,-0.03,0.0
consumption_alpha,0.5,waiting_period,4,homeownership_rate,0.3904282115869018,-0.05228012174643154
consumption_alpha,0.5,waiting_period,4,rental_vacancy_rate,0.0,-0.12560386473429952
consumption_alpha,0.5,waiting_period,4,annual_appreciation_g,-0.01779095830032773,0.012209041699672268
consumption_alpha,0.5,ownership_cap_soft,4,homeownership_rate,0.4190231362467866,-0.023685197086546705
consumption_alpha,0.5,ownership_cap_soft,4,rental_vacancy_rate,0.10849056603773585,-0.017113298696563667
consumption_alpha,0.5,ownership_cap_soft,4,annual_appreciation_g,-0.010331921525930543,0.019668078474069456
consumption_alpha,0.5,ownership_cap_hard,4,homeownership_rate,0.49612403100775193,0.053415697674418616
consumption_alpha,0.5,ownership_cap_hard,4,rental_vacancy_rate,0.2347417840375587,0.10913791930325917
consumption_alpha,0.5,ownership_cap_hard,4,annual_appreciation_g,0.005427309816538939,0.03542730981653894
consumption_alpha,0.5,purchase_tax,4,homeownership_rate,0.35945945945945945,-0.08324887387387386
consumption_alpha,0.5,purchase_tax,4,rental_vacancy_rate,0.1115702479338843,-0.014033616800415219
consumption_alpha,0.5,purchase_tax,4,annual_appreciation_g,-0.03,0.0
consumption_alpha,0.5,vacancy_tax,4,homeownership_rate,0.3931203931203931,-0.04958794021294022
consumption_alpha,0.5,vacancy_tax,4,rental_vacancy_rate,0.0,-0.12560386473429952
consumption_alpha,0.5,vacancy_tax,4,annual_appreciation_g,-0.011977806573263416,0.018022193426736582
consumption_alpha,0.5,portfolio_tax,4,homeownership_rate,0.4427083333333333,0.0
consumption_alpha,0.5,portfolio_tax,4,rental_vacancy_rate,0.12560386473429952,0.0
consumption_alpha,0.5,portfolio_tax,4,annual_appreciation_g,-0.03,0.0
consumption_alpha,0.5,geographic,4,homeownership_rate,0.19047619047619047,-0.25223214285714285
consumption_alpha,0.5,geographic,4,rental_vacancy_rate,0.09973753280839895,-0.02586633192590057
consumption_alpha,0.5,geographic,4,annual_appreciation_g,0.0,0.03
consumption_alpha,0.5,baseline,5,homeownership_rate,0.4166666666666667,0.0
consumption_alpha,0.5,baseline,5,rental_vacancy_rate,0.2072072072072072,0.0
consumption_alpha,0.5,baseline,5,annual_appreciation_g,-0.026908806041119226,0.0
consumption_alpha,0.5,waiting_period,5,homeownership_rate,0.38605898123324395,-0.030607685433422738
consumption_alpha,0.5,waiting_period,5,rental_vacancy_rate,0.19545454545454546,-0.011752661752661736
consumption_alpha,0.5,waiting_period,5,annual_appreciation_g,0.0030712692706502676,0.029980075311769494
consumption_alpha,0.5,ownership_cap_soft,5,homeownership_rate,0.4573643410852713,0.04069767441860461
consumption_alpha,0.5,ownership_cap_soft,5,rental_vacancy_rate,0.22566371681415928,0.018456509606952082
consumption_alpha,0.5,ownership_cap_soft,5,annual_appreciation_g,-0.03,-0.0030911939588807724
consumption_alpha,0.5,ownership_cap_hard,5,homeownership_rate,0.412532637075718,-0.004134029590948662
consumption_alpha,0.5,ownership_cap_hard,5,rental_vacancy_rate,0.13761467889908258,-0.06959252830812462
consumption_alpha,0.5,ownership_cap_hard,5,annual_appreciation_g,-0.006651993024187619,0.020256813016931607
consumption_alpha,0.5,purchase_tax,5,homeownership_rate,0.3842239185750636,-0.03244274809160308
consumption_alpha,0.5,purchase_tax,5,rental_vacancy_rate,0.12955465587044535,-0.07765255133676185
consumption_alpha,0.5,purchase_tax,5,annual_appreciation_g,-0.011155620585941106,0.01575318545517812
consumption_alpha,0.5,vacancy_tax,5,homeownership_rate,0.4088541666666667,-0.0078125
consumption_alpha,0.5,vacancy_tax,5,rental_vacancy_rate,0.20175438596491227,-0.005452821242294931
consumption_alpha,0.5,vacancy_tax,5,annual_appreciation_g,-0.03,-0.0030911939588807724
consumption_alpha,0.5,portfolio_tax,5,homeownership_rate,0.4166666666666667,0.0
consumption_alpha,0.5,portfolio_tax,5,rental_vacancy_rate,0.2072072072072072,0.0
consumption_alpha,0.5,portfolio_tax,5,annual_appreciation_g,-0.026908806041119226,0.0
consumption_alpha,0.5,geographic,5,homeownership_rate,0.21204188481675393,-0.20462478184991276
consumption_alpha,0.5,geographic,5,rental_vacancy_rate,0.16574585635359115,-0.04146135085361605
consumption_alpha,0.5,geographic,5,annual_appreciation_g,0.00374999999999992,0.030658806041119147
consumption_alpha,0.5,baseline,6,homeownership_rate,0.4634146341463415,0.0
consumption_alpha,0.5,baseline,6,rental_vacancy_rate,0.07906976744186046,0.0
consumption_alpha,0.5,baseline,6,annual_appreciation_g,-0.008785180471442833,0.0
consumption_alpha,0.5,waiting_period,6,homeownership_rate,0.4562841530054645,-0.007130481140876999
consumption_alpha,0.5,waiting_period,6,rental_vacancy_rate,0.18048780487804877,0.10141803743618831
consumption_alpha,0.5,waiting_period,6,annual_appreciation_g,-0.029065306150049652,-0.02028012567860682
consumption_alpha,0.5,ownership_cap_soft,6,homeownership_rate,0.4853658536585366,0.021951219512195086
consumption_alpha,0.5,ownership_cap_soft,6,rental_vacancy_rate,0.14285714285714285,0.06378737541528239
consumption_alpha,0.5,ownership_cap_soft,6,annual_appreciation_g,-0.03,-0.021214819528557166
consumption_alpha,0.5,ownership_cap_hard,6,homeownership_rate,0.5379146919431279,0.07450005779678642
consumption_alpha,0.5,ownership_cap_hard,6,rental_vacancy_rate,0.22325581395348837,0.14418604651162792
consumption_alpha,0.5,ownership_cap_hard,6,annual_appreciation_g,0.05621433837248535,0.06499951884392818
consumption_alpha,0.5,purchase_tax,6,homeownership_rate,0.4496124031007752,-0.013802231045566271
consumption_alpha,0.5,purchase_tax,6,rental_vacancy_rate,0.20634920634920634,0.1272794389073459
consumption_alpha,0.5,purchase_tax,6,annual_appreciation_g,-0.022206358116153124,-0.013421177644710292
consumption_alpha,0.5,vacancy_tax,6,homeownership_rate,0.4040920716112532,-0.059322562535088275
consumption_alpha,0.5,vacancy_tax,6,rental_vacancy_rate,0.1152073732718894,0.03613760583002894
consumption_alpha,0.5,vacancy_tax,6,annual_appreciation_g,-0.03,-0.021214819528557166
consumption_alpha,0.5,portfolio_tax,6,homeownership_rate,0.4634146341463415,0.0
consumption_alpha,0.5,portfolio_tax,6,rental_vacancy_rate,0.07906976744186046,0.0
consumption_alpha,0.5,portfolio_tax,6,annual_appreciation_g,-0.008785180471442833,0.0
consumption_alpha,0.5,geographic,6,homeownership_rate,0.20212765957446807,-0.26128697457187344
consumption_alpha,0.5,geographic,6,rental_vacancy_rate,0.11931818181818182,0.04024841437632136
consumption_alpha,0.5,geographic,6,annual_appreciation_g,-0.03,-0.021214819528557166
consumption_alpha,0.5,baseline,7,homeownership_rate,0.41450777202072536,0.0
consumption_alpha,0.5,baseline,7,rental_vacancy_rate,0.07929515418502203,0.0
consumption_alpha,0.5,baseline,7,annual_appreciation_g,0.0005281235862411027,0.0
consumption_alpha,0.5,waiting_period,7,homeownership_rate,0.4802955665024631,0.06578779448173772
consumption_alpha,0.5,waiting_period,7,rental_vacancy_rate,0.14903846153846154,0.0697433073534395
consumption_alpha,0.5,waiting_period,7,annual_appreciation_g,-0.03,-0.0305281235862411
consumption_alpha,0.5,ownership_cap_soft,7,homeownership_rate,0.4005305039787798,-0.013977268041945545
consumption_alpha,0.5,ownership_cap_soft,7,rental_vacancy_rate,0.0625,-0.016795154185022032
consumption_alpha,0.5,ownership_cap_soft,7,annual_appreciation_g,-0.019375205033159704,-0.019903328619400806
consumption_alpha,0.5,ownership_cap_hard,7,homeownership_rate,0.37994722955145116,-0.0345605424692742
consumption_alpha,0.5,ownership_cap_hard,7,rental_vacancy_rate,0.02252252252252252,-0.05677263166249951
consumption_alpha,0.5,ownership_cap_hard,7,annual_appreciation_g,-0.00478898906697256,-0.0053171126532136626
consumption_alpha,0.5,purchase_tax,7,homeownership_rate,0.5012853470437018,0.0867775750229764
consumption_alpha,0.5,purchase_tax,7,rental_vacancy_rate,0.2163265306122449,0.13703137642722288
consumption_alpha,0.5,purchase_tax,7,annual_appreciation_g,0.08226796617581233,0.08173984258957123
consumption_alpha,0.5,vacancy_tax,7,homeownership_rate,0.40318302387267907,-0.011324748148046293
consumption_alpha,0.5,vacancy_tax,7,rental_vacancy_rate,0.10043668122270742,0.02114152703768539
consumption_alpha,0.5,vacancy_tax,7,annual_appreciation_g,-0.0011656913086202092,-0.0016938148948613119
consumption_alpha,0.5,portfolio_tax,7,homeownership_rate,0.41450777202072536,0.0
consumption_alpha,0.5,portfolio_tax,7,rental_vacancy_rate,0.07929515418502203,0.0
consumption_alpha,0.5,portfolio_tax,7,annual_appreciation_g,0.0005281235862411027,0.0
consumption_alpha,0.5,geographic,7,homeownership_rate,0.22250639386189258,-0.19200137815883278
consumption_alpha,0.5,geographic,7,rental_vacancy_rate,0.04093567251461988,-0.03835948167040215
consumption_alpha,0.5,geographic,7,annual_appreciation_g,-0.012958326944620957,-0.01348645053086206
consumption_alpha,0.5,baseline,8,homeownership_rate,0.47783251231527096,0.0
consumption_alpha,0.5,baseline,8,rental_vacancy_rate,0.10454545454545454,0.0
consumption_alpha,0.5,baseline,8,annual_appreciation_g,-0.03,0.0
consumption_alpha,0.5,waiting_period,8,homeownership_rate,0.3842364532019704,-0.09359605911330054
consumption_alpha,0.5,waiting_period,8,rental_vacancy_rate,0.06639004149377593,-0.038155413051678605
consumption_alpha,0.5,waiting_period,8,annual_appreciation_g,-0.03,0.0
consumption_alpha,0.5,ownership_cap_soft,8,homeownership_rate,0.47783251231527096,0.0
consumption_alpha,0.5,ownership_cap_soft,8,rental_vacancy_rate,0.10454545454545454,0.0
consumption_alpha,0.5,ownership_cap_soft,8,annual_appreciation_g,-0.03,0.0
consumption_alpha,0.5,ownership_cap_hard,8,homeownership_rate,0.47783251231527096,0.0
consumption_alpha,0.5,ownership_cap_hard,8,rental_vacancy_rate,0.10454545454545454,0.0
consumption_alpha,0.5,ownership_cap_hard,8,annual_appreciation_g,-0.03,0.0
consumption_alpha,0.5,purchase_tax,8,homeownership_rate,0.41309823677581864,-0.06473427553945232
consumption_alpha,0.5,purchase_tax,8,rental_vacancy_rate,0.04405286343612335,-0.06049259110933119
consumption_alpha,0.5,purchase_tax,8,annual_appreciation_g,-0.0138045331186466,0.0161954668813534
consumption_alpha,0.5,vacancy_tax,8,homeownership_rate,0.4361948955916473,-0.04163761672362365
consumption_alpha,0.5,vacancy_tax,8,rental_vacancy_rate,0.06912442396313365,-0.03542103058232089
consumption_alpha,0.5,vacancy_tax,8,annual_appreciation_g,-0.03,0.0
consumption_alpha,0.5,portfolio_tax,8,homeownership_rate,0.47783251231527096,0.0
consumption_alpha,0.5,portfolio_tax,8,rental_vacancy_rate,0.10454545454545454,0.0
consumption_alpha,0.5,portfolio_tax,8,annual_appreciation_g,-0.03,0.0
consumption_alpha,0.5,geographic,8,homeownership_rate,0.3022670025188917,-0.17556550979637925
consumption_alpha,0.5,geographic,8,rental_vacancy_rate,0.13218390804597702,0.027638453500522478
consumption_alpha,0.5,geographic,8,annual_appreciation_g,-0.0293322073597172,0.0006677926402827994
consumption_alpha,0.5,baseline,9,homeownership_rate,0.3844221105527638,0.0
consumption_alpha,0.5,baseline,9,rental_vacancy_rate,0.03347280334728033,0.0
consumption_alpha,0.5,baseline,9,annual_appreciation_g,-0.017074073481441743,0.0
consumption_alpha,0.5,waiting_period,9,homeownership_rate,0.43686868686868685,0.05244657631592303
consumption_alpha,0.5,waiting_period,9,rental_vacancy_rate,0.1625,0.12902719665271967
consumption_alpha,0.5,waiting_period,9,annual_appreciation_g,-0.013565101707417315,0.0035089717740244275
consumption_alpha,0.5,ownership_cap_soft,9,homeownership_rate,0.44416243654822335,0.05974032599545953
consumption_alpha,0.5,ownership_cap_soft,9,rental_vacancy_rate,0.1646090534979424,0.13113625015066205
consumption_alpha,0.5,ownership_cap_soft,9,annual_appreciation_g,-0.03,-0.012925926518558256
consumption_alpha,0.5,ownership_cap_hard,9,homeownership_rate,0.3925925925925926,0.008170482039828786
consumption_alpha,0.5,ownership_cap_hard,9,rental_vacancy_rate,0.0743801652892562,0.04090736194197587
consumption_alpha,0.5,ownership_cap_hard,9,annual_appreciation_g,-0.03,-0.012925926518558256
consumption_alpha,0.5,purchase_tax,9,homeownership_rate,0.4263565891472868,0.041934478594522984
consumption_alpha,0.5,purchase_tax,9,rental_vacancy_rate,0.1590909090909091,0.12561810574362875
consumption_alpha,0.5,purchase_tax,9,annual_appreciation_g,-0.023820479966920827,-0.006746406485479084
consumption_alpha,0.5,vacancy_tax,9,homeownership_rate,0.48148148148148145,0.09705937092871764
consumption_alpha,0.5,vacancy_tax,9,rental_vacancy_rate,0.22040816326530613,0.1869353599180258
consumption_alpha,0.5,vacancy_tax,9,annual_appreciation_g,-0.01070449054553102,0.0063695829359107226
consumption_alpha,0.5,portfolio_tax,9,homeownership_rate,0.3844221105527638,0.0
consumption_alpha,0.5,portfolio_tax,9,rental_vacancy_rate,0.03347280334728033,0.0
consumption_alpha,0.5,portfolio_tax,9,annual_appreciation_g,-0.017074073481441743,0.0
consumption_alpha,0.5,geographic,9,homeownership_rate,0.2454308093994778,-0.138991301153286
consumption_alpha,0.5,geographic,9,rental_vacancy_rate,0.1144578313253012,0.08098502797802087
consumption_alpha,0.5,geographic,9,annual_appreciation_g,-0.008688621619114989,0.008385451862326754
consumption_alpha,0.5,baseline,10,homeownership_rate,0.541871921182266,0.0
consumption_alpha,0.5,baseline,10,rental_vacancy_rate,0.2975206611570248,0.0
consumption_alpha,0.5,baseline,10,annual_appreciation_g,0.021548855034120074,0.0
consumption_alpha,0.5,waiting_period,10,homeownership_rate,0.4935400516795866,-0.048331869502679425
consumption_alpha,0.5,waiting_period,10,rental_vacancy_rate,0.29493087557603687,-0.0025897855809879355
consumption_alpha,0.5,waiting_period,10,annual_appreciation_g,-0.03,-0.05154885503412007
consumption_alpha,0.5,ownership_cap_soft,10,homeownership_rate,0.37292161520190026,-0.16895030598036576
consumption_alpha,0.5,ownership_cap_soft,10,rental_vacancy_rate,0.09465020576131687,-0.20287045539570792
consumption_alpha,0.5,ownership_cap_soft,10,annual_appreciation_g,-0.01393504747389751,-0.035483902508017584
consumption_alpha,0.5,ownership_cap_hard,10,homeownership_rate,0.46116504854368934,-0.08070687263857668
consumption_alpha,0.5,ownership_cap_hard,10,rental_vacancy_rate,0.13304721030042918,-0.16447345085659562
consumption_alpha,0.5,ownership_cap_hard,10,annual_appreciation_g,-0.03,-0.05154885503412007
consumption_alpha,0.5,purchase_tax,10,homeownership_rate,0.49877750611246946,-0.043094415069796554
consumption_alpha,0.5,purchase_tax,10,rental_vacancy_rate,0.24609375,-0.0514269111570248
consumption_alpha,0.5,purchase_tax,10,annual_appreciation_g,0.0061333041816207245,-0.015415550852499349
consumption_alpha,0.5,vacancy_tax,10,homeownership_rate,0.47058823529411764,-0.07128368588814837
consumption_alpha,0.5,vacancy_tax,10,rental_vacancy_rate,0.3185483870967742,0.021027725939749387
consumption_alpha,0.5,vacancy_tax,10,annual_appreciation_g,0.0,-0.021548855034120074
consumption_alpha,0.5,portfolio_tax,10,homeownership_rate,0.541871921182266,0.0
consumption_alpha,0.5,portfolio_tax,10,rental_vacancy_rate,0.2975206611570248,0.0
consumption_alpha,0.5,portfolio_tax,10,annual_appreciation_g,0.021548855034120074,0.0
consumption_alpha,0.5,geographic,10,homeownership_rate,0.24874371859296482,-0.29312820258930117
consumption_alpha,0.5,geographic,10,rental_vacancy_rate,0.13411078717201166,-0.16340987398501314
consumption_alpha,0.5,geographic,10,annual_appreciation_g,-0.009227908255905581,-0.030776763290025655
consumption_alpha,0.5,baseline,11,homeownership_rate,0.35498839907192575,0.0
consumption_alpha,0.5,baseline,11,rental_vacancy_rate,0.0,0.0
consumption_alpha,0.5,baseline,11,annual_appreciation_g,-0.027765564865254833,0.0
consumption_alpha,0.5,waiting_period,11,homeownership_rate,0.38071065989847713,0.02572226082655138
consumption_alpha,0.5,waiting_period,11,rental_vacancy_rate,0.05855855855855856,0.05855855855855856
consumption_alpha,0.5,waiting_period,11,annual_appreciation_g,-0.03,-0.0022344351347451663
consumption_alpha,0.5,ownership_cap_soft,11,homeownership_rate,0.4853658536585366,0.13037745458661082
consumption_alpha,0.5,ownership_cap_soft,11,rental_vacancy_rate,0.11848341232227488,0.11848341232227488
consumption_alpha,0.5,ownership_cap_soft,11,annual_appreciation_g,-0.015085025559883225,0.012680539305371608
consumption_alpha,0.5,ownership_cap_hard,11,homeownership_rate,0.35279805352798055,-0.0021903455439452046
consumption_alpha,0.5,ownership_cap_hard,11,rental_vacancy_rate,0.0,0.0
consumption_alpha,0.5,ownership_cap_hard,11,annual_appreciation_g,-0.009102347809264999,0.018663217055989834
consumption_alpha,0.5,purchase_tax,11,homeownership_rate,0.3401015228426396,-0.014886876229286139
consumption_alpha,0.5,purchase_tax,11,rental_vacancy_rate,0.0,0.0
consumption_alpha,0.5,purchase_tax,11,annual_appreciation_g,-0.00799073508040593,0.019774829784848902
consumption_alpha,0.5,vacancy_tax,11,homeownership_rate,0.39285714285714285,0.037868743785217096
consumption_alpha,0.5,vacancy_tax,11,rental_vacancy_rate,0.0,0.0
consumption_alpha,0.5,vacancy_tax,11,annual_appreciation_g,-0.03,-0.0022344351347451663
consumption_alpha,0.5,portfolio_tax,11,homeownership_rate,0.35498839907192575,0.0
consumption_alpha,0.5,portfolio_tax,11,rental_vacancy_rate,0.0,0.0
consumption_alpha,0.5,portfolio_tax,11,annual_appreciation_g,-0.027765564865254833,0.0
consumption_alpha,0.5,geographic,11,homeownership_rate,0.2942708333333333,-0.06071756573859244
consumption_alpha,0.5,geographic,11,rental_vacancy_rate,0.13253012048192772,0.13253012048192772
consumption_alpha,0.5,geographic,11,annual_appreciation_g,-0.03,-0.0022344351347451663
consumption_alpha,0.5,baseline,12,homeownership_rate,0.4713541666666667,0.0
consumption_alpha,0.5,baseline,12,rental_vacancy_rate,0.1702127659574468,0.0
consumption_alpha,0.5,baseline,12,annual_appreciation_g,0.025260608023534692,0.0
consumption_alpha,0.5,waiting_period,12,homeownership_rate,0.4251968503937008,-0.046157316272965876
consumption_alpha,0.5,waiting_period,12,rental_vacancy_rate,0.047619047619047616,-0.12259371833839919
consumption_alpha,0.5,waiting_period,12,annual_appreciation_g,-0.020998900776431406,-0.0462595087999661
consumption_alpha,0.5,ownership_cap_soft,12,homeownership_rate,0.4241645244215938,-0.04718964224507288
consumption_alpha,0.5,ownership_cap_soft,12,rental_vacancy_rate,0.07488986784140969,-0.09532289811603711
consumption_alpha,0.5,ownership_cap_soft,12,annual_appreciation_g,-0.019416279501660028,-0.04467688752519472
consumption_alpha,0.5,ownership_cap_hard,12,homeownership_rate,0.42159383033419023,-0.04976033633247645
consumption_alpha,0.5,ownership_cap_hard,12,rental_vacancy_rate,0.09401709401709402,-0.07619567194035279
consumption_alpha,0.5,ownership_cap_hard,12,annual_appreciation_g,-0.010832485915201806,-0.0360930939387365
consumption_alpha,0.5,purchase_tax,12,homeownership_rate,0.3687002652519894,-0.10265390141467728
consumption_alpha,0.5,purchase_tax,12,rental_vacancy_rate,0.04435483870967742,-0.1258579272477694
consumption_alpha,0.5,purchase_tax,12,annual_appreciation_g,-0.020541186522102683,-0.045801794545637375
consumption_alpha,0.5,vacancy_tax,12,homeownership_rate,0.4362244897959184,-0.035129676870748305
consumption_alpha,0.5,vacancy_tax,12,rental_vacancy_rate,0.12173913043478261,-0.04847363552266419
consumption_alpha,0.5,vacancy_tax,12,annual_appreciation_g,-0.007427781534212863,-0.032688389557747555
consumption_alpha,0.5,portfolio_tax,12,homeownership_rate,0.4713541666666667,0.0
consumption_alpha,0.5,portfolio_tax,12,rental_vacancy_rate,0.1702127659574468,0.0
consumption_alpha,0.5,portfolio_tax,12,annual_appreciation_g,0.025260608023534692,0.0
consumption_alpha,0.5,geographic,12,homeownership_rate,0.27461139896373055,-0.19674276770293614
consumption_alpha,0.5,geographic,12,rental_vacancy_rate,0.08950617283950617,-0.08070659311794064
consumption_alpha,0.5,geographic,12,annual_appreciation_g,0.0760656795019079,0.05080507147837321
consumption_alpha,0.5,baseline,13,homeownership_rate,0.4666666666666667,0.0
consumption_alpha,0.5,baseline,13,rental_vacancy_rate,0.11320754716981132,0.0
consumption_alpha,0.5,baseline,13,annual_appreciation_g,-0.03,0.0
consumption_alpha,0.5,waiting_period,13,homeownership_rate,0.38957816377171217,-0.0770885028949545
consumption_alpha,0.5,waiting_period,13,rental_vacancy_rate,0.04219409282700422,-0.0710134543428071
consumption_alpha,0.5,waiting_period,13,annual_appreciation_g,-0.01943983520808268,0.01056016479191732
consumption_alpha,0.5,ownership_cap_soft,13,homeownership_rate,0.4666666666666667,0.0
consumption_alpha,0.5,ownership_cap_soft,13,rental_vacancy_rate,0.11320754716981132,0.0
consumption_alpha,0.5,ownership_cap_soft,13,annual_appreciation_g,-0.03,0.0
consumption_alpha,0.5,ownership_cap_hard,13,homeownership_rate,0.4666666666666667,0.0
consumption_alpha,0.5,ownership_cap_hard,13,rental_vacancy_rate,0.11320754716981132,0.0
consumption_alpha,0.5,ownership_cap_hard,13,annual_appreciation_g,-0.03,0.0
consumption_alpha,0.5,purchase_tax,13,homeownership_rate,0.48854961832061067,0.021882951653943994
consumption_alpha,0.5,purchase_tax,13,rental_vacancy_rate,0.1864406779661017,0.07323313079629037
consumption_alpha,0.5,purchase_tax,13,annual_appreciation_g,0.0,0.03
consumption_alpha,0.5,vacancy_tax,13,homeownership_rate,0.4666666666666667,0.0
consumption_alpha,0.5,vacancy_tax,13,rental_vacancy_rate,0.11320754716981132,0.0
consumption_alpha,0.5,vacancy_tax,13,annual_appreciation_g,-0.03,0.0
consumption_alpha,0.5,portfolio_tax,13,homeownership_rate,0.4666666666666667,0.0
consumption_alpha,0.5,portfolio_tax,13,rental_vacancy_rate,0.11320754716981132,0.0
consumption_alpha,0.5,portfolio_tax,13,annual_appreciation_g,-0.03,0.0
consumption_alpha,0.5,geographic,13,homeownership_rate,0.32057416267942584,-0.14609250398724083
consumption_alpha,0.5,geographic,13,rental_vacancy_rate,0.12173913043478261,0.00853158326497129
consumption_alpha,0.5,geographic,13,annual_appreciation_g,-0.0009611772828734821,0.029038822717126517
consumption_alpha,0.5,baseline,14,homeownership_rate,0.46365914786967416,0.0
consumption_alpha,0.5,baseline,14,rental_vacancy_rate,0.11267605633802817,0.0
consumption_alpha,0.5,baseline,14,annual_appreciation_g,-0.00931298470201447,0.0
consumption_alpha,0.5,waiting_period,14,homeownership_rate,0.4855072463768116,0.021848098507137426
consumption_alpha,0.5,waiting_period,14,rental_vacancy_rate,0.15283842794759825,0.04016237160957008
consumption_alpha,0.5,waiting_period,14,annual_appreciation_g,-0.03,-0.020687015297985528
consumption_alpha,0.5,ownership_cap_soft,14,homeownership_rate,0.43316831683168316,-0.030490831037990995
consumption_alpha,0.5,ownership_cap_soft,14,rental_vacancy_rate,0.07142857142857142,-0.04124748490945675
consumption_alpha,0.5,ownership_cap_soft,14,annual_appreciation_g,-0.019193175064970647,-0.009880190362956176
consumption_alpha,0.5,ownership_cap_hard,14,homeownership_rate,0.46464646464646464,0.0009873167767904811
consumption_alpha,0.5,ownership_cap_hard,14,rental_vacancy_rate,0.20175438596491227,0.0890783296268841
consumption_alpha,0.5,ownership_cap_hard,14,annual_appreciation_g,0.09418470109987087,0.10349768580188534
consumption_alpha,0.5,purchase_tax,14,homeownership_rate,0.44050632911392407,-0.023152818755750093
consumption_alpha,0.5,purchase_tax,14,rental_vacancy_rate,0.0944206008583691,-0.018255455479659066
consumption_alpha,0.5,purchase_tax,14,annual_appreciation_g,-0.02715104266969426,-0.017838057967679788
consumption_alpha,0.5,vacancy_tax,14,homeownership_rate,0.408983451536643,-0.054675696333031154
consumption_alpha,0.5,vacancy_tax,14,rental_vacancy_rate,0.0,-0.11267605633802817
consumption_alpha,0.5,vacancy_tax,14,annual_appreciation_g,-0.02843308814838663,-0.01912010344637216
consumption_alpha,0.5,portfolio_tax,14,homeownership_rate,0.46365914786967416,0.0
consumption_alpha,0.5,portfolio_tax,14,rental_vacancy_rate,0.11267605633802817,0.0
consumption_alpha,0.5,portfolio_tax,14,annual_appreciation_g,-0.00931298470201447,0.0
consumption_alpha,0.5,geographic,14,homeownership_rate,0.2909090909090909,-0.17275005696058326
consumption_alpha,0.5,geographic,14,rental_vacancy_rate,0.09116022099447514,-0.02151583534355303
consumption_alpha,0.5,geographic,14,annual_appreciation_g,0.0,0.00931298470201447
consumption_alpha,0.5,baseline,15,homeownership_rate,0.3489583333333333,0.0
consumption_alpha,0.5,baseline,15,rental_vacancy_rate,0.08071748878923767,0.0
consumption_alpha,0.5,baseline,15,annual_appreciation_g,-0.022339707833133104,0.0
consumption_alpha,0.5,waiting_period,15,homeownership_rate,0.4797979797979798,0.13083964646464646
consumption_alpha,0.5,waiting_period,15,rental_vacancy_rate,0.22325581395348837,0.1425383251642507
consumption_alpha,0.5,waiting_period,15,annual_appreciation_g,-0.029952583889315765,-0.00761287605618266
consumption_alpha,0.5,ownership_cap_soft,15,homeownership_rate,0.3952254641909814,0.04626713085764811
consumption_alpha,0.5,ownership_cap_soft,15,rental_vacancy_rate,0.1782608695652174,0.09754338077597972
consumption_alpha,0.5,ownership_cap_soft,15,annual_appreciation_g,-0.02880277521373964,-0.006463067380606535
consumption_alpha,0.5,ownership_cap_hard,15,homeownership_rate,0.4199475065616798,0.07098917322834647
consumption_alpha,0.5,ownership_cap_hard,15,rental_vacancy_rate,0.16363636363636364,0.08291887484712597
consumption_alpha,0.5,ownership_cap_hard,15,annual_appreciation_g,-0.027441745704692933,-0.005102037871559828
consumption_alpha,0.5,purchase_tax,15,homeownership_rate,0.5013262599469496,0.15236792661361626
consumption_alpha,0.5,purchase_tax,15,rental_vacancy_rate,0.3524229074889868,0.2717054186997491
consumption_alpha,0.5,purchase_tax,15,annual_appreciation_g,0.0037842563282797226,0.026123964161412827
consumption_alpha,0.5,vacancy_tax,15,homeownership_rate,0.39952153110047844,0.05056319776714513
consumption_alpha,0.5,vacancy_tax,15,rental_vacancy_rate,0.028037383177570093,-0.05268010561166757
consumption_alpha,0.5,vacancy_tax,15,annual_appreciation_g,-0.019627036553356736,0.0027126712797763686
consumption_alpha,0.5,portfolio_tax,15,homeownership_rate,0.3489583333333333,0.0
consumption_alpha,0.5,portfolio_tax,15,rental_vacancy_rate,0.08071748878923767,0.0
consumption_alpha,0.5,portfolio_tax,15,annual_appreciation_g,-0.022339707833133104,0.0
consumption_alpha,0.5,geographic,15,homeownership_rate,0.2675,-0.0814583333333333
consumption_alpha,0.5,geographic,15,rental_vacancy_rate,0.13218390804597702,0.05146641925673935
consumption_alpha,0.5,geographic,15,annual_appreciation_g,-0.03,-0.007660292166866894
consumption_alpha,0.5,baseline,16,homeownership_rate,0.5410628019323671,0.0
consumption_alpha,0.5,baseline,16,rental_vacancy_rate,0.16062176165803108,0.0
consumption_alpha,0.5,baseline,16,annual_appreciation_g,-0.02439220085822047,0.0
consumption_alpha,0.5,waiting_period,16,homeownership_rate,0.4026666666666667,-0.13839613526570044
consumption_alpha,0.5,waiting_period,16,rental_vacancy_rate,0.0787037037037037,-0.08191805795432737
consumption_alpha,0.5,waiting_period,16,annual_appreciation_g,-0.006800440101899952,0.017591760756320518
consumption_alpha,0.5,ownership_cap_soft,16,homeownership_rate,0.5410628019323671,0.0
consumption_alpha,0.5,ownership_cap_soft,16,rental_vacancy_rate,0.16062176165803108,0.0
consumption_alpha,0.5,ownership_cap_soft,16,annual_appreciation_g,-0.02439220085822047,0.0
consumption_alpha,0.5,ownership_cap_hard,16,homeownership_rate,0.5410628019323671,0.0
consumption_alpha,0.5,ownership_cap_hard,16,rental_vacancy_rate,0.16062176165803108,0.0
consumption_alpha,0.5,ownership_cap_hard,16,annual_appreciation_g,-0.02439220085822047,0.0
consumption_alpha,0.5,purchase_tax,16,homeownership_rate,0.4253164556962025,-0.11574634623616459
consumption_alpha,0.5,purchase_tax,16,rental_vacancy_rate,0.046948356807511735,-0.11367340485051934
consumption_alpha,0.5,purchase_tax,16,annual_appreciation_g,0.03717512292552683,0.061567323783747296
consumption_alpha,0.5,vacancy_tax,16,homeownership_rate,0.4841075794621027,-0.05695522247026441
consumption_alpha,0.5,vacancy_tax,16,rental_vacancy_rate,0.15,-0.010621761658031081
consumption_alpha,0.5,vacancy_tax,16,annual_appreciation_g,-0.010761378991714698,0.013630821866505771
consumption_alpha,0.5,portfolio_tax,16,homeownership_rate,0.5410628019323671,0.0
consumption_alpha,0.5,portfolio_tax,16,rental_vacancy_rate,0.16062176165803108,0.0
consumption_alpha,0.5,portfolio_tax,16,annual_appreciation_g,-0.02439220085822047,0.0
consumption_alpha,0.5,geographic,16,homeownership_rate,0.2465753424657534,-0.2944874594666137
consumption_alpha,0.5,geographic,16,rental_vacancy_rate,0.09510086455331412,-0.06552089710471695
consumption_alpha,0.5,geographic,16,annual_appreciation_g,0.0026555605870504095,0.02704776144527088
consumption_alpha,0.5,baseline,17,homeownership_rate,0.47435897435897434,0.0
consumption_alpha,0.5,baseline,17,rental_vacancy_rate,0.18981481481481483,0.0
consumption_alpha,0.5,baseline,17,annual_appreciation_g,-0.03,0.0
consumption_alpha,0.5,waiting_period,17,homeownership_rate,0.5090439276485789,0.034684953289604525
consumption_alpha,0.5,waiting_period,17,rental_vacancy_rate,0.28634361233480177,0.09652879751998694
consumption_alpha,0.5,waiting_period,17,annual_appreciation_g,0.012051000518971566,0.042051000518971565
consumption_alpha,0.5,ownership_cap_soft,17,homeownership_rate,0.47435897435897434,0.0
consumption_alpha,0.5,ownership_cap_soft,17,rental_vacancy_rate,0.18981481481481483,0.0
consumption_alpha,0.5,ownership_cap_soft,17,annual_appreciation_g,-0.03,0.0
consumption_alpha,0.5,ownership_cap_hard,17,homeownership_rate,0.47435897435897434,0.0
consumption_alpha,0.5,ownership_cap_hard,17,rental_vacancy_rate,0.18981481481481483,0.0
consumption_alpha,0.5,ownership_cap_hard,17,annual_appreciation_g,-0.03,0.0
consumption_alpha,0.5,purchase_tax,17,homeownership_rate,0.41959798994974873,-0.05476098440922561
consumption_alpha,0.5,purchase_tax,17,rental_vacancy_rate,0.08677685950413223,-0.10303795531068259
consumption_alpha,0.5,purchase_tax,17,annual_appreciation_g,-0.03,0.0
consumption_alpha,0.5,vacancy_tax,17,homeownership_rate,0.441025641025641,-0.033333333333333326
consumption_alpha,0.5,vacancy_tax,17,rental_vacancy_rate,0.12962962962962962,-0.0601851851851852
consumption_alpha,0.5,vacancy_tax,17,annual_appreciation_g,-0.03,0.0
consumption_alpha,0.5,portfolio_tax,17,homeownership_rate,0.47435897435897434,0.0
consumption_alpha,0.5,portfolio_tax,17,rental_vacancy_rate,0.18981481481481483,0.0
consumption_alpha,0.5,portfolio_tax,17,annual_appreciation_g,-0.03,0.0
consumption_alpha,0.5,geographic,17,homeownership_rate,0.29015544041450775,-0.1842035339444666
consumption_alpha,0.5,geographic,17,rental_vacancy_rate,0.10365853658536585,-0.08615627822944898
consumption_alpha,0.5,geographic,17,annual_appreciation_g,-0.0012484394506866447,0.028751560549313354
consumption_alpha,0.5,baseline,18,homeownership_rate,0.5221674876847291,0.0
consumption_alpha,0.5,baseline,18,rental_vacancy_rate,0.32608695652173914,0.0
consumption_alpha,0.5,baseline,18,annual_appreciation_g,0.01745692281215394,0.0
consumption_alpha,0.5,waiting_period,18,homeownership_rate,0.4905149051490515,-0.0316525825356776
consumption_alpha,0.5,waiting_period,18,rental_vacancy_rate,0.33014354066985646,0.004056584148117326
consumption_alpha,0.5,waiting_period,18,annual_appreciation_g,0.001633315541551994,-0.015823607270601947
consumption_alpha,0.5,ownership_cap_soft,18,homeownership_rate,0.47858942065491183,-0.04357806702981726
consumption_alpha,0.5,ownership_cap_soft,18,rental_vacancy_rate,0.25,-0.07608695652173914
consumption_alpha,0.5,ownership_cap_soft,18,annual_appreciation_g,0.048990249412974585,0.031533326600820644
consumption_alpha,0.5,ownership_cap_hard,18,homeownership_rate,0.39759036144578314,-0.12457712623894596
consumption_alpha,0.5,ownership_cap_hard,18,rental_vacancy_rate,0.06607929515418502,-0.2600076613675541
consumption_alpha,0.5,ownership_cap_hard,18,annual_appreciation_g,-0.03,-0.04745692281215394
consumption_alpha,0.5,purchase_tax,18,homeownership_rate,0.4727272727272727,-0.049440214957456374
consumption_alpha,0.5,purchase_tax,18,rental_vacancy_rate,0.3305439330543933,0.004456976532654144
consumption_alpha,0.5,purchase_tax,18,annual_appreciation_g,-0.03,-0.04745692281215394
consumption_alpha,0.5,vacancy_tax,18,homeownership_rate,0.49748743718592964,-0.024680050498799455
consumption_alpha,0.5,vacancy_tax,18,rental_vacancy_rate,0.3135593220338983,-0.012527634487840833
consumption_alpha,0.5,vacancy_tax,18,annual_appreciation_g,0.026816955497225736,0.009360032685071795
consumption_alpha,0.5,portfolio_tax,18,homeownership_rate,0.5221674876847291,0.0
consumption_alpha,0.5,portfolio_tax,18,rental_vacancy_rate,0.32608695652173914,0.0
consumption_alpha,0.5,portfolio_tax,18,annual_appreciation_g,0.01745692281215394,0.0
consumption_alpha,0.5,geographic,18,homeownership_rate,0.24407582938388625,-0.2780916583008428
consumption_alpha,0.5,geographic,18,rental_vacancy_rate,0.1443850267379679,-0.18170192978377123
consumption_alpha,0.5,geographic,18,annual_appreciation_g,0.038643965149700366,0.021187042337546425
consumption_alpha,0.5,baseline,19,homeownership_rate,0.4739583333333333,0.0
consumption_alpha,0.5,baseline,19,rental_vacancy_rate,0.2175925925925926,0.0
consumption_alpha,0.5,baseline,19,annual_appreciation_g,-0.0037114516757776883,0.0
consumption_alpha,0.5,waiting_period,19,homeownership_rate,0.3944723618090452,-0.0794859715242881
consumption_alpha,0.5,waiting_period,19,rental_vacancy_rate,0.0851063829787234,-0.1324862096138692
consumption_alpha,0.5,waiting_period,19,annual_appreciation_g,-0.03,-0.02628854832422231
consumption_alpha,0.5,ownership_cap_soft,19,homeownership_rate,0.5212765957446809,0.04731826241134757
consumption_alpha,0.5,ownership_cap_soft,19,rental_vacancy_rate,0.32242990654205606,0.10483731394946347
consumption_alpha,0.5,ownership_cap_soft,19,annual_appreciation_g,0.0,0.0037114516757776883
consumption_alpha,0.5,ownership_cap_hard,19,homeownership_rate,0.43523316062176165,-0.038725172711571665
consumption_alpha,0.5,ownership_cap_hard,19,rental_vacancy_rate,0.18099547511312217,-0.03659711747947042
consumption_alpha,0.5,ownership_cap_hard,19,annual_appreciation_g,-0.03,-0.02628854832422231
consumption_alpha,0.5,purchase_tax,19,homeownership_rate,0.45595854922279794,-0.017999784110535377
consumption_alpha,0.5,purchase_tax,19,rental_vacancy_rate,0.1615720524017467,-0.056020540190845874
consumption_alpha,0.5,purchase_tax,19,annual_appreciation_g,-0.004856532135138036,-0.001145080459360348
consumption_alpha,0.5,vacancy_tax,19,homeownership_rate,0.5301204819277109,0.05616214859437757
consumption_alpha,0.5,vacancy_tax,19,rental_vacancy_rate,0.2863636363636364,0.06877104377104379
consumption_alpha,0.5,vacancy_tax,19,annual_appreciation_g,-0.007042578897673013,-0.0033311272218953247
consumption_alpha,0.5,portfolio_tax,19,homeownership_rate,0.4739583333333333,0.0
consumption_alpha,0.5,portfolio_tax,19,rental_vacancy_rate,0.2175925925925926,0.0
consumption_alpha,0.5,portfolio_tax,19,annual_appreciation_g,-0.0037114516757776883,0.0
consumption_alpha,0.5,geographic,19,homeownership_rate,0.21963824289405684,-0.2543200904392765
consumption_alpha,0.5,geographic,19,rental_vacancy_rate,0.12716763005780346,-0.09042496253478913
consumption_alpha,0.5,geographic,19,annual_appreciation_g,-0.003747360247355558,-3.590857157786953e-05
consumption_alpha,0.65,baseline,0,homeownership_rate,0.47890818858560796,0.0
consumption_alpha,0.65,baseline,0,rental_vacancy_rate,0.2168141592920354,0.0
consumption_alpha,0.65,baseline,0,annual_appreciation_g,-0.03,0.0
consumption_alpha,0.65,waiting_period,0,homeownership_rate,0.504950495049505,0.02604230646389699
consumption_alpha,0.65,waiting_period,0,rental_vacancy_rate,0.24793388429752067,0.031119725005485266
consumption_alpha,0.65,waiting_period,0,annual_appreciation_g,0.06615543138035429,0.09615543138035429
consumption_alpha,0.65,ownership_cap_soft,0,homeownership_rate,0.4926829268292683,0.013774738243660323
consumption_alpha,0.65,ownership_cap_soft,0,rental_vacancy_rate,0.25,0.0331858407079646
consumption_alpha,0.65,ownership_cap_soft,0,annual_appreciation_g,-0.022276327629270898,0.007723672370729101
consumption_alpha,0.65,ownership_cap_hard,0,homeownership_rate,0.49878345498783455,0.019875266402226588
consumption_alpha,0.65,ownership_cap_hard,0,rental_vacancy_rate,0.23766816143497757,0.02085400214294217
consumption_alpha,0.65,ownership_cap_hard,0,annual_appreciation_g,-0.02305592116338062,0.006944078836619377
consumption_alpha,0.65,purchase_tax,0,homeownership_rate,0.37922077922077924,-0.09968740936482873
consumption_alpha,0.65,purchase_tax,0,rental_vacancy_rate,0.12396694214876033,-0.09284721714327507
consumption_alpha,0.65,purchase_tax,0,annual_appreciation_g,-0.03,0.0
consumption_alpha,0.65,vacancy_tax,0,homeownership_rate,0.5288220551378446,0.049913866552236674
consumption_alpha,0.65,vacancy_tax,0,rental_vacancy_rate,0.3333333333333333,0.11651917404129791
consumption_alpha,0.65,vacancy_tax,0,annual_appreciation_g,-0.000969450049420173,0.029030549950579826
consumption_alpha,0.65,portfolio_tax,0,homeownership_rate,0.47890818858560796,0.0
consumption_alpha,0.65,portfolio_tax,0,rental_vacancy_rate,0.2168141592920354,0.0
consumption_alpha,0.65,portfolio_tax,0,annual_appreciation_g,-0.03,0.0
consumption_alpha,0.65,geographic,0,homeownership_rate,0.2994652406417112,-0.17944294794389676
consumption_alpha,0.65,geographic,0,rental_vacancy_rate,0.15568862275449102,-0.06112553653754438
consumption_alpha,0.65,geographic,0,annual_appreciation_g,0.10357142594652369,0.1335714259465237
consumption_alpha,0.65,baseline,1,homeownership_rate,0.46875,0.0
consumption_alpha,0.65,baseline,1,rental_vacancy_rate,0.2793522267206478,0.0
consumption_alpha,0.65,baseline,1,annual_appreciation_g,-0.016786764143421617,0.0
consumption_alpha,0.65,waiting_period,1,homeownership_rate,0.4470284237726098,-0.021721576227390182
consumption_alpha,0.65,waiting_period,1,rental_vacancy_rate,0.2663755458515284,-0.012976680869119406
consumption_alpha,0.65,waiting_period,1,annual_appreciation_g,-0.01040500395902455,0.006381760184397067
consumption_alpha,0.65,ownership_cap_soft,1,homeownership_rate,0.336,-0.13274999999999998
consumption_alpha,0.65,ownership_cap_soft,1,rental_vacancy_rate,0.12403100775193798,-0.15532121896870982
consumption_alpha,0.65,ownership_cap_soft,1,annual_appreciation_g,-0.03,-0.013213235856578381
consumption_alpha,0.65,ownership_cap_hard,1,homeownership_rate,0.40594059405940597,-0.06280940594059403
consumption_alpha,0.65,ownership_cap_hard,1,rental_vacancy_rate,0.13229571984435798,-0.14705650687628982
consumption_alpha,0.65,ownership_cap_hard,1,annual_appreciation_g,-0.020224920116693412,-0.003438155973271795
consumption_alpha,0.65,purchase_tax,1,homeownership_rate,0.2978142076502732,-0.17093579234972678
consumption_alpha,0.65,purchase_tax,1,rental_vacancy_rate,0.045627376425855515,-0.23372485029479229
consumption_alpha,0.65,purchase_tax,1,annual_appreciation_g,-0.02130752981560069,-0.004520765672179072
consumption_alpha,0.65,vacancy_tax,1,homeownership_rate,0.34108527131782945,-0.12766472868217055
consumption_alpha,0.65,vacancy_tax,1,rental_vacancy_rate,0.04417670682730924,-0.23517551989333857
consumption_alpha,0.65,vacancy_tax,1,annual_appreciation_g,-0.03,-0.013213235856578381
consumption_alpha,0.65,portfolio_tax,1,homeownership_rate,0.46875,0.0
consumption_alpha,0.65,portfolio_tax,1,rental_vacancy_rate,0.2793522267206478,0.0
consumption_alpha,0.65,portfolio_tax,1,annual_appreciation_g,-0.016786764143421617,0.0
consumption_alpha,0.65,geographic,1,homeownership_rate,0.27735368956743,-0.19139631043257
consumption_alpha,0.65,geographic,1,rental_vacancy_rate,0.17183098591549295,-0.10752124080515485
consumption_alpha,0.65,geographic,1,annual_appreciation_g,0.0025657040827820055,0.019352468226203623
consumption_alpha,0.65,baseline,2,homeownership_rate,0.3625,0.0
consumption_alpha,0.65,baseline,2,rental_vacancy_rate,0.06276150627615062,0.0
consumption_alpha,0.65,baseline,2,annual_appreciation_g,-0.01390632543416448,0.0
consumption_alpha,0.65,waiting_period,2,homeownership_rate,0.5485436893203883,0.18604368932038834
consumption_alpha,0.65,waiting_period,2,rental_vacancy_rate,0.3392070484581498,0.2764455421819992
consumption_alpha,0.65,waiting_period,2,annual_appreciation_g,0.0010335473075531176,0.014939872741717597
consumption_alpha,0.65,ownership_cap_soft,2,homeownership_rate,0.40102827763496146,0.03852827763496147
consumption_alpha,0.65,ownership_cap_soft,2,rental_vacancy_rate,0.16883116883116883,0.10606966255501821
consumption_alpha,0.65,ownership_cap_soft,2,annual_appreciation_g,-0.019671057315555296,-0.005764731881390817
consumption_alpha,0.65,ownership_cap_hard,2,homeownership_rate,0.3627450980392157,0.0002450980392156854
consumption_alpha,0.65,ownership_cap_hard,2,rental_vacancy_rate,0.09583333333333334,0.033071827057182715
consumption_alpha,0.65,ownership_cap_hard,2,annual_appreciation_g,-0.003917980951985478,0.009988344482179001
consumption_alpha,0.65,purchase_tax,2,homeownership_rate,0.41854636591478694,0.056046365914786955
consumption_alpha,0.65,purchase_tax,2,rental_vacancy_rate,0.19047619047619047,0.12771468420003984
consumption_alpha,0.65,purchase_tax,2,annual_appreciation_g,-0.03,-0.01609367456583552
consumption_alpha,0.65,vacancy_tax,2,homeownership_rate,0.46578947368421053,0.10328947368421054
consumption_alpha,0.65,vacancy_tax,2,rental_vacancy_rate,0.2094017094017094,0.14664020312555878
consumption_alpha,0.65,vacancy_tax,2,annual_appreciation_g,-0.017947005947168027,-0.004040680513003547
consumption_alpha,0.65,portfolio_tax,2,homeownership_rate,0.3625,0.0
consumption_alpha,0.65,portfolio_tax,2,rental_vacancy_rate,0.06276150627615062,0.0
consumption_alpha,0.65,portfolio_tax,2,annual_appreciation_g,-0.01390632543416448,0.0
consumption_alpha,0.65,geographic,2,homeownership_rate,0.33692722371967654,-0.02557277628032345
consumption_alpha,0.65,geographic,2,rental_vacancy_rate,0.12804878048780488,0.06528727421165426
consumption_alpha,0.65,geographic,2,annual_appreciation_g,-0.03,-0.01609367456583552
consumption_alpha,0.65,baseline,3,homeownership_rate,0.3850129198966408,0.0
consumption_alpha,0.65,baseline,3,rental_vacancy_rate,0.18548387096774194,0.0
consumption_alpha,0.65,baseline,3,annual_appreciation_g,-0.0015135081115633664,0.0
consumption_alpha,0.65,waiting_period,3,homeownership_rate,0.5012853470437018,0.11627242714706093
consumption_alpha,0.65,waiting_period,3,rental_vacancy_rate,0.31063829787234043,0.1251544269045985
consumption_alpha,0.65,waiting_period,3,annual_appreciation_g,0.03422755054073545,0.03574105865229882
consumption_alpha,0.65,ownership_cap_soft,3,homeownership_rate,0.4263565891472868,0.041343669250645976
consumption_alpha,0.65,ownership_cap_soft,3,rental_vacancy_rate,0.21982758620689655,0.03434371523915461
consumption_alpha,0.65,ownership_cap_soft,3,annual_appreciation_g,-0.009242615761229533,-0.007729107649666167
consumption_alpha,0.65,ownership_cap_hard,3,homeownership_rate,0.453125,0.06811208010335917
consumption_alpha,0.65,ownership_cap_hard,3,rental_vacancy_rate,0.26141078838174275,0.07592691741400082
consumption_alpha,0.65,ownership_cap_hard,3,annual_appreciation_g,-0.0026506075409570284,-0.001137099429393662
consumption_alpha,0.65,purchase_tax,3,homeownership_rate,0.38578680203045684,0.0007738821338160173
consumption_alpha,0.65,purchase_tax,3,rental_vacancy_rate,0.07053941908713693,-0.11494445188060501
consumption_alpha,0.65,purchase_tax,3,annual_appreciation_g,0.0038772683448544676,0.005390776456417834
consumption_alpha,0.65,vacancy_tax,3,homeownership_rate,0.441025641025641,0.05601272112900019
consumption_alpha,0.65,vacancy_tax,3,rental_vacancy_rate,0.2320675105485232,0.046583639580781266
consumption_alpha,0.65,vacancy_tax,3,annual_appreciation_g,0.019989360052831806,0.021502868164395172
consumption_alpha,0.65,portfolio_tax,3,homeownership_rate,0.3850129198966408,0.0
consumption_alpha,0.65,portfolio_tax,3,rental_vacancy_rate,0.18548387096774194,0.0
consumption_alpha,0.65,portfolio_tax,3,annual_appreciation_g,-0.0015135081115633664,0.0
consumption_alpha,0.65,geographic,3,homeownership_rate,0.2695214105793451,-0.11549150931729574
consumption_alpha,0.65,geographic,3,rental_vacancy_rate,0.1267605633802817,-0.05872330758746025
consumption_alpha,0.65,geographic,3,annual_appreciation_g,-0.001430643625988326,8.286448557504045e-05
consumption_alpha,0.65,baseline,4,homeownership_rate,0.48984771573604063,0.0
consumption_alpha,0.65,baseline,4,rental_vacancy_rate,0.1717171717171717,0.0
consumption_alpha,0.65,baseline,4,annual_appreciation_g,-0.024411047555782606,0.0
consumption_alpha,0.65,waiting_period,4,homeownership_rate,0.44415584415584414,-0.0456918715801965
consumption_alpha,0.65,waiting_period,4,rental_vacancy_rate,0.16521739130434782,-0.006499780412823897
consumption_alpha,0.65,waiting_period,4,annual_appreciation_g,-0.0075841611582305735,0.016826886397552032
consumption_alpha,0.65,ownership_cap_soft,4,homeownership_rate,0.48984771573604063,0.0
consumption_alpha,0.65,ownership_cap_soft,4,rental_vacancy_rate,0.1717171717171717,0.0
consumption_alpha,0.65,ownership_cap_soft,4,annual_appreciation_g,-0.024411047555782606,0.0
consumption_alpha,0.65,ownership_cap_hard,4,homeownership_rate,0.48984771573604063,0.0
consumption_alpha,0.65,ownership_cap_hard,4,rental_vacancy_rate,0.1717171717171717,0.0
consumption_alpha,0.65,ownership_cap_hard,4,annual_appreciation_g,-0.024411047555782606,0.0
consumption_alpha,0.65,purchase_tax,4,homeownership_rate,0.47354497354497355,-0.016302742191067088
consumption_alpha,0.65,purchase_tax,4,rental_vacancy_rate,0.23275862068965517,0.06104144897248345
consumption_alpha,0.65,purchase_tax,4,annual_appreciation_g,-0.03,-0.005588952444217393
consumption_alpha,0.65,vacancy_tax,4,homeownership_rate,0.39276485788113696,-0.09708285785490367
consumption_alpha,0.65,vacancy_tax,4,rental_vacancy_rate,0.07727272727272727,-0.09444444444444444
consumption_alpha,0.65,vacancy_tax,4,annual_appreciation_g,-0.03,-0.005588952444217393
consumption_alpha,0.65,portfolio_tax,4,homeownership_rate,0.48984771573604063,0.0
consumption_alpha,0.65,portfolio_tax,4,rental_vacancy_rate,0.1717171717171717,0.0
consumption_alpha,0.65,portfolio_tax,4,annual_appreciation_g,-0.024411047555782606,0.0
consumption_alpha,0.65,geographic,4,homeownership_rate,0.3118811881188119,-0.17796652761722875
consumption_alpha,0.65,geographic,4,rental_vacancy_rate,0.11781609195402298,-0.05390107976314873
consumption_alpha,0.65,geographic,4,annual_appreciation_g,-0.03,-0.005588952444217393
consumption_alpha,0.65,baseline,5,homeownership_rate,0.4460093896713615,0.0
consumption_alpha,0.65,baseline,5,rental_vacancy_rate,0.09004739336492891,0.0
consumption_alpha,0.65,baseline,5,annual_appreciation_g,-0.004799162601351825,0.0
consumption_alpha,0.65,waiting_period,5,homeownership_rate,0.4138755980861244,-0.032133791585237104
consumption_alpha,0.65,waiting_period,5,rental_vacancy_rate,0.11363636363636363,0.023588970271434723
consumption_alpha,0.65,waiting_period,5,annual_appreciation_g,-0.008241677021947669,-0.0034425144205958436
consumption_alpha,0.65,ownership_cap_soft,5,homeownership_rate,0.4460093896713615,0.0
consumption_alpha,0.65,ownership_cap_soft,5,rental_vacancy_rate,0.09004739336492891,0.0
consumption_alpha,0.65,ownership_cap_soft,5,annual_appreciation_g,-0.004799162601351825,0.0
consumption_alpha,0.65,ownership_cap_hard,5,homeownership_rate,0.4460093896713615,0.0
consumption_alpha,0.65,ownership_cap_hard,5,rental_vacancy_rate,0.09004739336492891,0.0
consumption_alpha,0.65,ownership_cap_hard,5,annual_appreciation_g,-0.004799162601351825,0.0
consumption_alpha,0.65,purchase_tax,5,homeownership_rate,0.40963855421686746,-0.036370835454494044
consumption_alpha,0.65,purchase_tax,5,rental_vacancy_rate,0.1803921568627451,0.09034476349781619
consumption_alpha,0.65,purchase_tax,5,annual_appreciation_g,-0.03,-0.025200837398648174
consumption_alpha,0.65,vacancy_tax,5,homeownership_rate,0.44987775061124696,0.0038683609398854624
consumption_alpha,0.65,vacancy_tax,5,rental_vacancy_rate,0.20175438596491227,0.11170699259998336
consumption_alpha,0.65,vacancy_tax,5,annual_appreciation_g,-0.03,-0.025200837398648174
consumption_alpha,0.65,portfolio_tax,5,homeownership_rate,0.4460093896713615,0.0
consumption_alpha,0.65,portfolio_tax,5,rental_vacancy_rate,0.09004739336492891,0.0
consumption_alpha,0.65,portfolio_tax,5,annual_appreciation_g,-0.004799162601351825,0.0
consumption_alpha,0.65,geographic,5,homeownership_rate,0.2668269230769231,-0.17918246659443843
consumption_alpha,0.65,geographic,5,rental_vacancy_rate,0.15406162464985995,0.06401423128493104
consumption_alpha,0.65,geographic,5,annual_appreciation_g,0.016081009654419054,0.02088017225577088
consumption_alpha,0.65,baseline,6,homeownership_rate,0.38636363636363635,0.0
consumption_alpha,0.65,baseline,6,rental_vacancy_rate,0.09583333333333334,0.0
consumption_alpha,0.65,baseline,6,annual_appreciation_g,-0.03,0.0
consumption_alpha,0.65,waiting_period,6,homeownership_rate,0.48556430446194226,0.09920066809830591
consumption_alpha,0.65,waiting_period,6,rental_vacancy_rate,0.28440366972477066,0.18857033639143733
consumption_alpha,0.65,waiting_period,6,annual_appreciation_g,0.01565547558325675,0.04565547558325675
consumption_alpha,0.65,ownership_cap_soft,6,homeownership_rate,0.4824120603015075,0.09604842393787116
consumption_alpha,0.65,ownership_cap_soft,6,rental_vacancy_rate,0.26337448559670784,0.16754115226337452
consumption_alpha,0.65,ownership_cap_soft,6,annual_appreciation_g,0.0,0.03
consumption_alpha,0.65,ownership_cap_hard,6,homeownership_rate,0.4362244897959184,0.049860853432282026
consumption_alpha,0.65,ownership_cap_hard,6,rental_vacancy_rate,0.24050632911392406,0.14467299578059073
consumption_alpha,0.65,ownership_cap_hard,6,annual_appreciation_g,-0.03,0.0
consumption_alpha,0.65,purchase_tax,6,homeownership_rate,0.3832923832923833,-0.003071253071253055
consumption_alpha,0.65,purchase_tax,6,rental_vacancy_rate,0.0,-0.09583333333333334
consumption_alpha,0.65,purchase_tax,6,annual_appreciation_g,-0.010377531431942866,0.019622468568057133
consumption_alpha,0.65,vacancy_tax,6,homeownership_rate,0.3836317135549872,-0.0027319228086491454
consumption_alpha,0.65,vacancy_tax,6,rental_vacancy_rate,0.12280701754385964,0.026973684210526302
consumption_alpha,0.65,vacancy_tax,6,annual_appreciation_g,-0.009439053131003017,0.020560946868996982
consumption_alpha,0.65,portfolio_tax,6,homeownership_rate,0.38636363636363635,0.0
consumption_alpha,0.65,portfolio_tax,6,rental_vacancy_rate,0.09583333333333334,0.0
consumption_alpha,0.65,portfolio_tax,6,annual_appreciation_g,-0.03,0.0
consumption_alpha,0.65,geographic,6,homeownership_rate,0.16153846153846155,-0.2248251748251748
consumption_alpha,0.65,geographic,6,rental_vacancy_rate,0.0975609756097561,0.0017276422764227611
consumption_alpha,0.65,geographic,6,annual_appreciation_g,-0.03,0.0
consumption_alpha,0.65,baseline,7,homeownership_rate,0.5118110236220472,0.0
consumption_alpha,0.65,baseline,7,rental_vacancy_rate,0.2511013215859031,0.0
consumption_alpha,0.65,baseline,7,annual_appreciation_g,0.025960573470891646,0.0
consumption_alpha,0.65,waiting_period,7,homeownership_rate,0.44871794871794873,-0.06309307490409849
consumption_alpha,0.65,waiting_period,7,rental_vacancy_rate,0.17857142857142858,-0.07252989301447452
consumption_alpha,0.65,waiting_period,7,annual_appreciation_g,-0.021176752179262848,-0.047137325650154493
consumption_alpha,0.65,ownership_cap_soft,7,homeownership_rate,0.477088948787062,-0.03472207483498524
consumption_alpha,0.65,ownership_cap_soft,7,rental_vacancy_rate,0.2727272727272727,0.021625951141369615
consumption_alpha,0.65,ownership_cap_soft,7,annual_appreciation_g,0.04414096254279665,0.018180389071905
consumption_alpha,0.65,ownership_cap_hard,7,homeownership_rate,0.38144329896907214,-0.13036772465297508
consumption_alpha,0.65,ownership_cap_hard,7,rental_vacancy_rate,0.07017543859649122,-0.18092588298941187
consumption_alpha,0.65,ownership_cap_hard,7,annual_appreciation_g,-0.03,-0.055960573470891645
consumption_alpha,0.65,purchase_tax,7,homeownership_rate,0.3533834586466165,-0.1584275649754307
consumption_alpha,0.65,purchase_tax,7,rental_vacancy_rate,0.012048192771084338,-0.23905312881481874
consumption_alpha,0.65,purchase_tax,7,annual_appreciation_g,-0.02271397206258252,-0.04867454553347417
consumption_alpha,0.65,vacancy_tax,7,homeownership_rate,0.49736842105263157,-0.014442602569415652
consumption_alpha,0.65,vacancy_tax,7,rental_vacancy_rate,0.26126126126126126,0.010159939675358165
consumption_alpha,0.65,vacancy_tax,7,annual_appreciation_g,-0.00760538961414059,-0.033565963085032235
consumption_alpha,0.65,portfolio_tax,7,homeownership_rate,0.5118110236220472,0.0
consumption_alpha,0.65,portfolio_tax,7,rental_vacancy_rate,0.2511013215859031,0.0
consumption_alpha,0.65,portfolio_tax,7,annual_appreciation_g,0.025960573470891646,0.0
consumption_alpha,0.65,geographic,7,homeownership_rate,0.26329113924050634,-0.24851988438154088
consumption_alpha,0.65,geographic,7,rental_vacancy_rate,0.12023460410557185,-0.13086671748033124
consumption_alpha,0.65,geographic,7,annual_appreciation_g,-0.03,-0.055960573470891645
consumption_alpha,0.65,baseline,8,homeownership_rate,0.5192307692307693,0.0
consumption_alpha,0.65,baseline,8,rental_vacancy_rate,0.13930348258706468,0.0
consumption_alpha,0.65,baseline,8,annual_appreciation_g,-0.00858907949879395,0.0
consumption_alpha,0.65,waiting_period,8,homeownership_rate,0.48668280871670705,-0.032547960514062224
consumption_alpha,0.65,waiting_period,8,rental_vacancy_rate,0.1557377049180328,0.016434222330968112
consumption_alpha,0.65,waiting_period,8,annual_appreciation_g,-0.01849530689122436,-0.009906227392430411
consumption_alpha,0.65,ownership_cap_soft,8,homeownership_rate,0.498812351543943,-0.020418417686826285
consumption_alpha,0.65,ownership_cap_soft,8,rental_vacancy_rate,0.1380952380952381,-0.0012082444918265767
consumption_alpha,0.65,ownership_cap_soft,8,annual_appreciation_g,-0.014020141075974601,-0.005431061577180651
consumption_alpha,0.65,ownership_cap_hard,8,homeownership_rate,0.4411764705882353,-0.07805429864253399
consumption_alpha,0.65,ownership_cap_hard,8,rental_vacancy_rate,0.05714285714285714,-0.08216062544420755
consumption_alpha,0.65,ownership_cap_hard,8,annual_appreciation_g,-0.03,-0.02141092050120605
consumption_alpha,0.65,purchase_tax,8,homeownership_rate,0.3712121212121212,-0.14801864801864806
consumption_alpha,0.65,purchase_tax,8,rental_vacancy_rate,0.043859649122807015,-0.09544383346425767
consumption_alpha,0.65,purchase_tax,8,annual_appreciation_g,-0.03,-0.02141092050120605
consumption_alpha,0.65,vacancy_tax,8,homeownership_rate,0.3937947494033413,-0.12543601982742797
consumption_alpha,0.65,vacancy_tax,8,rental_vacancy_rate,0.0,-0.13930348258706468
consumption_alpha,0.65,vacancy_tax,8,annual_appreciation_g,-0.01420772416283711,-0.00561864466404316
consumption_alpha,0.65,portfolio_tax,8,homeownership_rate,0.5192307692307693,0.0
consumption_alpha,0.65,portfolio_tax,8,rental_vacancy_rate,0.13930348258706468,0.0
consumption_alpha,0.65,portfolio_tax,8,annual_appreciation_g,-0.00858907949879395,0.0
consumption_alpha,0.65,geographic,8,homeownership_rate,0.2689295039164491,-0.2503012653143202
consumption_alpha,0.65,geographic,8,rental_vacancy_rate,0.11607142857142858,-0.023232054015636106
consumption_alpha,0.65,geographic,8,annual_appreciation_g,0.05243439424966434,0.06102347374845829
consumption_alpha,0.65,baseline,9,homeownership_rate,0.4256410256410256,0.0
consumption_alpha,0.65,baseline,9,rental_vacancy_rate,0.15677966101694915,0.0
consumption_alpha,0.65,baseline,9,annual_appreciation_g,-0.03,0.0
consumption_alpha,0.65,waiting_period,9,homeownership_rate,0.4339622641509434,0.008321238509917783
consumption_alpha,0.65,waiting_period,9,rental_vacancy_rate,0.09205020920502092,-0.06472945181192823
consumption_alpha,0.65,waiting_period,9,annual_appreciation_g,-0.03,0.0
consumption_alpha,0.65,ownership_cap_soft,9,homeownership_rate,0.43733333333333335,0.011692307692307724
consumption_alpha,0.65,ownership_cap_soft,9,rental_vacancy_rate,0.22784810126582278,0.07106844024887363
consumption_alpha,0.65,ownership_cap_soft,9,annual_appreciation_g,-0.03,0.0
consumption_alpha,0.65,ownership_cap_hard,9,homeownership_rate,0.4300254452926209,0.0043844196515952505
consumption_alpha,0.65,ownership_cap_hard,9,rental_vacancy_rate,0.13247863247863248,-0.02430102853831667
consumption_alpha,0.65,ownership_cap_hard,9,annual_appreciation_g,-0.03,0.0
consumption_alpha,0.65,purchase_tax,9,homeownership_rate,0.49767441860465117,0.07203339296362554
consumption_alpha,0.65,purchase_tax,9,rental_vacancy_rate,0.19246861924686193,0.035688958229912776
consumption_alpha,0.65,purchase_tax,9,annual_appreciation_g,-0.009358076501112866,0.020641923498887133
consumption_alpha,0.65,vacancy_tax,9,homeownership_rate,0.43342036553524804,0.0077793398942224146
consumption_alpha,0.65,vacancy_tax,9,rental_vacancy_rate,0.14977973568281938,-0.00699992533412977
consumption_alpha,0.65,vacancy_tax,9,annual_appreciation_g,-0.03,0.0
consumption_alpha,0.65,portfolio_tax,9,homeownership_rate,0.4256410256410256,0.0
consumption_alpha,0.65,portfolio_tax,9,rental_vacancy_rate,0.15677966101694915,0.0
consumption_alpha,0.65,portfolio_tax,9,annual_appreciation_g,-0.03,0.0
consumption_alpha,0.65,geographic,9,homeownership_rate,0.2191780821917808,-0.20646294344924482
consumption_alpha,0.65,geographic,9,rental_vacancy_rate,0.11676646706586827,-0.04001319395108088
consumption_alpha,0.65,geographic,9,annual_appreciation_g,0.0,0.03
consumption_alpha,0.65,baseline,10,homeownership_rate,0.38242894056847543,0.0
consumption_alpha,0.65,baseline,10,rental_vacancy_rate,0.08256880733944955,0.0
consumption_alpha,0.65,baseline,10,annual_appreciation_g,-0.013841314283919104,0.0
consumption_alpha,0.65,waiting_period,10,homeownership_rate,0.4607594936708861,0.07833055310241066
consumption_alpha,0.65,waiting_period,10,rental_vacancy_rate,0.23504273504273504,0.1524739277032855
consumption_alpha,0.65,waiting_period,10,annual_appreciation_g,-0.019896654531908253,-0.006055340247989149
consumption_alpha,0.65,ownership_cap_soft,10,homeownership_rate,0.418848167539267,0.036419226970791585
consumption_alpha,0.65,ownership_cap_soft,10,rental_vacancy_rate,0.1388888888888889,0.05632008154943935
consumption_alpha,0.65,ownership_cap_soft,10,annual_appreciation_g,0.00960947176341409,0.023450786047333194
consumption_alpha,0.65,ownership_cap_hard,10,homeownership_rate,0.38701298701298703,0.0045840464445116025
consumption_alpha,0.65,ownership_cap_hard,10,rental_vacancy_rate,0.10550458715596331,0.022935779816513763
consumption_alpha,0.65,ownership_cap_hard,10,annual_appreciation_g,-0.009709190402298451,0.004132123881620653
consumption_alpha,0.65,purchase_tax,10,homeownership_rate,0.4005037783375315,0.01807483776905605
consumption_alpha,0.65,purchase_tax,10,rental_vacancy_rate,0.14661654135338345,0.0640477340139339
consumption_alpha,0.65,purchase_tax,10,annual_appreciation_g,-0.024114867803108786,-0.010273553519189682
consumption_alpha,0.65,vacancy_tax,10,homeownership_rate,0.4765432098765432,0.09411426930806777
consumption_alpha,0.65,vacancy_tax,10,rental_vacancy_rate,0.3039647577092511,0.22139595036980153
consumption_alpha,0.65,vacancy_tax,10,annual_appreciation_g,-0.014829701828449893,-0.0009883875445307888
consumption_alpha,0.65,portfolio_tax,10,homeownership_rate,0.38242894056847543,0.0
consumption_alpha,0.65,portfolio_tax,10,rental_vacancy_rate,0.08256880733944955,0.0
consumption_alpha,0.65,portfolio_tax,10,annual_appreciation_g,-0.013841314283919104,0.0
consumption_alpha,0.65,geographic,10,homeownership_rate,0.23891625615763548,-0.14351268441083995
consumption_alpha,0.65,geographic,10,rental_vacancy_rate,0.16939890710382513,0.08683009976437558
consumption_alpha,0.65,geographic,10,annual_appreciation_g,0.02636572164886175,0.040207035932780855
consumption_alpha,0.65,baseline,11,homeownership_rate,0.3989501312335958,0.0
consumption_alpha,0.65,baseline,11,rental_vacancy_rate,0.12556053811659193,0.0
consumption_alpha,0.65,baseline,11,annual_appreciation_g,-0.03,0.0
consumption_alpha,0.65,waiting_period,11,homeownership_rate,0.46078431372549017,0.061834182491894374
consumption_alpha,0.65,waiting_period,11,rental_vacancy_rate,0.08796296296296297,-0.037597575153628965
consumption_alpha,0.65,waiting_period,11,annual_appreciation_g,-0.00728015987772479,0.02271984012227521
consumption_alpha,0.65,ownership_cap_soft,11,homeownership_rate,0.4323607427055703,0.033410611471974494
consumption_alpha,0.65,ownership_cap_soft,11,rental_vacancy_rate,0.12735849056603774,0.0017979524494458055
consumption_alpha,0.65,ownership_cap_soft,11,annual_appreciation_g,-0.0214410047708945,0.008558995229105498
consumption_alpha,0.65,ownership_cap_hard,11,homeownership_rate,0.42036553524804177,0.02141540401444597
consumption_alpha,0.65,ownership_cap_hard,11,rental_vacancy_rate,0.14883720930232558,0.02327667118573365
consumption_alpha,0.65,ownership_cap_hard,11,annual_appreciation_g,-0.021134744037203945,0.008865255962796054
consumption_alpha,0.65,purchase_tax,11,homeownership_rate,0.43795620437956206,0.03900607314596627
consumption_alpha,0.65,purchase_tax,11,rental_vacancy_rate,0.10330578512396695,-0.022254752992624985
consumption_alpha,0.65,purchase_tax,11,annual_appreciation_g,-0.007923449335123456,0.022076550664876543
consumption_alpha,0.65,vacancy_tax,11,homeownership_rate,0.4453125,0.046362368766404205
consumption_alpha,0.65,vacancy_tax,11,rental_vacancy_rate,0.14084507042253522,0.015284532305943288
consumption_alpha,0.65,vacancy_tax,11,annual_appreciation_g,-0.03,0.0
consumption_alpha,0.65,portfolio_tax,11,homeownership_rate,0.3882978723404255,-0.010652258893170286
consumption_alpha,0.65,portfolio_tax,11,rental_vacancy_rate,0.08796296296296297,-0.037597575153628965
consumption_alpha,0.65,portfolio_tax,11,annual_appreciation_g,-0.03,0.0
consumption_alpha,0.65,geographic,11,homeownership_rate,0.2698019801980198,-0.12914815103557598
consumption_alpha,0.65,geographic,11,rental_vacancy_rate,0.1130952380952381,-0.012465300021353834
consumption_alpha,0.65,geographic,11,annual_appreciation_g,-0.03,0.0
consumption_alpha,0.65,baseline,12,homeownership_rate,0.45135135135135135,0.0
consumption_alpha,0.65,baseline,12,rental_vacancy_rate,0.21266968325791855,0.0
consumption_alpha,0.65,baseline,12,annual_appreciation_g,-0.02945035424962328,0.0
consumption_alpha,0.65,waiting_period,12,homeownership_rate,0.4720194647201946,0.020668113368843277
consumption_alpha,0.65,waiting_period,12,rental_vacancy_rate,0.12831858407079647,-0.08435109918712208
consumption_alpha,0.65,waiting_period,12,annual_appreciation_g,-0.03,-0.0005496457503767205
consumption_alpha,0.65,ownership_cap_soft,12,homeownership_rate,0.37626262626262624,-0.0750887250887251
consumption_alpha,0.65,ownership_cap_soft,12,rental_vacancy_rate,0.029787234042553193,-0.18288244921536534
consumption_alpha,0.65,ownership_cap_soft,12,annual_appreciation_g,-0.03,-0.0005496457503767205
consumption_alpha,0.65,ownership_cap_hard,12,homeownership_rate,0.39946380697050937,-0.05188754438084198
consumption_alpha,0.65,ownership_cap_hard,12,rental_vacancy_rate,0.1282051282051282,-0.08446455505279035
consumption_alpha,0.65,ownership_cap_hard,12,annual_appreciation_g,-0.010150301949192975,0.019300052300430304
consumption_alpha,0.65,purchase_tax,12,homeownership_rate,0.5104712041884817,0.05911985283713034
consumption_alpha,0.65,purchase_tax,12,rental_vacancy_rate,0.2264957264957265,0.01382604323780795
consumption_alpha,0.65,purchase_tax,12,annual_appreciation_g,-0.004195840284219932,0.025254513965403347
consumption_alpha,0.65,vacancy_tax,12,homeownership_rate,0.4035532994923858,-0.04779805185896557
consumption_alpha,0.65,vacancy_tax,12,rental_vacancy_rate,0.06465517241379311,-0.14801451084412542
consumption_alpha,0.65,vacancy_tax,12,annual_appreciation_g,-0.010526374390345206,0.018923979859278073
consumption_alpha,0.65,portfolio_tax,12,homeownership_rate,0.45135135135135135,0.0
consumption_alpha,0.65,portfolio_tax,12,rental_vacancy_rate,0.21266968325791855,0.0
consumption_alpha,0.65,portfolio_tax,12,annual_appreciation_g,-0.02945035424962328,0.0
consumption_alpha,0.65,geographic,12,homeownership_rate,0.2975,-0.15385135135135136
consumption_alpha,0.65,geographic,12,rental_vacancy_rate,0.14029850746268657,-0.07237117579523197
consumption_alpha,0.65,geographic,12,annual_appreciation_g,0.02759025097163459,0.05704060522125787
consumption_alpha,0.65,baseline,13,homeownership_rate,0.3687002652519894,0.0
consumption_alpha,0.65,baseline,13,rental_vacancy_rate,0.017467248908296942,0.0
consumption_alpha,0.65,baseline,13,annual_appreciation_g,-0.012682218097267328,0.0
consumption_alpha,0.65,waiting_period,13,homeownership_rate,0.49370277078085645,0.12500250552886705
consumption_alpha,0.65,waiting_period,13,rental_vacancy_rate,0.17061611374407584,0.1531488648357789
consumption_alpha,0.65,waiting_period,13,annual_appreciation_g,-0.03,-0.01731778190273267
consumption_alpha,0.65,ownership_cap_soft,13,homeownership_rate,0.4181360201511335,0.04943575489914409
consumption_alpha,0.65,ownership_cap_soft,13,rental_vacancy_rate,0.036036036036036036,0.018568787127739093
consumption_alpha,0.65,ownership_cap_soft,13,annual_appreciation_g,-0.0024358239254400615,0.010246394171827267
consumption_alpha,0.65,ownership_cap_hard,13,homeownership_rate,0.39473684210526316,0.026036576853273763
consumption_alpha,0.65,ownership_cap_hard,13,rental_vacancy_rate,0.04484304932735426,0.027375800419057315
consumption_alpha,0.65,ownership_cap_hard,13,annual_appreciation_g,-0.00615575874809926,0.006526459349168068
consumption_alpha,0.65,purchase_tax,13,homeownership_rate,0.4475920679886686,0.07889180273667917
consumption_alpha,0.65,purchase_tax,13,rental_vacancy_rate,0.19148936170212766,0.17402211279383073
consumption_alpha,0.65,purchase_tax,13,annual_appreciation_g,0.0,0.012682218097267328
consumption_alpha,0.65,vacancy_tax,13,homeownership_rate,0.3799019607843137,0.011201695532324307
consumption_alpha,0.65,vacancy_tax,13,rental_vacancy_rate,0.0,-0.017467248908296942
consumption_alpha,0.65,vacancy_tax,13,annual_appreciation_g,-0.03,-0.01731778190273267
consumption_alpha,0.65,portfolio_tax,13,homeownership_rate,0.3687002652519894,0.0
consumption_alpha,0.65,portfolio_tax,13,rental_vacancy_rate,0.017467248908296942,0.0
consumption_alpha,0.65,portfolio_tax,13,annual_appreciation_g,-0.012682218097267328,0.0
consumption_alpha,0.65,geographic,13,homeownership_rate,0.21236559139784947,-0.15633467385413993
consumption_alpha,0.65,geographic,13,rental_vacancy_rate,0.13119533527696792,0.11372808636867097
consumption_alpha,0.65,geographic,13,annual_appreciation_g,0.07239460548500531,0.08507682358227264
consumption_alpha,0.65,baseline,14,homeownership_rate,0.4271604938271605,0.0
consumption_alpha,0.65,baseline,14,rental_vacancy_rate,0.1522633744855967,0.0
consumption_alpha,0.65,baseline,14,annual_appreciation_g,-0.03,0.0
consumption_alpha,0.65,waiting_period,14,homeownership_rate,0.36272040302267,-0.06444009080449048
consumption_alpha,0.65,waiting_period,14,rental_vacancy_rate,0.0,-0.1522633744855967
consumption_alpha,0.65,waiting_period,14,annual_appreciation_g,-0.02921225099187308,0.0007877490081269201
consumption_alpha,0.65,ownership_cap_soft,14,homeownership_rate,0.38235294117647056,-0.04480755265068992
consumption_alpha,0.65,ownership_cap_soft,14,rental_vacancy_rate,0.13733905579399142,-0.014924318691605293
consumption_alpha,0.65,ownership_cap_soft,14,annual_appreciation_g,-0.03,0.0
consumption_alpha,0.65,ownership_cap_hard,14,homeownership_rate,0.343980343980344,-0.08318014984681649
consumption_alpha,0.65,ownership_cap_hard,14,rental_vacancy_rate,0.07751937984496124,-0.07474399464063547
consumption_alpha,0.65,ownership_cap_hard,14,annual_appreciation_g,-0.03,0.0
consumption_alpha,0.65,purchase_tax,14,homeownership_rate,0.43535620052770446,0.008195706700543981
consumption_alpha,0.65,purchase_tax,14,rental_vacancy_rate,0.19183673469387755,0.03957336020828084
consumption_alpha,0.65,purchase_tax,14,annual_appreciation_g,-0.009309591734577238,0.02069040826542276
consumption_alpha,0.65,vacancy_tax,14,homeownership_rate,0.39086294416243655,-0.03629754966472393
consumption_alpha,0.65,vacancy_tax,14,rental_vacancy_rate,0.09166666666666666,-0.06059670781893005
consumption_alpha,0.65,vacancy_tax,14,annual_appreciation_g,-0.03,0.0
consumption_alpha,0.65,portfolio_tax,14,homeownership_rate,0.4271604938271605,0.0
consumption_alpha,0.65,portfolio_tax,14,rental_vacancy_rate,0.1522633744855967,0.0
consumption_alpha,0.65,portfolio_tax,14,annual_appreciation_g,-0.03,0.0
consumption_alpha,0.65,geographic,14,homeownership_rate,0.2706185567010309,-0.15654193712612957
consumption_alpha,0.65,geographic,14,rental_vacancy_rate,0.13702623906705538,-0.015237135418541325
consumption_alpha,0.65,geographic,14,annual_appreciation_g,-0.0120243286356152,0.0179756713643848
consumption_alpha,0.65,baseline,15,homeownership_rate,0.46596858638743455,0.0
consumption_alpha,0.65,baseline,15,rental_vacancy_rate,0.24434389140271492,0.0
consumption_alpha,0.65,baseline,15,annual_appreciation_g,-0.007277646475609023,0.0
consumption_alpha,0.65,waiting_period,15,homeownership_rate,0.4583333333333333,-0.007635253054101232
consumption_alpha,0.65,waiting_period,15,rental_vacancy_rate,0.26587301587301587,0.021529124470300948
consumption_alpha,0.65,waiting_period,15,annual_appreciation_g,-0.00497512437810943,0.002302522097499593
consumption_alpha,0.65,ownership_cap_soft,15,homeownership_rate,0.3711340206185567,-0.09483456576887783
consumption_alpha,0.65,ownership_cap_soft,15,rental_vacancy_rate,0.19367588932806323,-0.05066800207465169
consumption_alpha,0.65,ownership_cap_soft,15,annual_appreciation_g,-0.021717579576064905,-0.014439933100455882
consumption_alpha,0.65,ownership_cap_hard,15,homeownership_rate,0.46153846153846156,-0.004430124848972983
consumption_alpha,0.65,ownership_cap_hard,15,rental_vacancy_rate,0.24444444444444444,0.00010055304172951196
consumption_alpha,0.65,ownership_cap_hard,15,annual_appreciation_g,-0.03,-0.022722353524390976
consumption_alpha,0.65,purchase_tax,15,homeownership_rate,0.491566265060241,0.025597678672806434
consumption_alpha,0.65,purchase_tax,15,rental_vacancy_rate,0.13761467889908258,-0.10672921250363235
consumption_alpha,0.65,purchase_tax,15,annual_appreciation_g,0.007850229159539479,0.015127875635148502
consumption_alpha,0.65,vacancy_tax,15,homeownership_rate,0.4679144385026738,0.0019458521152392327
consumption_alpha,0.65,vacancy_tax,15,rental_vacancy_rate,0.2631578947368421,0.018814003334127166
consumption_alpha,0.65,vacancy_tax,15,annual_appreciation_g,0.0,0.007277646475609023
consumption_alpha,0.65,portfolio_tax,15,homeownership_rate,0.46596858638743455,0.0
consumption_alpha,0.65,portfolio_tax,15,rental_vacancy_rate,0.24434389140271492,0.0
consumption_alpha,0.65,portfolio_tax,15,annual_appreciation_g,-0.007277646475609023,0.0
consumption_alpha,0.65,geographic,15,homeownership_rate,0.19746835443037974,-0.2685002319570548
consumption_alpha,0.65,geographic,15,rental_vacancy_rate,0.1553133514986376,-0.08903053990407733
consumption_alpha,0.65,geographic,15,annual_appreciation_g,0.0,0.007277646475609023
consumption_alpha,0.65,baseline,16,homeownership_rate,0.48370927318295737,0.0
consumption_alpha,0.65,baseline,16,rental_vacancy_rate,0.14285714285714285,0.0
consumption_alpha,0.65,baseline,16,annual_appreciation_g,0.005478118419361522,0.0
consumption_alpha,0.65,waiting_period,16,homeownership_rate,0.4975,0.013790726817042631
consumption_alpha,0.65,waiting_period,16,rental_vacancy_rate,0.16113744075829384,0.018280297901150988
consumption_alpha,0.65,waiting_period,16,annual_appreciation_g,0.04535276358407758,0.03987464516471606
consumption_alpha,0.65,ownership_cap_soft,16,homeownership_rate,0.48370927318295737,0.0
consumption_alpha,0.65,ownership_cap_soft,16,rental_vacancy_rate,0.14285714285714285,0.0
consumption_alpha,0.65,ownership_cap_soft,16,annual_appreciation_g,0.005478118419361522,0.0
consumption_alpha,0.65,ownership_cap_hard,16,homeownership_rate,0.48370927318295737,0.0
consumption_alpha,0.65,ownership_cap_hard,16,rental_vacancy_rate,0.14285714285714285,0.0
consumption_alpha,0.65,ownership_cap_hard,16,annual_appreciation_g,0.005478118419361522,0.0
consumption_alpha,0.65,purchase_tax,16,homeownership_rate,0.41119221411192214,-0.07251705907103523
consumption_alpha,0.65,purchase_tax,16,rental_vacancy_rate,0.06278026905829596,-0.08007687379884688
consumption_alpha,0.65,purchase_tax,16,annual_appreciation_g,-0.03,-0.03547811841936152
consumption_alpha,0.65,vacancy_tax,16,homeownership_rate,0.4375,-0.04620927318295737
consumption_alpha,0.65,vacancy_tax,16,rental_vacancy_rate,0.08653846153846154,-0.05631868131868131
consumption_alpha,0.65,vacancy_tax,16,annual_appreciation_g,-0.009749430752842292,-0.015227549172203814
consumption_alpha,0.65,portfolio_tax,16,homeownership_rate,0.48370927318295737,0.0
consumption_alpha,0.65,portfolio_tax,16,rental_vacancy_rate,0.14285714285714285,0.0
consumption_alpha,0.65,portfolio_tax,16,annual_appreciation_g,0.005478118419361522,0.0
consumption_alpha,0.65,geographic,16,homeownership_rate,0.27832512315270935,-0.205384150030248
consumption_alpha,0.65,geographic,16,rental_vacancy_rate,0.10795454545454546,-0.03490259740259739
consumption_alpha,0.65,geographic,16,annual_appreciation_g,-0.005083418470391177,-0.010561536889752698
consumption_alpha,0.65,baseline,17,homeownership_rate,0.5394088669950738,0.0
consumption_alpha,0.65,baseline,17,rental_vacancy_rate,0.2336448598130841,0.0
consumption_alpha,0.65,baseline,17,annual_appreciation_g,0.0836373316362542,0.0
consumption_alpha,0.65,waiting_period,17,homeownership_rate,0.4681933842239186,-0.07121548277115525
consumption_alpha,0.65,waiting_period,17,rental_vacancy_rate,0.2608695652173913,0.027224705404307187
consumption_alpha,0.65,waiting_period,17,annual_appreciation_g,0.0075290690893536905,-0.07610826254690051
consumption_alpha,0.65,ownership_cap_soft,17,homeownership_rate,0.37532133676092544,-0.1640875302341484
consumption_alpha,0.65,ownership_cap_soft,17,rental_vacancy_rate,0.0136986301369863,-0.2199462296760978
consumption_alpha,0.65,ownership_cap_soft,17,annual_appreciation_g,-0.023717671366355053,-0.10735500300260925
consumption_alpha,0.65,ownership_cap_hard,17,homeownership_rate,0.44529262086513993,-0.09411624612993391
consumption_alpha,0.65,ownership_cap_hard,17,rental_vacancy_rate,0.0660377358490566,-0.1676071239640275
consumption_alpha,0.65,ownership_cap_hard,17,annual_appreciation_g,-0.013748710004202636,-0.09738604164045683
consumption_alpha,0.65,purchase_tax,17,homeownership_rate,0.37566137566137564,-0.1637474913336982
consumption_alpha,0.65,purchase_tax,17,rental_vacancy_rate,0.1349206349206349,-0.0987242248924492
consumption_alpha,0.65,purchase_tax,17,annual_appreciation_g,-0.03,-0.1136373316362542
consumption_alpha,0.65,vacancy_tax,17,homeownership_rate,0.3629441624365482,-0.17646470455852564
consumption_alpha,0.65,vacancy_tax,17,rental_vacancy_rate,0.018018018018018018,-0.21562684179506608
consumption_alpha,0.65,vacancy_tax,17,annual_appreciation_g,-0.03,-0.1136373316362542
consumption_alpha,0.65,portfolio_tax,17,homeownership_rate,0.5394088669950738,0.0
consumption_alpha,0.65,portfolio_tax,17,rental_vacancy_rate,0.2336448598130841,0.0
consumption_alpha,0.65,portfolio_tax,17,annual_appreciation_g,0.0836373316362542,0.0
consumption_alpha,0.65,geographic,17,homeownership_rate,0.271505376344086,-0.26790349065098784
consumption_alpha,0.65,geographic,17,rental_vacancy_rate,0.10344827586206896,-0.13019658395101513
consumption_alpha,0.65,geographic,17,annual_appreciation_g,0.0029062774427612847,-0.08073105419349291
consumption_alpha,0.65,baseline,18,homeownership_rate,0.39473684210526316,0.0
consumption_alpha,0.65,baseline,18,rental_vacancy_rate,0.16956521739130434,0.0
consumption_alpha,0.65,baseline,18,annual_appreciation_g,-0.03,0.0
consumption_alpha,0.65,waiting_period,18,homeownership_rate,0.5498783454987834,0.15514150339352029
consumption_alpha,0.65,waiting_period,18,rental_vacancy_rate,0.37130801687763715,0.2017427994863328
consumption_alpha,0.65,waiting_period,18,annual_appreciation_g,0.00426536538396971,0.03426536538396971
consumption_alpha,0.65,ownership_cap_soft,18,homeownership_rate,0.42857142857142855,0.033834586466165384
consumption_alpha,0.65,ownership_cap_soft,18,rental_vacancy_rate,0.18666666666666668,0.017101449275362335
consumption_alpha,0.65,ownership_cap_soft,18,annual_appreciation_g,0.0,0.03
consumption_alpha,0.65,ownership_cap_hard,18,homeownership_rate,0.4575,0.06276315789473685
consumption_alpha,0.65,ownership_cap_hard,18,rental_vacancy_rate,0.24242424242424243,0.07285902503293809
consumption_alpha,0.65,ownership_cap_hard,18,annual_appreciation_g,-0.03,0.0
consumption_alpha,0.65,purchase_tax,18,homeownership_rate,0.44191919191919193,0.04718234981392877
consumption_alpha,0.65,purchase_tax,18,rental_vacancy_rate,0.17716535433070865,0.007600136939404312
consumption_alpha,0.65,purchase_tax,18,annual_appreciation_g,-0.03,0.0
consumption_alpha,0.65,vacancy_tax,18,homeownership_rate,0.39473684210526316,0.0
consumption_alpha,0.65,vacancy_tax,18,rental_vacancy_rate,0.16956521739130434,0.0
consumption_alpha,0.65,vacancy_tax,18,annual_appreciation_g,-0.03,0.0
consumption_alpha,0.65,portfolio_tax,18,homeownership_rate,0.39473684210526316,0.0
consumption_alpha,0.65,portfolio_tax,18,rental_vacancy_rate,0.16956521739130434,0.0
consumption_alpha,0.65,portfolio_tax,18,annual_appreciation_g,-0.03,0.0
consumption_alpha,0.65,geographic,18,homeownership_rate,0.2752941176470588,-0.11944272445820436
consumption_alpha,0.65,geographic,18,rental_vacancy_rate,0.14594594594594595,-0.023619271445358386
consumption_alpha,0.65,geographic,18,annual_appreciation_g,0.010988028321820664,0.04098802832182066
consumption_alpha,0.65,baseline,19,homeownership_rate,0.42744063324538256,0.0
consumption_alpha,0.65,baseline,19,rental_vacancy_rate,0.125,0.0
consumption_alpha,0.65,baseline,19,annual_appreciation_g,-0.022412781901094525,0.0
consumption_alpha,0.65,waiting_period,19,homeownership_rate,0.40294840294840295,-0.02449223029697961
consumption_alpha,0.65,waiting_period,19,rental_vacancy_rate,0.07207207207207207,-0.05292792792792793
consumption_alpha,0.65,waiting_period,19,annual_appreciation_g,-0.03,-0.007587218098905474
consumption_alpha,0.65,ownership_cap_soft,19,homeownership_rate,0.38181818181818183,-0.04562245142720073
consumption_alpha,0.65,ownership_cap_soft,19,rental_vacancy_rate,0.10330578512396695,-0.021694214876033055
consumption_alpha,0.65,ownership_cap_soft,19,annual_appreciation_g,-0.03,-0.007587218098905474
consumption_alpha,0.65,ownership_cap_hard,19,homeownership_rate,0.4947916666666667,0.06735103342128412
consumption_alpha,0.65,ownership_cap_hard,19,rental_vacancy_rate,0.28125,0.15625
consumption_alpha,0.65,ownership_cap_hard,19,annual_appreciation_g,0.0012436884363478118,0.023656470337442337
consumption_alpha,0.65,purchase_tax,19,homeownership_rate,0.4506329113924051,0.023192278147022516
consumption_alpha,0.65,purchase_tax,19,rental_vacancy_rate,0.1803921568627451,0.055392156862745096
consumption_alpha,0.65,purchase_tax,19,annual_appreciation_g,-0.008498327832468289,0.013914454068626236
consumption_alpha,0.65,vacancy_tax,19,homeownership_rate,0.43157894736842106,0.0041383141230385
consumption_alpha,0.65,vacancy_tax,19,rental_vacancy_rate,0.1645021645021645,0.03950216450216451
consumption_alpha,0.65,vacancy_tax,19,annual_appreciation_g,-0.019583738037714182,0.0028290438633803427
consumption_alpha,0.65,portfolio_tax,19,homeownership_rate,0.42744063324538256,0.0
consumption_alpha,0.65,portfolio_tax,19,rental_vacancy_rate,0.125,0.0
consumption_alpha,0.65,portfolio_tax,19,annual_appreciation_g,-0.022412781901094525,0.0
consumption_alpha,0.65,geographic,19,homeownership_rate,0.2571428571428571,-0.17029777610252544
consumption_alpha,0.65,geographic,19,rental_vacancy_rate,0.14634146341463414,0.021341463414634138
consumption_alpha,0.65,geographic,19,annual_appreciation_g,0.049318438510512985,0.07173122041160751
consumption_alpha,0.8,baseline,0,homeownership_rate,0.4435695538057743,0.0
consumption_alpha,0.8,baseline,0,rental_vacancy_rate,0.2222222222222222,0.0
consumption_alpha,0.8,baseline,0,annual_appreciation_g,0.05458653869054131,0.0
consumption_alpha,0.8,waiting_period,0,homeownership_rate,0.43073047858942065,-0.012839075216353635
consumption_alpha,0.8,waiting_period,0,rental_vacancy_rate,0.023148148148148147,-0.19907407407407407
consumption_alpha,0.8,waiting_period,0,annual_appreciation_g,-0.010307264426042906,-0.06489380311658421
consumption_alpha,0.8,ownership_cap_soft,0,homeownership_rate,0.49875311720698257,0.05518356340120828
consumption_alpha,0.8,ownership_cap_soft,0,rental_vacancy_rate,0.26582278481012656,0.043600562587904346
consumption_alpha,0.8,ownership_cap_soft,0,annual_appreciation_g,0.03727609117736641,-0.017310447513174898
consumption_alpha,0.8,ownership_cap_hard,0,homeownership_rate,0.3838383838383838,-0.059731169967390474
consumption_alpha,0.8,ownership_cap_hard,0,rental_vacancy_rate,0.11160714285714286,-0.11061507936507935
consumption_alpha,0.8,ownership_cap_hard,0,annual_appreciation_g,-0.03,-0.08458653869054131
consumption_alpha,0.8,purchase_tax,0,homeownership_rate,0.4175257731958763,-0.026043780609897982
consumption_alpha,0.8,purchase_tax,0,rental_vacancy_rate,0.13574660633484162,-0.08647561588738059
consumption_alpha,0.8,purchase_tax,0,annual_appreciation_g,-0.017033113716686366,-0.07161965240722767
consumption_alpha,0.8,vacancy_tax,0,homeownership_rate,0.444743935309973,0.0011743815041987404
consumption_alpha,0.8,vacancy_tax,0,rental_vacancy_rate,0.22065727699530516,-0.0015649452269170527
consumption_alpha,0.8,vacancy_tax,0,annual_appreciation_g,-0.03,-0.08458653869054131
consumption_alpha,0.8,portfolio_tax,0,homeownership_rate,0.4435695538057743,0.0
consumption_alpha,0.8,portfolio_tax,0,rental_vacancy_rate,0.2222222222222222,0.0
consumption_alpha,0.8,portfolio_tax,0,annual_appreciation_g,0.05458653869054131,0.0
consumption_alpha,0.8,geographic,0,homeownership_rate,0.20194647201946472,-0.24162308178630956
consumption_alpha,0.8,geographic,0,rental_vacancy_rate,0.11842105263157894,-0.10380116959064327
consumption_alpha,0.8,geographic,0,annual_appreciation_g,0.0,-0.05458653869054131
consumption_alpha,0.8,baseline,1,homeownership_rate,0.5508684863523573,0.0
consumption_alpha,0.8,baseline,1,rental_vacancy_rate,0.31336405529953915,0.0
consumption_alpha,0.8,baseline,1,annual_appreciation_g,0.0016804381654171863,0.0
consumption_alpha,0.8,waiting_period,1,homeownership_rate,0.39473684210526316,-0.15613164424709414
consumption_alpha,0.8,waiting_period,1,rental_vacancy_rate,0.208,-0.10536405529953916
consumption_alpha,0.8,waiting_period,1,annual_appreciation_g,-0.03,-0.031680438165417185
consumption_alpha,0.8,ownership_cap_soft,1,homeownership_rate,0.5508684863523573,0.0
consumption_alpha,0.8,ownership_cap_soft,1,rental_vacancy_rate,0.31336405529953915,0.0
consumption_alpha,0.8,ownership_cap_soft,1,annual_appreciation_g,0.0016804381654171863,0.0
consumption_alpha,0.8,ownership_cap_hard,1,homeownership_rate,0.5508684863523573,0.0
consumption_alpha,0.8,ownership_cap_hard,1,rental_vacancy_rate,0.31336405529953915,0.0
consumption_alpha,0.8,ownership_cap_hard,1,annual_appreciation_g,0.0016804381654171863,0.0
consumption_alpha,0.8,purchase_tax,1,homeownership_rate,0.48556430446194226,-0.06530418189041504
consumption_alpha,0.8,purchase_tax,1,rental_vacancy_rate,0.2967479674796748,-0.016616087819864345
consumption_alpha,0.8,purchase_tax,1,annual_appreciation_g,-0.007050421139930485,-0.008730859305347671
consumption_alpha,0.8,vacancy_tax,1,homeownership_rate,0.40759493670886077,-0.14327354964349653
consumption_alpha,0.8,vacancy_tax,1,rental_vacancy_rate,0.12017167381974249,-0.19319238147979667
consumption_alpha,0.8,vacancy_tax,1,annual_appreciation_g,-0.014727123658745733,-0.01640756182416292
consumption_alpha,0.8,portfolio_tax,1,homeownership_rate,0.5508684863523573,0.0
consumption_alpha,0.8,portfolio_tax,1,rental_vacancy_rate,0.31336405529953915,0.0
consumption_alpha,0.8,portfolio_tax,1,annual_appreciation_g,0.0016804381654171863,0.0
consumption_alpha,0.8,geographic,1,homeownership_rate,0.2801047120418848,-0.2707637743104725
consumption_alpha,0.8,geographic,1,rental_vacancy_rate,0.13019390581717452,-0.18317014948236462
consumption_alpha,0.8,geographic,1,annual_appreciation_g,-0.007148894798273853,-0.008829332963691039
consumption_alpha,0.8,baseline,2,homeownership_rate,0.4068627450980392,0.0
consumption_alpha,0.8,baseline,2,rental_vacancy_rate,0.1037344398340249,0.0
consumption_alpha,0.8,baseline,2,annual_appreciation_g,-0.01894131888566175,0.0
consumption_alpha,0.8,waiting_period,2,homeownership_rate,0.4883116883116883,0.0814489432136491
consumption_alpha,0.8,waiting_period,2,rental_vacancy_rate,0.2638888888888889,0.16015444905486398
consumption_alpha,0.8,waiting_period,2,annual_appreciation_g,-0.022742891383742858,-0.003801572498081107
consumption_alpha,0.8,ownership_cap_soft,2,homeownership_rate,0.3631713554987212,-0.04369138959931801
consumption_alpha,0.8,ownership_cap_soft,2,rental_vacancy_rate,0.23426573426573427,0.13053129443170935
consumption_alpha,0.8,ownership_cap_soft,2,annual_appreciation_g,-0.022343889737080236,-0.003402570851418485
consumption_alpha,0.8,ownership_cap_hard,2,homeownership_rate,0.4282051282051282,0.02134238310708897
consumption_alpha,0.8,ownership_cap_hard,2,rental_vacancy_rate,0.2076923076923077,0.1039578678582828
consumption_alpha,0.8,ownership_cap_hard,2,annual_appreciation_g,-0.010316506810212789,0.008624812075448962
consumption_alpha,0.8,purchase_tax,2,homeownership_rate,0.4065934065934066,-0.0002693385046326213
consumption_alpha,0.8,purchase_tax,2,rental_vacancy_rate,0.19767441860465115,0.09393997877062625
consumption_alpha,0.8,purchase_tax,2,annual_appreciation_g,-0.03,-0.011058681114338248
consumption_alpha,0.8,vacancy_tax,2,homeownership_rate,0.4154228855721393,0.008560140474100086
consumption_alpha,0.8,vacancy_tax,2,rental_vacancy_rate,0.11392405063291139,0.010189610798886486
consumption_alpha,0.8,vacancy_tax,2,annual_appreciation_g,-0.026572969776422428,-0.007631650890760677
consumption_alpha,0.8,portfolio_tax,2,homeownership_rate,0.4068627450980392,0.0
consumption_alpha,0.8,portfolio_tax,2,rental_vacancy_rate,0.1037344398340249,0.0
consumption_alpha,0.8,portfolio_tax,2,annual_appreciation_g,-0.01894131888566175,0.0
consumption_alpha,0.8,geographic,2,homeownership_rate,0.24064171122994651,-0.1662210338680927
consumption_alpha,0.8,geographic,2,rental_vacancy_rate,0.13134328358208955,0.027608843748064646
consumption_alpha,0.8,geographic,2,annual_appreciation_g,0.02867807359821839,0.04761939248388014
consumption_alpha,0.8,baseline,3,homeownership_rate,0.3725,0.0
consumption_alpha,0.8,baseline,3,rental_vacancy_rate,0.11353711790393013,0.0
consumption_alpha,0.8,baseline,3,annual_appreciation_g,-0.02283659889670775,0.0
consumption_alpha,0.8,waiting_period,3,homeownership_rate,0.4489795918367347,0.0764795918367347
consumption_alpha,0.8,waiting_period,3,rental_vacancy_rate,0.23628691983122363,0.1227498019272935
consumption_alpha,0.8,waiting_period,3,annual_appreciation_g,-0.03,-0.0071634011032922495
consumption_alpha,0.8,ownership_cap_soft,3,homeownership_rate,0.3641025641025641,-0.008397435897435912
consumption_alpha,0.8,ownership_cap_soft,3,rental_vacancy_rate,0.046218487394957986,-0.06731863050897215
consumption_alpha,0.8,ownership_cap_soft,3,annual_appreciation_g,-0.029190338303498042,-0.006353739406790293
consumption_alpha,0.8,ownership_cap_hard,3,homeownership_rate,0.3953488372093023,0.02284883720930231
consumption_alpha,0.8,ownership_cap_hard,3,rental_vacancy_rate,0.11160714285714286,-0.001929975046787269
consumption_alpha,0.8,ownership_cap_hard,3,annual_appreciation_g,-0.005590562445067393,0.017246036451640356
consumption_alpha,0.8,purchase_tax,3,homeownership_rate,0.3968668407310705,0.024366840731070483
consumption_alpha,0.8,purchase_tax,3,rental_vacancy_rate,0.1839080459770115,0.07037092807308136
consumption_alpha,0.8,purchase_tax,3,annual_appreciation_g,-0.03,-0.0071634011032922495
consumption_alpha,0.8,vacancy_tax,3,homeownership_rate,0.38636363636363635,0.013863636363636356
consumption_alpha,0.8,vacancy_tax,3,rental_vacancy_rate,0.13716814159292035,0.023631023688990213
consumption_alpha,0.8,vacancy_tax,3,annual_appreciation_g,-0.03,-0.0071634011032922495
consumption_alpha,0.8,portfolio_tax,3,homeownership_rate,0.3725,0.0
consumption_alpha,0.8,portfolio_tax,3,rental_vacancy_rate,0.11353711790393013,0.0
consumption_alpha,0.8,portfolio_tax,3,annual_appreciation_g,-0.02283659889670775,0.0
consumption_alpha,0.8,geographic,3,homeownership_rate,0.2682291666666667,-0.10427083333333331
consumption_alpha,0.8,geographic,3,rental_vacancy_rate,0.1394658753709199,0.025928757466989763
consumption_alpha,0.8,geographic,3,annual_appreciation_g,0.10696754332436109,0.12980414222106884
consumption_alpha,0.8,baseline,4,homeownership_rate,0.3553921568627451,0.0
consumption_alpha,0.8,baseline,4,rental_vacancy_rate,0.017094017094017096,0.0
consumption_alpha,0.8,baseline,4,annual_appreciation_g,-0.009259814976393832,0.0
consumption_alpha,0.8,waiting_period,4,homeownership_rate,0.43349753694581283,0.07810538008306772
consumption_alpha,0.8,waiting_period,4,rental_vacancy_rate,0.07423580786026202,0.05714179076624492
consumption_alpha,0.8,waiting_period,4,annual_appreciation_g,-0.03,-0.020740185023606167
consumption_alpha,0.8,ownership_cap_soft,4,homeownership_rate,0.44717444717444715,0.09178229031170204
consumption_alpha,0.8,ownership_cap_soft,4,rental_vacancy_rate,0.20491803278688525,0.18782401569286816
consumption_alpha,0.8,ownership_cap_soft,4,annual_appreciation_g,0.010797256792090426,0.020057071768484258
consumption_alpha,0.8,ownership_cap_hard,4,homeownership_rate,0.4274611398963731,0.07206898303362796
consumption_alpha,0.8,ownership_cap_hard,4,rental_vacancy_rate,0.136986301369863,0.11989228427584592
consumption_alpha,0.8,ownership_cap_hard,4,annual_appreciation_g,-0.03,-0.020740185023606167
consumption_alpha,0.8,purchase_tax,4,homeownership_rate,0.36553524804177545,0.010143091179030339
consumption_alpha,0.8,purchase_tax,4,rental_vacancy_rate,0.11969111969111969,0.10259710259710259
consumption_alpha,0.8,purchase_tax,4,annual_appreciation_g,-0.013552862479908168,-0.004293047503514336
consumption_alpha,0.8,vacancy_tax,4,homeownership_rate,0.3886138613861386,0.033221704523393514
consumption_alpha,0.8,vacancy_tax,4,rental_vacancy_rate,0.0635593220338983,0.046465304939881207
consumption_alpha,0.8,vacancy_tax,4,annual_appreciation_g,-0.01449868548158828,-0.005238870505194448
consumption_alpha,0.8,portfolio_tax,4,homeownership_rate,0.3553921568627451,0.0
consumption_alpha,0.8,portfolio_tax,4,rental_vacancy_rate,0.017094017094017096,0.0
consumption_alpha,0.8,portfolio_tax,4,annual_appreciation_g,-0.009259814976393832,0.0
consumption_alpha,0.8,geographic,4,homeownership_rate,0.27427184466019416,-0.08112031220255095
consumption_alpha,0.8,geographic,4,rental_vacancy_rate,0.06647398843930635,0.04937997134528926
consumption_alpha,0.8,geographic,4,annual_appreciation_g,-0.03,-0.020740185023606167
consumption_alpha,0.8,baseline,5,homeownership_rate,0.516042780748663,0.0
consumption_alpha,0.8,baseline,5,rental_vacancy_rate,0.32673267326732675,0.0
consumption_alpha,0.8,baseline,5,annual_appreciation_g,-0.01582351279332539,0.0
consumption_alpha,0.8,waiting_period,5,homeownership_rate,0.37373737373737376,-0.1423054070112893
consumption_alpha,0.8,waiting_period,5,rental_vacancy_rate,0.14150943396226415,-0.1852232393050626
consumption_alpha,0.8,waiting_period,5,annual_appreciation_g,-0.03,-0.01417648720667461
consumption_alpha,0.8,ownership_cap_soft,5,homeownership_rate,0.5149051490514905,-0.0011376316971725142
consumption_alpha,0.8,ownership_cap_soft,5,rental_vacancy_rate,0.3054187192118227,-0.02131395405550407
consumption_alpha,0.8,ownership_cap_soft,5,annual_appreciation_g,0.0010746912362580296,0.01689820402958342
consumption_alpha,0.8,ownership_cap_hard,5,homeownership_rate,0.516042780748663,0.0
consumption_alpha,0.8,ownership_cap_hard,5,rental_vacancy_rate,0.32673267326732675,0.0
consumption_alpha,0.8,ownership_cap_hard,5,annual_appreciation_g,-0.01582351279332539,0.0
consumption_alpha,0.8,purchase_tax,5,homeownership_rate,0.4027027027027027,-0.11334007804596036
consumption_alpha,0.8,purchase_tax,5,rental_vacancy_rate,0.2345679012345679,-0.09216477203275886
consumption_alpha,0.8,purchase_tax,5,annual_appreciation_g,-0.006654212576069463,0.009169300217255927
consumption_alpha,0.8,vacancy_tax,5,homeownership_rate,0.44923857868020306,-0.06680420206846
consumption_alpha,0.8,vacancy_tax,5,rental_vacancy_rate,0.2627118644067797,-0.06402080886054706
consumption_alpha,0.8,vacancy_tax,5,annual_appreciation_g,-0.03,-0.01417648720667461
consumption_alpha,0.8,portfolio_tax,5,homeownership_rate,0.516042780748663,0.0
consumption_alpha,0.8,portfolio_tax,5,rental_vacancy_rate,0.32673267326732675,0.0
consumption_alpha,0.8,portfolio_tax,5,annual_appreciation_g,-0.01582351279332539,0.0
consumption_alpha,0.8,geographic,5,homeownership_rate,0.26854219948849106,-0.247500581260172
consumption_alpha,0.8,geographic,5,rental_vacancy_rate,0.12232415902140673,-0.20440851424592002
consumption_alpha,0.8,geographic,5,annual_appreciation_g,-0.009511573058664458,0.006311939734660932
consumption_alpha,0.8,baseline,6,homeownership_rate,0.39947780678851175,0.0
consumption_alpha,0.8,baseline,6,rental_vacancy_rate,0.14049586776859505,0.0
consumption_alpha,0.8,baseline,6,annual_appreciation_g,-0.03,0.0
consumption_alpha,0.8,waiting_period,6,homeownership_rate,0.40476190476190477,0.0052840979733930205
consumption_alpha,0.8,waiting_period,6,rental_vacancy_rate,0.004784688995215311,-0.13571117877337974
consumption_alpha,0.8,waiting_period,6,annual_appreciation_g,-0.022163978375274174,0.007836021624725825
consumption_alpha,0.8,ownership_cap_soft,6,homeownership_rate,0.4315245478036176,0.03204674101510585
consumption_alpha,0.8,ownership_cap_soft,6,rental_vacancy_rate,0.2713178294573643,0.13082196168876928
consumption_alpha,0.8,ownership_cap_soft,6,annual_appreciation_g,-6.951907413021985e-05,0.02993048092586978
consumption_alpha,0.8,ownership_cap_hard,6,homeownership_rate,0.412532637075718,0.013054830287206276
consumption_alpha,0.8,ownership_cap_hard,6,rental_vacancy_rate,0.2397003745318352,0.09920450676324016
consumption_alpha,0.8,ownership_cap_hard,6,annual_appreciation_g,0.017274375052240165,0.047274375052240164
consumption_alpha,0.8,purchase_tax,6,homeownership_rate,0.3974025974025974,-0.002075209385914323
consumption_alpha,0.8,purchase_tax,6,rental_vacancy_rate,0.14342629482071714,0.0029304270521220976
consumption_alpha,0.8,purchase_tax,6,annual_appreciation_g,0.03864142923932601,0.06864142923932601
consumption_alpha,0.8,vacancy_tax,6,homeownership_rate,0.41935483870967744,0.01987703192116569
consumption_alpha,0.8,vacancy_tax,6,rental_vacancy_rate,0.24899598393574296,0.10850011616714791
consumption_alpha,0.8,vacancy_tax,6,annual_appreciation_g,-0.03,0.0
consumption_alpha,0.8,portfolio_tax,6,homeownership_rate,0.39947780678851175,0.0
consumption_alpha,0.8,portfolio_tax,6,rental_vacancy_rate,0.14049586776859505,0.0
consumption_alpha,0.8,portfolio_tax,6,annual_appreciation_g,-0.03,0.0
consumption_alpha,0.8,geographic,6,homeownership_rate,0.23237597911227154,-0.1671018276762402
consumption_alpha,0.8,geographic,6,rental_vacancy_rate,0.1359773371104816,-0.0045185306581134455
consumption_alpha,0.8,geographic,6,annual_appreciation_g,0.03308067312162555,0.06308067312162555
consumption_alpha,0.8,baseline,7,homeownership_rate,0.4734042553191489,0.0
consumption_alpha,0.8,baseline,7,rental_vacancy_rate,0.19811320754716982,0.0
consumption_alpha,0.8,baseline,7,annual_appreciation_g,0.003415727269819202,0.0
consumption_alpha,0.8,waiting_period,7,homeownership_rate,0.4625,-0.010904255319148903
consumption_alpha,0.8,waiting_period,7,rental_vacancy_rate,0.12962962962962962,-0.0684835779175402
consumption_alpha,0.8,waiting_period,7,annual_appreciation_g,-0.03,-0.0334157272698192
consumption_alpha,0.8,ownership_cap_soft,7,homeownership_rate,0.4734042553191489,0.0
consumption_alpha,0.8,ownership_cap_soft,7,rental_vacancy_rate,0.19811320754716982,0.0
consumption_alpha,0.8,ownership_cap_soft,7,annual_appreciation_g,0.003415727269819202,0.0
consumption_alpha,0.8,ownership_cap_hard,7,homeownership_rate,0.4734042553191489,0.0
consumption_alpha,0.8,ownership_cap_hard,7,rental_vacancy_rate,0.19811320754716982,0.0
consumption_alpha,0.8,ownership_cap_hard,7,annual_appreciation_g,0.003415727269819202,0.0
consumption_alpha,0.8,purchase_tax,7,homeownership_rate,0.4058679706601467,-0.06753628465900224
consumption_alpha,0.8,purchase_tax,7,rental_vacancy_rate,0.04700854700854701,-0.15110466053862281
consumption_alpha,0.8,purchase_tax,7,annual_appreciation_g,-0.015399308491360952,-0.018815035761180154
consumption_alpha,0.8,vacancy_tax,7,homeownership_rate,0.40102827763496146,-0.07237597768418746
consumption_alpha,0.8,vacancy_tax,7,rental_vacancy_rate,0.047619047619047616,-0.1504941599281222
consumption_alpha,0.8,vacancy_tax,7,annual_appreciation_g,-0.03,-0.0334157272698192
consumption_alpha,0.8,portfolio_tax,7,homeownership_rate,0.4734042553191489,0.0
consumption_alpha,0.8,portfolio_tax,7,rental_vacancy_rate,0.19811320754716982,0.0
consumption_alpha,0.8,portfolio_tax,7,annual_appreciation_g,0.003415727269819202,0.0
consumption_alpha,0.8,geographic,7,homeownership_rate,0.22413793103448276,-0.24926632428466616
consumption_alpha,0.8,geographic,7,rental_vacancy_rate,0.10610079575596817,-0.09201241179120165
consumption_alpha,0.8,geographic,7,annual_appreciation_g,0.004745180791423609,0.0013294535216044068
consumption_alpha,0.8,baseline,8,homeownership_rate,0.4083769633507853,0.0
consumption_alpha,0.8,baseline,8,rental_vacancy_rate,0.08636363636363636,0.0
consumption_alpha,0.8,baseline,8,annual_appreciation_g,-0.020983168238043914,0.0
consumption_alpha,0.8,waiting_period,8,homeownership_rate,0.41237113402061853,0.003994170669833208
consumption_alpha,0.8,waiting_period,8,rental_vacancy_rate,0.09282700421940929,0.006463367855772922
consumption_alpha,0.8,waiting_period,8,annual_appreciation_g,-0.007468897998437862,0.013514270239606052
consumption_alpha,0.8,ownership_cap_soft,8,homeownership_rate,0.42780748663101603,0.019430523280230705
consumption_alpha,0.8,ownership_cap_soft,8,rental_vacancy_rate,0.14622641509433962,0.05986277873070325
consumption_alpha,0.8,ownership_cap_soft,8,annual_appreciation_g,-0.020512679717596738,0.0004704885204471765
consumption_alpha,0.8,ownership_cap_hard,8,homeownership_rate,0.3253588516746411,-0.0830181116761442
consumption_alpha,0.8,ownership_cap_hard,8,rental_vacancy_rate,0.0,-0.08636363636363636
consumption_alpha,0.8,ownership_cap_hard,8,annual_appreciation_g,-0.03,-0.009016831761956084
consumption_alpha,0.8,purchase_tax,8,homeownership_rate,0.3817733990147783,-0.026603564336007024
consumption_alpha,0.8,purchase_tax,8,rental_vacancy_rate,0.03187250996015936,-0.054491126403477
consumption_alpha,0.8,purchase_tax,8,annual_appreciation_g,-0.03,-0.009016831761956084
consumption_alpha,0.8,vacancy_tax,8,homeownership_rate,0.3522167487684729,-0.05616021458231241
consumption_alpha,0.8,vacancy_tax,8,rental_vacancy_rate,0.004329004329004329,-0.08203463203463203
consumption_alpha,0.8,vacancy_tax,8,annual_appreciation_g,-0.03,-0.009016831761956084
consumption_alpha,0.8,portfolio_tax,8,homeownership_rate,0.4083769633507853,0.0
consumption_alpha,0.8,portfolio_tax,8,rental_vacancy_rate,0.08636363636363636,0.0
consumption_alpha,0.8,portfolio_tax,8,annual_appreciation_g,-0.020983168238043914,0.0
consumption_alpha,0.8,geographic,8,homeownership_rate,0.24438902743142144,-0.1639879359193639
consumption_alpha,0.8,geographic,8,rental_vacancy_rate,0.060941828254847646,-0.025421808108788718
consumption_alpha,0.8,geographic,8,annual_appreciation_g,-0.010218918589221082,0.010764249648822832
consumption_alpha,0.8,baseline,9,homeownership_rate,0.45320197044334976,0.0
consumption_alpha,0.8,baseline,9,rental_vacancy_rate,0.16666666666666666,0.0
consumption_alpha,0.8,baseline,9,annual_appreciation_g,-0.02091896791253034,0.0
consumption_alpha,0.8,waiting_period,9,homeownership_rate,0.40145985401459855,-0.051742116428751206
consumption_alpha,0.8,waiting_period,9,rental_vacancy_rate,0.14166666666666666,-0.024999999999999994
consumption_alpha,0.8,waiting_period,9,annual_appreciation_g,-0.03,-0.00908103208746966
consumption_alpha,0.8,ownership_cap_soft,9,homeownership_rate,0.43005181347150256,-0.02315015697184719
consumption_alpha,0.8,ownership_cap_soft,9,rental_vacancy_rate,0.16101694915254236,-0.005649717514124297
consumption_alpha,0.8,ownership_cap_soft,9,annual_appreciation_g,-0.03,-0.00908103208746966
consumption_alpha,0.8,ownership_cap_hard,9,homeownership_rate,0.4543010752688172,0.001099104825467434
consumption_alpha,0.8,ownership_cap_hard,9,rental_vacancy_rate,0.23728813559322035,0.07062146892655369
consumption_alpha,0.8,ownership_cap_hard,9,annual_appreciation_g,-0.012615296921164365,0.008303670991365975
consumption_alpha,0.8,purchase_tax,9,homeownership_rate,0.4261904761904762,-0.02701149425287358
consumption_alpha,0.8,purchase_tax,9,rental_vacancy_rate,0.11570247933884298,-0.05096418732782368
consumption_alpha,0.8,purchase_tax,9,annual_appreciation_g,-0.03,-0.00908103208746966
consumption_alpha,0.8,vacancy_tax,9,homeownership_rate,0.4402035623409669,-0.012998408102382841
consumption_alpha,0.8,vacancy_tax,9,rental_vacancy_rate,0.15481171548117154,-0.011854951185495122
consumption_alpha,0.8,vacancy_tax,9,annual_appreciation_g,-0.01720639922043954,0.0037125686920908008
consumption_alpha,0.8,portfolio_tax,9,homeownership_rate,0.45320197044334976,0.0
consumption_alpha,0.8,portfolio_tax,9,rental_vacancy_rate,0.16666666666666666,0.0
consumption_alpha,0.8,portfolio_tax,9,annual_appreciation_g,-0.02091896791253034,0.0
consumption_alpha,0.8,geographic,9,homeownership_rate,0.2567237163814181,-0.19647825406193165
consumption_alpha,0.8,geographic,9,rental_vacancy_rate,0.11714285714285715,-0.04952380952380951
consumption_alpha,0.8,geographic,9,annual_appreciation_g,0.0,0.02091896791253034
consumption_alpha,0.8,baseline,10,homeownership_rate,0.4631043256997455,0.0
consumption_alpha,0.8,baseline,10,rental_vacancy_rate,0.21495327102803738,0.0
consumption_alpha,0.8,baseline,10,annual_appreciation_g,-0.02625940776086666,0.0
consumption_alpha,0.8,waiting_period,10,homeownership_rate,0.43640897755610975,-0.026695348143635778
consumption_alpha,0.8,waiting_period,10,rental_vacancy_rate,0.11504424778761062,-0.09990902324042676
consumption_alpha,0.8,waiting_period,10,annual_appreciation_g,-0.03,-0.003740592239133339
consumption_alpha,0.8,ownership_cap_soft,10,homeownership_rate,0.34624697336561744,-0.11685735233412808
consumption_alpha,0.8,ownership_cap_soft,10,rental_vacancy_rate,0.0,-0.21495327102803738
consumption_alpha,0.8,ownership_cap_soft,10,annual_appreciation_g,-0.006973511383583597,0.019285896377283063
consumption_alpha,0.8,ownership_cap_hard,10,homeownership_rate,0.421875,-0.04122932569974552
consumption_alpha,0.8,ownership_cap_hard,10,rental_vacancy_rate,0.15418502202643172,-0.060768249001605656
consumption_alpha,0.8,ownership_cap_hard,10,annual_appreciation_g,-0.03,-0.003740592239133339
consumption_alpha,0.8,purchase_tax,10,homeownership_rate,0.4665012406947891,0.003396914995043576
consumption_alpha,0.8,purchase_tax,10,rental_vacancy_rate,0.21982758620689655,0.004874315178859168
consumption_alpha,0.8,purchase_tax,10,annual_appreciation_g,-0.03,-0.003740592239133339
consumption_alpha,0.8,vacancy_tax,10,homeownership_rate,0.4631043256997455,0.0
consumption_alpha,0.8,vacancy_tax,10,rental_vacancy_rate,0.21495327102803738,0.0
consumption_alpha,0.8,vacancy_tax,10,annual_appreciation_g,-0.02625940776086666,0.0
consumption_alpha,0.8,portfolio_tax,10,homeownership_rate,0.4631043256997455,0.0
consumption_alpha,0.8,portfolio_tax,10,rental_vacancy_rate,0.21495327102803738,0.0
consumption_alpha,0.8,portfolio_tax,10,annual_appreciation_g,-0.02625940776086666,0.0
consumption_alpha,0.8,geographic,10,homeownership_rate,0.2144702842377261,-0.24863404146201942
consumption_alpha,0.8,geographic,10,rental_vacancy_rate,0.1298342541436464,-0.08511901688439097
consumption_alpha,0.8,geographic,10,annual_appreciation_g,-0.03,-0.003740592239133339
consumption_alpha,0.8,baseline,11,homeownership_rate,0.47858942065491183,0.0
consumption_alpha,0.8,baseline,11,rental_vacancy_rate,0.28063241106719367,0.0
consumption_alpha,0.8,baseline,11,annual_appreciation_g,0.026187018233536197,0.0
consumption_alpha,0.8,waiting_period,11,homeownership_rate,0.38235294117647056,-0.09623647947844127
consumption_alpha,0.8,waiting_period,11,rental_vacancy_rate,0.0,-0.28063241106719367
consumption_alpha,0.8,waiting_period,11,annual_appreciation_g,-0.023231665474811147,-0.049418683708347344
consumption_alpha,0.8,ownership_cap_soft,11,homeownership_rate,0.3643031784841076,-0.11428624217080424
consumption_alpha,0.8,ownership_cap_soft,11,rental_vacancy_rate,0.029166666666666667,-0.251465744400527
consumption_alpha,0.8,ownership_cap_soft,11,annual_appreciation_g,-0.024469536028361438,-0.050656554261897635
consumption_alpha,0.8,ownership_cap_hard,11,homeownership_rate,0.47527472527472525,-0.003314695380186583
consumption_alpha,0.8,ownership_cap_hard,11,rental_vacancy_rate,0.24786324786324787,-0.032769163203945795
consumption_alpha,0.8,ownership_cap_hard,11,annual_appreciation_g,0.0,-0.026187018233536197
consumption_alpha,0.8,purchase_tax,11,homeownership_rate,0.4105793450881612,-0.06801007556675065
consumption_alpha,0.8,purchase_tax,11,rental_vacancy_rate,0.06910569105691057,-0.2115267200102831
consumption_alpha,0.8,purchase_tax,11,annual_appreciation_g,-0.03,-0.056187018233536196
consumption_alpha,0.8,vacancy_tax,11,homeownership_rate,0.392,-0.08658942065491182
consumption_alpha,0.8,vacancy_tax,11,rental_vacancy_rate,0.10699588477366255,-0.1736365262935311
consumption_alpha,0.8,vacancy_tax,11,annual_appreciation_g,-0.00939777007710596,-0.03558478831064216
consumption_alpha,0.8,portfolio_tax,11,homeownership_rate,0.47858942065491183,0.0
consumption_alpha,0.8,portfolio_tax,11,rental_vacancy_rate,0.28063241106719367,0.0
consumption_alpha,0.8,portfolio_tax,11,annual_appreciation_g,0.026187018233536197,0.0
consumption_alpha,0.8,geographic,11,homeownership_rate,0.28433734939759037,-0.19425207125732147
consumption_alpha,0.8,geographic,11,rental_vacancy_rate,0.15451895043731778,-0.12611346062987588
consumption_alpha,0.8,geographic,11,annual_appreciation_g,-0.014393170127810273,-0.04058018836134647
consumption_alpha,0.8,baseline,12,homeownership_rate,0.4520884520884521,0.0
consumption_alpha,0.8,baseline,12,rental_vacancy_rate,0.13257575757575757,0.0
consumption_alpha,0.8,baseline,12,annual_appreciation_g,-0.007275628917571608,0.0
consumption_alpha,0.8,waiting_period,12,homeownership_rate,0.44675324675324674,-0.005335205335205373
consumption_alpha,0.8,waiting_period,12,rental_vacancy_rate,0.09009009009009009,-0.04248566748566748
consumption_alpha,0.8,waiting_period,12,annual_appreciation_g,-0.03,-0.02272437108242839
consumption_alpha,0.8,ownership_cap_soft,12,homeownership_rate,0.47103274559193953,0.01894429350348742
consumption_alpha,0.8,ownership_cap_soft,12,rental_vacancy_rate,0.10126582278481013,-0.031309934790947444
consumption_alpha,0.8,ownership_cap_soft,12,annual_appreciation_g,-0.03,-0.02272437108242839
consumption_alpha,0.8,ownership_cap_hard,12,homeownership_rate,0.43908629441624364,-0.01300215767220847
consumption_alpha,0.8,ownership_cap_hard,12,rental_vacancy_rate,0.13389121338912133,0.0013154558133637584
consumption_alpha,0.8,ownership_cap_hard,12,annual_appreciation_g,-0.0279076624671738,-0.02063203354960219
consumption_alpha,0.8,purchase_tax,12,homeownership_rate,0.39622641509433965,-0.05586203699411246
consumption_alpha,0.8,purchase_tax,12,rental_vacancy_rate,0.0743801652892562,-0.05819559228650137
consumption_alpha,0.8,purchase_tax,12,annual_appreciation_g,-0.03,-0.02272437108242839
consumption_alpha,0.8,vacancy_tax,12,homeownership_rate,0.47869674185463656,0.026608289766184456
consumption_alpha,0.8,vacancy_tax,12,rental_vacancy_rate,0.1277533039647577,-0.004822453610999866
consumption_alpha,0.8,vacancy_tax,12,annual_appreciation_g,-0.03,-0.02272437108242839
consumption_alpha,0.8,portfolio_tax,12,homeownership_rate,0.4520884520884521,0.0
consumption_alpha,0.8,portfolio_tax,12,rental_vacancy_rate,0.13257575757575757,0.0
consumption_alpha,0.8,portfolio_tax,12,annual_appreciation_g,-0.007275628917571608,0.0
consumption_alpha,0.8,geographic,12,homeownership_rate,0.2749326145552561,-0.17715583753319603
consumption_alpha,0.8,geographic,12,rental_vacancy_rate,0.09717868338557993,-0.03539707419017764
consumption_alpha,0.8,geographic,12,annual_appreciation_g,0.0,0.007275628917571608
consumption_alpha,0.8,baseline,13,homeownership_rate,0.44919786096256686,0.0
consumption_alpha,0.8,baseline,13,rental_vacancy_rate,0.08878504672897196,0.0
consumption_alpha,0.8,baseline,13,annual_appreciation_g,-0.0028730790989124344,0.0
consumption_alpha,0.8,waiting_period,13,homeownership_rate,0.3798449612403101,-0.06935289972225678
consumption_alpha,0.8,waiting_period,13,rental_vacancy_rate,0.0,-0.08878504672897196
consumption_alpha,0.8,waiting_period,13,annual_appreciation_g,-0.029335311822067722,-0.026462232723155288
consumption_alpha,0.8,ownership_cap_soft,13,homeownership_rate,0.37084398976982097,-0.0783538711927459
consumption_alpha,0.8,ownership_cap_soft,13,rental_vacancy_rate,0.008968609865470852,-0.07981643686350111
consumption_alpha,0.8,ownership_cap_soft,13,annual_appreciation_g,-0.02811800804706832,-0.025244928948155887
consumption_alpha,0.8,ownership_cap_hard,13,homeownership_rate,0.3962765957446808,-0.05292126521788604
consumption_alpha,0.8,ownership_cap_hard,13,rental_vacancy_rate,0.1732283464566929,0.08444329972772095
consumption_alpha,0.8,ownership_cap_hard,13,annual_appreciation_g,0.010432877065080559,0.013305956163992994
consumption_alpha,0.8,purchase_tax,13,homeownership_rate,0.4619289340101523,0.012731073047585417
consumption_alpha,0.8,purchase_tax,13,rental_vacancy_rate,0.09523809523809523,0.006453048509123274
consumption_alpha,0.8,purchase_tax,13,annual_appreciation_g,0.004200309988988682,0.007073389087901116
consumption_alpha,0.8,vacancy_tax,13,homeownership_rate,0.46153846153846156,0.0123406005758947
consumption_alpha,0.8,vacancy_tax,13,rental_vacancy_rate,0.19911504424778761,0.11032999751881566
consumption_alpha,0.8,vacancy_tax,13,annual_appreciation_g,0.012827965982461054,0.015701045081373488
consumption_alpha,0.8,portfolio_tax,13,homeownership_rate,0.44919786096256686,0.0
consumption_alpha,0.8,portfolio_tax,13,rental_vacancy_rate,0.08878504672897196,0.0
consumption_alpha,0.8,portfolio_tax,13,annual_appreciation_g,-0.0028730790989124344,0.0
consumption_alpha,0.8,geographic,13,homeownership_rate,0.2204724409448819,-0.22872542001768498
consumption_alpha,0.8,geographic,13,rental_vacancy_rate,0.08357348703170028,-0.0052115596972716755
consumption_alpha,0.8,geographic,13,annual_appreciation_g,-0.010002611655628324,-0.00712953255671589
consumption_alpha,0.8,baseline,14,homeownership_rate,0.3842364532019704,0.0
consumption_alpha,0.8,baseline,14,rental_vacancy_rate,0.0,0.0
consumption_alpha,0.8,baseline,14,annual_appreciation_g,-0.00389815986648101,0.0
consumption_alpha,0.8,waiting_period,14,homeownership_rate,0.4253731343283582,0.0411366811263878
consumption_alpha,0.8,waiting_period,14,rental_vacancy_rate,0.07488986784140969,0.07488986784140969
consumption_alpha,0.8,waiting_period,14,annual_appreciation_g,-0.03,-0.02610184013351899
consumption_alpha,0.8,ownership_cap_soft,14,homeownership_rate,0.38313253012048193,-0.0011039230814884893
consumption_alpha,0.8,ownership_cap_soft,14,rental_vacancy_rate,0.0,0.0
consumption_alpha,0.8,ownership_cap_soft,14,annual_appreciation_g,-0.03,-0.02610184013351899
consumption_alpha,0.8,ownership_cap_hard,14,homeownership_rate,0.38303341902313626,-0.0012030341788341614
consumption_alpha,0.8,ownership_cap_hard,14,rental_vacancy_rate,0.041474654377880185,0.041474654377880185
consumption_alpha,0.8,ownership_cap_hard,14,annual_appreciation_g,-0.03,-0.02610184013351899
consumption_alpha,0.8,purchase_tax,14,homeownership_rate,0.3903061224489796,0.006069669247009191
consumption_alpha,0.8,purchase_tax,14,rental_vacancy_rate,0.0611353711790393,0.0611353711790393
consumption_alpha,0.8,purchase_tax,14,annual_appreciation_g,-0.03,-0.02610184013351899
consumption_alpha,0.8,vacancy_tax,14,homeownership_rate,0.37755102040816324,-0.006685432793807178
consumption_alpha,0.8,vacancy_tax,14,rental_vacancy_rate,0.013636363636363636,0.013636363636363636
consumption_alpha,0.8,vacancy_tax,14,annual_appreciation_g,-0.03,-0.02610184013351899
consumption_alpha,0.8,portfolio_tax,14,homeownership_rate,0.3842364532019704,0.0
consumption_alpha,0.8,portfolio_tax,14,rental_vacancy_rate,0.0,0.0
consumption_alpha,0.8,portfolio_tax,14,annual_appreciation_g,-0.00389815986648101,0.0
consumption_alpha,0.8,geographic,14,homeownership_rate,0.23658536585365852,-0.1476510873483119
consumption_alpha,0.8,geographic,14,rental_vacancy_rate,0.07262569832402235,0.07262569832402235
consumption_alpha,0.8,geographic,14,annual_appreciation_g,-0.007621088107814256,-0.0037229282413332454
consumption_alpha,0.8,baseline,15,homeownership_rate,0.47665847665847666,0.0
consumption_alpha,0.8,baseline,15,rental_vacancy_rate,0.22916666666666666,0.0
consumption_alpha,0.8,baseline,15,annual_appreciation_g,-0.0009173814655627499,0.0
consumption_alpha,0.8,waiting_period,15,homeownership_rate,0.47643979057591623,-0.00021868608256042643
consumption_alpha,0.8,waiting_period,15,rental_vacancy_rate,0.2554112554112554,0.026244588744588765
consumption_alpha,0.8,waiting_period,15,annual_appreciation_g,-0.026330494046195363,-0.025413112580632613
consumption_alpha,0.8,ownership_cap_soft,15,homeownership_rate,0.37279596977329976,-0.1038625068851769
consumption_alpha,0.8,ownership_cap_soft,15,rental_vacancy_rate,0.18345323741007194,-0.04571342925659472
consumption_alpha,0.8,ownership_cap_soft,15,annual_appreciation_g,-0.0037359900373599153,-0.0028186085717971654
consumption_alpha,0.8,ownership_cap_hard,15,homeownership_rate,0.40987654320987654,-0.06678193344860012
consumption_alpha,0.8,ownership_cap_hard,15,rental_vacancy_rate,0.22053231939163498,-0.008634347275031679
consumption_alpha,0.8,ownership_cap_hard,15,annual_appreciation_g,-0.03,-0.02908261853443725
consumption_alpha,0.8,purchase_tax,15,homeownership_rate,0.43532338308457713,-0.04133509357389953
consumption_alpha,0.8,purchase_tax,15,rental_vacancy_rate,0.2024793388429752,-0.02668732782369146
consumption_alpha,0.8,purchase_tax,15,annual_appreciation_g,-0.03,-0.02908261853443725
consumption_alpha,0.8,vacancy_tax,15,homeownership_rate,0.44607843137254904,-0.030580045285927615
consumption_alpha,0.8,vacancy_tax,15,rental_vacancy_rate,0.17073170731707318,-0.058434959349593474
consumption_alpha,0.8,vacancy_tax,15,annual_appreciation_g,0.004313587633579807,0.005230969099142557
consumption_alpha,0.8,portfolio_tax,15,homeownership_rate,0.47665847665847666,0.0
consumption_alpha,0.8,portfolio_tax,15,rental_vacancy_rate,0.22916666666666666,0.0
consumption_alpha,0.8,portfolio_tax,15,annual_appreciation_g,-0.0009173814655627499,0.0
consumption_alpha,0.8,geographic,15,homeownership_rate,0.21971830985915494,-0.25694016679932175
consumption_alpha,0.8,geographic,15,rental_vacancy_rate,0.0946372239747634,-0.13452944269190326
consumption_alpha,0.8,geographic,15,annual_appreciation_g,-0.03,-0.02908261853443725
consumption_alpha,0.8,baseline,16,homeownership_rate,0.4621212121212121,0.0
consumption_alpha,0.8,baseline,16,rental_vacancy_rate,0.16901408450704225,0.0
consumption_alpha,0.8,baseline,16,annual_appreciation_g,-0.005497317054565354,0.0
consumption_alpha,0.8,waiting_period,16,homeownership_rate,0.47,0.007878787878787874
consumption_alpha,0.8,waiting_period,16,rental_vacancy_rate,0.23580786026200873,0.06679377575496648
consumption_alpha,0.8,waiting_period,16,annual_appreciation_g,-0.011029269177892487,-0.005531952123327133
consumption_alpha,0.8,ownership_cap_soft,16,homeownership_rate,0.4605911330049261,-0.0015300791162859984
consumption_alpha,0.8,ownership_cap_soft,16,rental_vacancy_rate,0.16990291262135923,0.0008888281143169807
consumption_alpha,0.8,ownership_cap_soft,16,annual_appreciation_g,-0.009955978444961433,-0.004458661390396079
consumption_alpha,0.8,ownership_cap_hard,16,homeownership_rate,0.5075757575757576,0.04545454545454547
consumption_alpha,0.8,ownership_cap_hard,16,rental_vacancy_rate,0.18274111675126903,0.013727032244226778
consumption_alpha,0.8,ownership_cap_hard,16,annual_appreciation_g,-0.03,-0.024502682945434645
consumption_alpha,0.8,purchase_tax,16,homeownership_rate,0.45566502463054187,-0.006456187490670229
consumption_alpha,0.8,purchase_tax,16,rental_vacancy_rate,0.17777777777777778,0.008763693270735534
consumption_alpha,0.8,purchase_tax,16,annual_appreciation_g,-0.03,-0.024502682945434645
consumption_alpha,0.8,vacancy_tax,16,homeownership_rate,0.42606516290726815,-0.03605604921394395
consumption_alpha,0.8,vacancy_tax,16,rental_vacancy_rate,0.09405940594059406,-0.07495467856644819
consumption_alpha,0.8,vacancy_tax,16,annual_appreciation_g,-0.021604052106349414,-0.01610673505178406
consumption_alpha,0.8,portfolio_tax,16,homeownership_rate,0.48223350253807107,0.02011229041685897
consumption_alpha,0.8,portfolio_tax,16,rental_vacancy_rate,0.19718309859154928,0.028169014084507032
consumption_alpha,0.8,portfolio_tax,16,annual_appreciation_g,0.0,0.005497317054565354
consumption_alpha,0.8,geographic,16,homeownership_rate,0.29086538461538464,-0.17125582750582746
consumption_alpha,0.8,geographic,16,rental_vacancy_rate,0.15079365079365079,-0.018220433713391465
consumption_alpha,0.8,geographic,16,annual_appreciation_g,0.03943656343247337,0.044933880487038724
consumption_alpha,0.8,baseline,17,homeownership_rate,0.48138297872340424,0.0
consumption_alpha,0.8,baseline,17,rental_vacancy_rate,0.21367521367521367,0.0
consumption_alpha,0.8,baseline,17,annual_appreciation_g,0.08404822951031932,0.0
consumption_alpha,0.8,waiting_period,17,homeownership_rate,0.457002457002457,-0.024380521720947235
consumption_alpha,0.8,waiting_period,17,rental_vacancy_rate,0.014925373134328358,-0.19874984054088532
consumption_alpha,0.8,waiting_period,17,annual_appreciation_g,-0.008020029731322209,-0.09206825924164153
consumption_alpha,0.8,ownership_cap_soft,17,homeownership_rate,0.35526315789473684,-0.1261198208286674
consumption_alpha,0.8,ownership_cap_soft,17,rental_vacancy_rate,0.060085836909871244,-0.15358937676534243
consumption_alpha,0.8,ownership_cap_soft,17,annual_appreciation_g,-0.03,-0.11404822951031932
consumption_alpha,0.8,ownership_cap_hard,17,homeownership_rate,0.48787061994609165,0.0064876412226874125
consumption_alpha,0.8,ownership_cap_hard,17,rental_vacancy_rate,0.225531914893617,0.011856701218403348
consumption_alpha,0.8,ownership_cap_hard,17,annual_appreciation_g,0.09507239984012794,0.011024170329808625
consumption_alpha,0.8,purchase_tax,17,homeownership_rate,0.36074270557029176,-0.12064027315311249
consumption_alpha,0.8,purchase_tax,17,rental_vacancy_rate,0.05263157894736842,-0.16104363472784525
consumption_alpha,0.8,purchase_tax,17,annual_appreciation_g,-0.03,-0.11404822951031932
consumption_alpha,0.8,vacancy_tax,17,homeownership_rate,0.39050131926121373,-0.09088165946219051
consumption_alpha,0.8,vacancy_tax,17,rental_vacancy_rate,0.05217391304347826,-0.1615013006317354
consumption_alpha,0.8,vacancy_tax,17,annual_appreciation_g,-0.009625526046072475,-0.09367375555639179
consumption_alpha,0.8,portfolio_tax,17,homeownership_rate,0.48138297872340424,0.0
consumption_alpha,0.8,portfolio_tax,17,rental_vacancy_rate,0.21367521367521367,0.0
consumption_alpha,0.8,portfolio_tax,17,annual_appreciation_g,0.08404822951031932,0.0
consumption_alpha,0.8,geographic,17,homeownership_rate,0.22872340425531915,-0.25265957446808507
consumption_alpha,0.8,geographic,17,rental_vacancy_rate,0.11011904761904762,-0.10355616605616605
consumption_alpha,0.8,geographic,17,annual_appreciation_g,-0.008727728523912903,-0.09277595803423222
consumption_alpha,0.8,baseline,18,homeownership_rate,0.5037974683544304,0.0
consumption_alpha,0.8,baseline,18,rental_vacancy_rate,0.32489451476793246,0.0
consumption_alpha,0.8,baseline,18,annual_appreciation_g,-0.003975485670353773,0.0
consumption_alpha,0.8,waiting_period,18,homeownership_rate,0.43548387096774194,-0.06831359738668846
consumption_alpha,0.8,waiting_period,18,rental_vacancy_rate,0.24302788844621515,-0.08186662632171732
consumption_alpha,0.8,waiting_period,18,annual_appreciation_g,-0.024668291367029638,-0.020692805696675864
consumption_alpha,0.8,ownership_cap_soft,18,homeownership_rate,0.4360313315926893,-0.06776613676174109
consumption_alpha,0.8,ownership_cap_soft,18,rental_vacancy_rate,0.23983739837398374,-0.08505711639394872
consumption_alpha,0.8,ownership_cap_soft,18,annual_appreciation_g,-0.02729792837657896,-0.023322442706225188
consumption_alpha,0.8,ownership_cap_hard,18,homeownership_rate,0.4601990049751244,-0.04359846337930601
consumption_alpha,0.8,ownership_cap_hard,18,rental_vacancy_rate,0.27586206896551724,-0.049032445802415225
consumption_alpha,0.8,ownership_cap_hard,18,annual_appreciation_g,-0.025569468001928386,-0.021593982331574613
consumption_alpha,0.8,purchase_tax,18,homeownership_rate,0.5437352245862884,0.039937756231858024
consumption_alpha,0.8,purchase_tax,18,rental_vacancy_rate,0.2754237288135593,-0.04947078595437315
consumption_alpha,0.8,purchase_tax,18,annual_appreciation_g,-0.03,-0.026024514329646226
consumption_alpha,0.8,vacancy_tax,18,homeownership_rate,0.49874686716791977,-0.005050601186510628
consumption_alpha,0.8,vacancy_tax,18,rental_vacancy_rate,0.3291139240506329,0.004219409282700426
consumption_alpha,0.8,vacancy_tax,18,annual_appreciation_g,-0.003975485670353773,0.0
consumption_alpha,0.8,portfolio_tax,18,homeownership_rate,0.5037974683544304,0.0
consumption_alpha,0.8,portfolio_tax,18,rental_vacancy_rate,0.32489451476793246,0.0
consumption_alpha,0.8,portfolio_tax,18,annual_appreciation_g,-0.003975485670353773,0.0
consumption_alpha,0.8,geographic,18,homeownership_rate,0.2275132275132275,-0.2762842408412029
consumption_alpha,0.8,geographic,18,rental_vacancy_rate,0.14583333333333334,-0.17906118143459912
consumption_alpha,0.8,geographic,18,annual_appreciation_g,0.0070416991876600665,0.01101718485801384
consumption_alpha,0.8,baseline,19,homeownership_rate,0.43636363636363634,0.0
consumption_alpha,0.8,baseline,19,rental_vacancy_rate,0.1991869918699187,0.0
consumption_alpha,0.8,baseline,19,annual_appreciation_g,-0.016280951542676614,0.0
consumption_alpha,0.8,waiting_period,19,homeownership_rate,0.4215686274509804,-0.01479500891265595
consumption_alpha,0.8,waiting_period,19,rental_vacancy_rate,0.01951219512195122,-0.1796747967479675
consumption_alpha,0.8,waiting_period,19,annual_appreciation_g,-0.01801097466124324,-0.001730023118566626
consumption_alpha,0.8,ownership_cap_soft,19,homeownership_rate,0.4427083333333333,0.006344696969696972
consumption_alpha,0.8,ownership_cap_soft,19,rental_vacancy_rate,0.25,0.0508130081300813
consumption_alpha,0.8,ownership_cap_soft,19,annual_appreciation_g,0.0,0.016280951542676614
consumption_alpha,0.8,ownership_cap_hard,19,homeownership_rate,0.45226130653266333,0.01589767016902699
consumption_alpha,0.8,ownership_cap_hard,19,rental_vacancy_rate,0.24081632653061225,0.041629334660693545
consumption_alpha,0.8,ownership_cap_hard,19,annual_appreciation_g,-0.02189893442750035,-0.005617982884823736
consumption_alpha,0.8,purchase_tax,19,homeownership_rate,0.39473684210526316,-0.04162679425837318
consumption_alpha,0.8,purchase_tax,19,rental_vacancy_rate,0.004273504273504274,-0.19491348759641441
consumption_alpha,0.8,purchase_tax,19,annual_appreciation_g,-0.004067825776021272,0.012213125766655342
consumption_alpha,0.8,vacancy_tax,19,homeownership_rate,0.4573643410852713,0.021000704721634955
consumption_alpha,0.8,vacancy_tax,19,rental_vacancy_rate,0.28174603174603174,0.08255903987611304
consumption_alpha,0.8,vacancy_tax,19,annual_appreciation_g,0.0035387450997410586,0.019819696642417672
consumption_alpha,0.8,portfolio_tax,19,homeownership_rate,0.43636363636363634,0.0
consumption_alpha,0.8,portfolio_tax,19,rental_vacancy_rate,0.1991869918699187,0.0
consumption_alpha,0.8,portfolio_tax,19,annual_appreciation_g,-0.016280951542676614,0.0
consumption_alpha,0.8,geographic,19,homeownership_rate,0.23809523809523808,-0.19826839826839826
consumption_alpha,0.8,geographic,19,rental_vacancy_rate,0.14606741573033707,-0.053119576139581626
consumption_alpha,0.8,geographic,19,annual_appreciation_g,0.061317430500767545,0.07759838204344416
