param,param_value,policy,seed,metric,value,diff_from_baseline
beta_institutional,10.0,baseline,0,homeownership_rate,0.2739018087855297,0.0
beta_institutional,10.0,baseline,0,rental_vacancy_rate,0.1620795107033639,0.0
beta_institutional,10.0,baseline,0,annual_appreciation_g,0.0009174552020376758,0.0
beta_institutional,10.0,waiting_period,0,homeownership_rate,0.3785900783289817,0.104688269543452
beta_institutional,10.0,waiting_period,0,rental_vacancy_rate,0.2097902097902098,0.04771069908684589
beta_institutional,10.0,waiting_period,0,annual_appreciation_g,0.026932561984745584,0.02601510678270791
beta_institutional,10.0,ownership_cap_soft,0,homeownership_rate,0.2857142857142857,0.011812476928755977
beta_institutional,10.0,ownership_cap_soft,0,rental_vacancy_rate,0.18292682926829268,0.020847318564928774
beta_institutional,10.0,ownership_cap_soft,0,annual_appreciation_g,0.0,-0.0009174552020376758
beta_institutional,10.0,ownership_cap_hard,0,homeownership_rate,0.2838196286472148,0.009917819861685107
beta_institutional,10.0,ownership_cap_hard,0,rental_vacancy_rate,0.13861386138613863,-0.02346564931722528
beta_institutional,10.0,ownership_cap_hard,0,annual_appreciation_g,0.0002050554749346567,-0.0007123997271030191
beta_institutional,10.0,purchase_tax,0,homeownership_rate,0.29085872576177285,0.01695691697624313
beta_institutional,10.0,purchase_tax,0,rental_vacancy_rate,0.12374581939799331,-0.03833369130537059
beta_institutional,10.0,purchase_tax,0,annual_appreciation_g,0.016375394612308414,0.015457939410270738
beta_institutional,10.0,vacancy_tax,0,homeownership_rate,0.3053435114503817,0.03144170266485197
beta_institutional,10.0,vacancy_tax,0,rental_vacancy_rate,0.17080745341614906,0.008727942712785153
beta_institutional,10.0,vacancy_tax,0,annual_appreciation_g,-0.004334697427570977,-0.005252152629608653
beta_institutional,10.0,portfolio_tax,0,homeownership_rate,0.2739018087855297,0.0
beta_institutional,10.0,portfolio_tax,0,rental_vacancy_rate,0.1620795107033639,0.0
beta_institutional,10.0,portfolio_tax,0,annual_appreciation_g,0.0009174552020376758,0.0
beta_institutional,10.0,geographic,0,homeownership_rate,0.3070652173913043,0.0331634086057746
beta_institutional,10.0,geographic,0,rental_vacancy_rate,0.16326530612244897,0.0011857954190850617
beta_institutional,10.0,geographic,0,annual_appreciation_g,-0.02549019154960397,-0.026407646751641645
beta_institutional,10.0,baseline,1,homeownership_rate,0.33080808080808083,0.0
beta_institutional,10.0,baseline,1,rental_vacancy_rate,0.21405750798722045,0.0
beta_institutional,10.0,baseline,1,annual_appreciation_g,0.10656586709787108,0.0
beta_institutional,10.0,waiting_period,1,homeownership_rate,0.381201044386423,0.050392963578342165
beta_institutional,10.0,waiting_period,1,rental_vacancy_rate,0.26811594202898553,0.05405843404176508
beta_institutional,10.0,waiting_period,1,annual_appreciation_g,0.0,-0.10656586709787108
beta_institutional,10.0,ownership_cap_soft,1,homeownership_rate,0.31887755102040816,-0.011930529787672672
beta_institutional,10.0,ownership_cap_soft,1,rental_vacancy_rate,0.20257234726688103,-0.011485160720339421
beta_institutional,10.0,ownership_cap_soft,1,annual_appreciation_g,0.0,-0.10656586709787108
beta_institutional,10.0,ownership_cap_hard,1,homeownership_rate,0.3021978021978022,-0.02861027861027865
beta_institutional,10.0,ownership_cap_hard,1,rental_vacancy_rate,0.20875420875420875,-0.005303299233011705
beta_institutional,10.0,ownership_cap_hard,1,annual_appreciation_g,0.015037959014291502,-0.09152790808357958
beta_institutional,10.0,purchase_tax,1,homeownership_rate,0.3229166666666667,-0.007891414141414144
beta_institutional,10.0,purchase_tax,1,rental_vacancy_rate,0.2098360655737705,-0.004221442413449961
beta_institutional,10.0,purchase_tax,1,annual_appreciation_g,0.0,-0.10656586709787108
beta_institutional,10.0,vacancy_tax,1,homeownership_rate,0.29649595687331537,-0.03431212393476546
beta_institutional,10.0,vacancy_tax,1,rental_vacancy_rate,0.1858108108108108,-0.028246697176409652
beta_institutional,10.0,vacancy_tax,1,annual_appreciation_g,0.0,-0.10656586709787108
beta_institutional,10.0,portfolio_tax,1,homeownership_rate,0.33080808080808083,0.0
beta_institutional,10.0,portfolio_tax,1,rental_vacancy_rate,0.21405750798722045,0.0
beta_institutional,10.0,portfolio_tax,1,annual_appreciation_g,0.10656586709787108,0.0
beta_institutional,10.0,geographic,1,homeownership_rate,0.3177083333333333,-0.013099747474747514
beta_institutional,10.0,geographic,1,rental_vacancy_rate,0.21262458471760798,-0.0014329232696124738
beta_institutional,10.0,geographic,1,annual_appreciation_g,-0.03,-0.13656586709787108
beta_institutional,10.0,baseline,2,homeownership_rate,0.34438775510204084,0.0
beta_institutional,10.0,baseline,2,rental_vacancy_rate,0.18688524590163935,0.0
beta_institutional,10.0,baseline,2,annual_appreciation_g,0.03689928514625529,0.0
beta_institutional,10.0,waiting_period,2,homeownership_rate,0.4502487562189055,0.10586100111686464
beta_institutional,10.0,waiting_period,2,rental_vacancy_rate,0.2528301886792453,0.06594494277760593
beta_institutional,10.0,waiting_period,2,annual_appreciation_g,0.004188233067257574,-0.032711052078997715
beta_institutional,10.0,ownership_cap_soft,2,homeownership_rate,0.34438775510204084,0.0
beta_institutional,10.0,ownership_cap_soft,2,rental_vacancy_rate,0.16393442622950818,-0.022950819672131167
beta_institutional,10.0,ownership_cap_soft,2,annual_appreciation_g,0.010552260945077219,-0.02634702420117807
beta_institutional,10.0,ownership_cap_hard,2,homeownership_rate,0.3383458646616541,-0.006041890440386721
beta_institutional,10.0,ownership_cap_hard,2,rental_vacancy_rate,0.20447284345047922,0.017587597548839873
beta_institutional,10.0,ownership_cap_hard,2,annual_appreciation_g,0.008891809377810755,-0.028007475768444534
beta_institutional,10.0,purchase_tax,2,homeownership_rate,0.3283582089552239,-0.016029546146816953
beta_institutional,10.0,purchase_tax,2,rental_vacancy_rate,0.17252396166134185,-0.014361284240297506
beta_institutional,10.0,purchase_tax,2,annual_appreciation_g,0.0020200980553706227,-0.03487918709088467
beta_institutional,10.0,vacancy_tax,2,homeownership_rate,0.3151041666666667,-0.029283588435374153
beta_institutional,10.0,vacancy_tax,2,rental_vacancy_rate,0.17218543046357615,-0.014699815438063202
beta_institutional,10.0,vacancy_tax,2,annual_appreciation_g,-9.09536390891752e-06,-0.03690838051016421
beta_institutional,10.0,portfolio_tax,2,homeownership_rate,0.34438775510204084,0.0
beta_institutional,10.0,portfolio_tax,2,rental_vacancy_rate,0.18688524590163935,0.0
beta_institutional,10.0,portfolio_tax,2,annual_appreciation_g,0.03689928514625529,0.0
beta_institutional,10.0,geographic,2,homeownership_rate,0.3220779220779221,-0.022309833024118764
beta_institutional,10.0,geographic,2,rental_vacancy_rate,0.12861736334405144,-0.05826788255758791
beta_institutional,10.0,geographic,2,annual_appreciation_g,-0.012412364282959887,-0.049311649429215176
beta_institutional,10.0,baseline,3,homeownership_rate,0.3203125,0.0
beta_institutional,10.0,baseline,3,rental_vacancy_rate,0.20202020202020202,0.0
beta_institutional,10.0,baseline,3,annual_appreciation_g,0.006559078082604586,0.0
beta_institutional,10.0,waiting_period,3,homeownership_rate,0.4444444444444444,0.12413194444444442
beta_institutional,10.0,waiting_period,3,rental_vacancy_rate,0.2835249042145594,0.08150470219435738
beta_institutional,10.0,waiting_period,3,annual_appreciation_g,-0.0038305253088548596,-0.010389603391459445
beta_institutional,10.0,ownership_cap_soft,3,homeownership_rate,0.3194805194805195,-0.0008319805194805241
beta_institutional,10.0,ownership_cap_soft,3,rental_vacancy_rate,0.15946843853820597,-0.04255176348199605
beta_institutional,10.0,ownership_cap_soft,3,annual_appreciation_g,2.4584945305106132e-05,-0.00653449313729948
beta_institutional,10.0,ownership_cap_hard,3,homeownership_rate,0.32116788321167883,0.0008553832116788285
beta_institutional,10.0,ownership_cap_hard,3,rental_vacancy_rate,0.17133956386292834,-0.030680638157273676
beta_institutional,10.0,ownership_cap_hard,3,annual_appreciation_g,0.0,-0.006559078082604586
beta_institutional,10.0,purchase_tax,3,homeownership_rate,0.3404761904761905,0.020163690476190488
beta_institutional,10.0,purchase_tax,3,rental_vacancy_rate,0.21518987341772153,0.013169671397519511
beta_institutional,10.0,purchase_tax,3,annual_appreciation_g,0.00020702573862374507,-0.006352052343980841
beta_institutional,10.0,vacancy_tax,3,homeownership_rate,0.3557692307692308,0.03545673076923078
beta_institutional,10.0,vacancy_tax,3,rental_vacancy_rate,0.2129032258064516,0.010883023786249585
beta_institutional,10.0,vacancy_tax,3,annual_appreciation_g,-0.00741293470797133,-0.013972012790575916
beta_institutional,10.0,portfolio_tax,3,homeownership_rate,0.3203125,0.0
beta_institutional,10.0,portfolio_tax,3,rental_vacancy_rate,0.20202020202020202,0.0
beta_institutional,10.0,portfolio_tax,3,annual_appreciation_g,0.006559078082604586,0.0
beta_institutional,10.0,geographic,3,homeownership_rate,0.30179028132992325,-0.01852221867007675
beta_institutional,10.0,geographic,3,rental_vacancy_rate,0.17532467532467533,-0.02669552669552669
beta_institutional,10.0,geographic,3,annual_appreciation_g,-0.0013785378660003955,-0.007937615948604981
beta_institutional,10.0,baseline,4,homeownership_rate,0.31435643564356436,0.0
beta_institutional,10.0,baseline,4,rental_vacancy_rate,0.19692307692307692,0.0
beta_institutional,10.0,baseline,4,annual_appreciation_g,0.0,0.0
beta_institutional,10.0,waiting_period,4,homeownership_rate,0.3730964467005076,0.058740011056943264
beta_institutional,10.0,waiting_period,4,rental_vacancy_rate,0.22569444444444445,0.028771367521367525
beta_institutional,10.0,waiting_period,4,annual_appreciation_g,0.0010765967390353737,0.0010765967390353737
beta_institutional,10.0,ownership_cap_soft,4,homeownership_rate,0.28609625668449196,-0.028260178959072402
beta_institutional,10.0,ownership_cap_soft,4,rental_vacancy_rate,0.13861386138613863,-0.0583092155369383
beta_institutional,10.0,ownership_cap_soft,4,annual_appreciation_g,0.0001520865148649797,0.0001520865148649797
beta_institutional,10.0,ownership_cap_hard,4,homeownership_rate,0.3050397877984085,-0.009316647845155845
beta_institutional,10.0,ownership_cap_hard,4,rental_vacancy_rate,0.17475728155339806,-0.02216579536967886
beta_institutional,10.0,ownership_cap_hard,4,annual_appreciation_g,0.0,0.0
beta_institutional,10.0,purchase_tax,4,homeownership_rate,0.3384223918575064,0.02406595621394203
beta_institutional,10.0,purchase_tax,4,rental_vacancy_rate,0.17263843648208468,-0.02428464044099224
beta_institutional,10.0,purchase_tax,4,annual_appreciation_g,-0.007724723157267022,-0.007724723157267022
beta_institutional,10.0,vacancy_tax,4,homeownership_rate,0.3567708333333333,0.04241439768976896
beta_institutional,10.0,vacancy_tax,4,rental_vacancy_rate,0.15570934256055363,-0.04121373436252329
beta_institutional,10.0,vacancy_tax,4,annual_appreciation_g,-0.0037356700181835345,-0.0037356700181835345
beta_institutional,10.0,portfolio_tax,4,homeownership_rate,0.31435643564356436,0.0
beta_institutional,10.0,portfolio_tax,4,rental_vacancy_rate,0.19692307692307692,0.0
beta_institutional,10.0,portfolio_tax,4,annual_appreciation_g,0.0,0.0
beta_institutional,10.0,geographic,4,homeownership_rate,0.3634020618556701,0.04904562621210573
beta_institutional,10.0,geographic,4,rental_vacancy_rate,0.2229965156794425,0.026073438756365586
beta_institutional,10.0,geographic,4,annual_appreciation_g,0.002201851257422227,0.002201851257422227
beta_institutional,10.0,baseline,5,homeownership_rate,0.2770780856423174,0.0
beta_institutional,10.0,baseline,5,rental_vacancy_rate,0.18960244648318042,0.0
beta_institutional,10.0,baseline,5,annual_appreciation_g,0.0,0.0
beta_institutional,10.0,waiting_period,5,homeownership_rate,0.38164251207729466,0.10456442643497726
beta_institutional,10.0,waiting_period,5,rental_vacancy_rate,0.25,0.06039755351681958
beta_institutional,10.0,waiting_period,5,annual_appreciation_g,-0.022153928648325882,-0.022153928648325882
beta_institutional,10.0,ownership_cap_soft,5,homeownership_rate,0.3358395989974937,0.05876151335517632
beta_institutional,10.0,ownership_cap_soft,5,rental_vacancy_rate,0.21103896103896103,0.021436514555780606
beta_institutional,10.0,ownership_cap_soft,5,annual_appreciation_g,0.0,0.0
beta_institutional,10.0,ownership_cap_hard,5,homeownership_rate,0.30727762803234504,0.030199542390027645
beta_institutional,10.0,ownership_cap_hard,5,rental_vacancy_rate,0.2013888888888889,0.011786442405708475
beta_institutional,10.0,ownership_cap_hard,5,annual_appreciation_g,0.006290167182987805,0.006290167182987805
beta_institutional,10.0,purchase_tax,5,homeownership_rate,0.3192019950124688,0.042123909370151424
beta_institutional,10.0,purchase_tax,5,rental_vacancy_rate,0.2113564668769716,0.02175402039379118
beta_institutional,10.0,purchase_tax,5,annual_appreciation_g,0.0,0.0
beta_institutional,10.0,vacancy_tax,5,homeownership_rate,0.3333333333333333,0.05625524769101592
beta_institutional,10.0,vacancy_tax,5,rental_vacancy_rate,0.21498371335504887,0.025381266871868452
beta_institutional,10.0,vacancy_tax,5,annual_appreciation_g,0.005437531505281257,0.005437531505281257
beta_institutional,10.0,portfolio_tax,5,homeownership_rate,0.2770780856423174,0.0
beta_institutional,10.0,portfolio_tax,5,rental_vacancy_rate,0.18960244648318042,0.0
beta_institutional,10.0,portfolio_tax,5,annual_appreciation_g,0.0,0.0
beta_institutional,10.0,geographic,5,homeownership_rate,0.3049095607235142,0.02783147508119682
beta_institutional,10.0,geographic,5,rental_vacancy_rate,0.1955128205128205,0.005910374029640092
beta_institutional,10.0,geographic,5,annual_appreciation_g,-0.0004945146159356373,-0.0004945146159356373
beta_institutional,10.0,baseline,6,homeownership_rate,0.32917705735660846,0.0
beta_institutional,10.0,baseline,6,rental_vacancy_rate,0.1724137931034483,0.0
beta_institutional,10.0,baseline,6,annual_appreciation_g,-0.0006588282497822506,0.0
beta_institutional,10.0,waiting_period,6,homeownership_rate,0.4049586776859504,0.07578162032934194
beta_institutional,10.0,waiting_period,6,rental_vacancy_rate,0.20599250936329588,0.033578716259847596
beta_institutional,10.0,waiting_period,6,annual_appreciation_g,-0.014829989996956838,-0.014171161747174588
beta_institutional,10.0,ownership_cap_soft,6,homeownership_rate,0.2808988764044944,-0.04827818095211406
beta_institutional,10.0,ownership_cap_soft,6,rental_vacancy_rate,0.1267123287671233,-0.04570146433632499
beta_institutional,10.0,ownership_cap_soft,6,annual_appreciation_g,-0.0064371347412059965,-0.005778306491423746
beta_institutional,10.0,ownership_cap_hard,6,homeownership_rate,0.34759358288770054,0.018416525531092076
beta_institutional,10.0,ownership_cap_hard,6,rental_vacancy_rate,0.17406143344709898,0.001647640343650697
beta_institutional,10.0,ownership_cap_hard,6,annual_appreciation_g,-0.016699897396875052,-0.0160410691470928
beta_institutional,10.0,purchase_tax,6,homeownership_rate,0.289002557544757,-0.04017449981185145
beta_institutional,10.0,purchase_tax,6,rental_vacancy_rate,0.14193548387096774,-0.030478309232480544
beta_institutional,10.0,purchase_tax,6,annual_appreciation_g,-0.0034076022599724975,-0.002748774010190247
beta_institutional,10.0,vacancy_tax,6,homeownership_rate,0.29797979797979796,-0.031197259376810504
beta_institutional,10.0,vacancy_tax,6,rental_vacancy_rate,0.1536050156739812,-0.0188087774294671
beta_institutional,10.0,vacancy_tax,6,annual_appreciation_g,0.002828396977826886,0.0034872252276091364
beta_institutional,10.0,portfolio_tax,6,homeownership_rate,0.32917705735660846,0.0
beta_institutional,10.0,portfolio_tax,6,rental_vacancy_rate,0.1724137931034483,0.0
beta_institutional,10.0,portfolio_tax,6,annual_appreciation_g,-0.0006588282497822506,0.0
beta_institutional,10.0,geographic,6,homeownership_rate,0.34517766497461927,0.01600060761801081
beta_institutional,10.0,geographic,6,rental_vacancy_rate,0.1864406779661017,0.01402688486265341
beta_institutional,10.0,geographic,6,annual_appreciation_g,0.0,0.0006588282497822506
beta_institutional,10.0,baseline,7,homeownership_rate,0.3050397877984085,0.0
beta_institutional,10.0,baseline,7,rental_vacancy_rate,0.13355048859934854,0.0
beta_institutional,10.0,baseline,7,annual_appreciation_g,-0.03,0.0
beta_institutional,10.0,waiting_period,7,homeownership_rate,0.3567567567567568,0.051716968958348264
beta_institutional,10.0,waiting_period,7,rental_vacancy_rate,0.19927536231884058,0.06572487371949204
beta_institutional,10.0,waiting_period,7,annual_appreciation_g,-0.012725686787086965,0.017274313212913034
beta_institutional,10.0,ownership_cap_soft,7,homeownership_rate,0.2890625,-0.015977287798408513
beta_institutional,10.0,ownership_cap_soft,7,rental_vacancy_rate,0.12944983818770225,-0.004100650411646284
beta_institutional,10.0,ownership_cap_soft,7,annual_appreciation_g,-0.0009242079076586807,0.029075792092341318
beta_institutional,10.0,ownership_cap_hard,7,homeownership_rate,0.30971128608923887,0.004671498290830356
beta_institutional,10.0,ownership_cap_hard,7,rental_vacancy_rate,0.1377049180327869,0.004154429433438356
beta_institutional,10.0,ownership_cap_hard,7,annual_appreciation_g,-0.006084765084720778,0.02391523491527922
beta_institutional,10.0,purchase_tax,7,homeownership_rate,0.32299741602067183,0.017957628222263322
beta_institutional,10.0,purchase_tax,7,rental_vacancy_rate,0.16778523489932887,0.03423474629998033
beta_institutional,10.0,purchase_tax,7,annual_appreciation_g,0.0012001272931436713,0.03120012729314367
beta_institutional,10.0,vacancy_tax,7,homeownership_rate,0.31216931216931215,0.007129524370903639
beta_institutional,10.0,vacancy_tax,7,rental_vacancy_rate,0.17320261437908496,0.039652125779736425
beta_institutional,10.0,vacancy_tax,7,annual_appreciation_g,-8.673448218532442e-06,0.029991326551781466
beta_institutional,10.0,portfolio_tax,7,homeownership_rate,0.3050397877984085,0.0
beta_institutional,10.0,portfolio_tax,7,rental_vacancy_rate,0.13355048859934854,0.0
beta_institutional,10.0,portfolio_tax,7,annual_appreciation_g,-0.03,0.0
beta_institutional,10.0,geographic,7,homeownership_rate,0.356234096692112,0.051194308893703466
beta_institutional,10.0,geographic,7,rental_vacancy_rate,0.17049180327868851,0.036941314679339976
beta_institutional,10.0,geographic,7,annual_appreciation_g,0.00024222044948052357,0.030242220449480522
beta_institutional,10.0,baseline,8,homeownership_rate,0.3182957393483709,0.0
beta_institutional,10.0,baseline,8,rental_vacancy_rate,0.14057507987220447,0.0
beta_institutional,10.0,baseline,8,annual_appreciation_g,0.014886433444163627,0.0
beta_institutional,10.0,waiting_period,8,homeownership_rate,0.40384615384615385,0.08555041449778295
beta_institutional,10.0,waiting_period,8,rental_vacancy_rate,0.23183391003460208,0.09125883016239761
beta_institutional,10.0,waiting_period,8,annual_appreciation_g,0.007701527072858649,-0.007184906371304978
beta_institutional,10.0,ownership_cap_soft,8,homeownership_rate,0.335,0.01670426065162911
beta_institutional,10.0,ownership_cap_soft,8,rental_vacancy_rate,0.15960912052117263,0.01903404064896816
beta_institutional,10.0,ownership_cap_soft,8,annual_appreciation_g,0.004220252486706766,-0.010666180957456861
beta_institutional,10.0,ownership_cap_hard,8,homeownership_rate,0.38046272493573263,0.06216698558736172
beta_institutional,10.0,ownership_cap_hard,8,rental_vacancy_rate,0.1554054054054054,0.014830325533200933
beta_institutional,10.0,ownership_cap_hard,8,annual_appreciation_g,0.018004996529715322,0.0031185630855516955
beta_institutional,10.0,purchase_tax,8,homeownership_rate,0.3341645885286783,0.0158688491803074
beta_institutional,10.0,purchase_tax,8,rental_vacancy_rate,0.1597444089456869,0.019169329073482427
beta_institutional,10.0,purchase_tax,8,annual_appreciation_g,3.0438228084017638e-05,-0.01485599521607961
beta_institutional,10.0,vacancy_tax,8,homeownership_rate,0.33589743589743587,0.01760169654906496
beta_institutional,10.0,vacancy_tax,8,rental_vacancy_rate,0.16455696202531644,0.023981882153111977
beta_institutional,10.0,vacancy_tax,8,annual_appreciation_g,0.023408925637861122,0.008522492193697495
beta_institutional,10.0,portfolio_tax,8,homeownership_rate,0.3182957393483709,0.0
beta_institutional,10.0,portfolio_tax,8,rental_vacancy_rate,0.14057507987220447,0.0
beta_institutional,10.0,portfolio_tax,8,annual_appreciation_g,0.014886433444163627,0.0
beta_institutional,10.0,geographic,8,homeownership_rate,0.314070351758794,-0.004225387589576912
beta_institutional,10.0,geographic,8,rental_vacancy_rate,0.14465408805031446,0.004079008178109994
beta_institutional,10.0,geographic,8,annual_appreciation_g,0.0,-0.014886433444163627
beta_institutional,10.0,baseline,9,homeownership_rate,0.3399503722084367,0.0
beta_institutional,10.0,baseline,9,rental_vacancy_rate,0.14426229508196722,0.0
beta_institutional,10.0,baseline,9,annual_appreciation_g,0.0,0.0
beta_institutional,10.0,waiting_period,9,homeownership_rate,0.4043583535108959,0.06440798130245917
beta_institutional,10.0,waiting_period,9,rental_vacancy_rate,0.22727272727272727,0.08301043219076004
beta_institutional,10.0,waiting_period,9,annual_appreciation_g,-0.00010142278885416633,-0.00010142278885416633
beta_institutional,10.0,ownership_cap_soft,9,homeownership_rate,0.3530864197530864,0.013136047544649698
beta_institutional,10.0,ownership_cap_soft,9,rental_vacancy_rate,0.16501650165016502,0.02075420656819779
beta_institutional,10.0,ownership_cap_soft,9,annual_appreciation_g,0.007206361479273893,0.007206361479273893
beta_institutional,10.0,ownership_cap_hard,9,homeownership_rate,0.32169576059850374,-0.01825461160993297
beta_institutional,10.0,ownership_cap_hard,9,rental_vacancy_rate,0.1270358306188925,-0.017226464463074714
beta_institutional,10.0,ownership_cap_hard,9,annual_appreciation_g,0.0034772739014687915,0.0034772739014687915
beta_institutional,10.0,purchase_tax,9,homeownership_rate,0.31026252983293556,-0.02968784237550115
beta_institutional,10.0,purchase_tax,9,rental_vacancy_rate,0.12349397590361445,-0.02076831917835277
beta_institutional,10.0,purchase_tax,9,annual_appreciation_g,5.524955160041145e-07,5.524955160041145e-07
beta_institutional,10.0,vacancy_tax,9,homeownership_rate,0.34558823529411764,0.0056378630856809275
beta_institutional,10.0,vacancy_tax,9,rental_vacancy_rate,0.17419354838709677,0.02993125330512955
beta_institutional,10.0,vacancy_tax,9,annual_appreciation_g,0.008570995124114855,0.008570995124114855
beta_institutional,10.0,portfolio_tax,9,homeownership_rate,0.3399503722084367,0.0
beta_institutional,10.0,portfolio_tax,9,rental_vacancy_rate,0.14426229508196722,0.0
beta_institutional,10.0,portfolio_tax,9,annual_appreciation_g,0.0,0.0
beta_institutional,10.0,geographic,9,homeownership_rate,0.30808080808080807,-0.03186956412762865
beta_institutional,10.0,geographic,9,rental_vacancy_rate,0.15605095541401273,0.011788660332045509
beta_institutional,10.0,geographic,9,annual_appreciation_g,0.0,0.0
beta_institutional,25.0,baseline,0,homeownership_rate,0.3208020050125313,0.0
beta_institutional,25.0,baseline,0,rental_vacancy_rate,0.1746031746031746,0.0
beta_institutional,25.0,baseline,0,annual_appreciation_g,0.09290230807814259,0.0
beta_institutional,25.0,waiting_period,0,homeownership_rate,0.42318059299191374,0.10237858797938243
beta_institutional,25.0,waiting_period,0,rental_vacancy_rate,0.24812030075187969,0.07351712614870509
beta_institutional,25.0,waiting_period,0,annual_appreciation_g,0.007823523216278216,-0.08507878486186438
beta_institutional,25.0,ownership_cap_soft,0,homeownership_rate,0.31362467866323906,-0.007177326349292246
beta_institutional,25.0,ownership_cap_soft,0,rental_vacancy_rate,0.16613418530351437,-0.008468989299660223
beta_institutional,25.0,ownership_cap_soft,0,annual_appreciation_g,0.013850052679944325,-0.07905225539819827
beta_institutional,25.0,ownership_cap_hard,0,homeownership_rate,0.35038363171355497,0.029581626701023656
beta_institutional,25.0,ownership_cap_hard,0,rental_vacancy_rate,0.21543408360128619,0.04083090899811159
beta_institutional,25.0,ownership_cap_hard,0,annual_appreciation_g,-0.0027099779468247043,-0.0956122860249673
beta_institutional,25.0,purchase_tax,0,homeownership_rate,0.2947103274559194,-0.026091677556611903
beta_institutional,25.0,purchase_tax,0,rental_vacancy_rate,0.14018691588785046,-0.03441625871532414
beta_institutional,25.0,purchase_tax,0,annual_appreciation_g,-5.233829619732955e-05,-0.09295464637433992
beta_institutional,25.0,vacancy_tax,0,homeownership_rate,0.3190348525469169,-0.00176715246561443
beta_institutional,25.0,vacancy_tax,0,rental_vacancy_rate,0.17229729729729729,-0.0023058773058773074
beta_institutional,25.0,vacancy_tax,0,annual_appreciation_g,0.0323514343441369,-0.060550873734005695
beta_institutional,25.0,portfolio_tax,0,homeownership_rate,0.3208020050125313,0.0
beta_institutional,25.0,portfolio_tax,0,rental_vacancy_rate,0.1746031746031746,0.0
beta_institutional,25.0,portfolio_tax,0,annual_appreciation_g,0.09290230807814259,0.0
beta_institutional,25.0,geographic,0,homeownership_rate,0.3070652173913043,-0.013736787621226987
beta_institutional,25.0,geographic,0,rental_vacancy_rate,0.16326530612244897,-0.011337868480725627
beta_institutional,25.0,geographic,0,annual_appreciation_g,-0.02549019154960397,-0.11839249962774656
beta_institutional,25.0,baseline,1,homeownership_rate,0.29973474801061006,0.0
beta_institutional,25.0,baseline,1,rental_vacancy_rate,0.18874172185430463,0.0
beta_institutional,25.0,baseline,1,annual_appreciation_g,-0.03,0.0
beta_institutional,25.0,waiting_period,1,homeownership_rate,0.3798449612403101,0.08011021322970002
beta_institutional,25.0,waiting_period,1,rental_vacancy_rate,0.26223776223776224,0.07349604038345761
beta_institutional,25.0,waiting_period,1,annual_appreciation_g,0.033355330339915445,0.06335533033991544
beta_institutional,25.0,ownership_cap_soft,1,homeownership_rate,0.3253333333333333,0.025598585322723244
beta_institutional,25.0,ownership_cap_soft,1,rental_vacancy_rate,0.20134228187919462,0.01260056002488999
beta_institutional,25.0,ownership_cap_soft,1,annual_appreciation_g,-0.03,0.0
beta_institutional,25.0,ownership_cap_hard,1,homeownership_rate,0.300531914893617,0.0007971668830069611
beta_institutional,25.0,ownership_cap_hard,1,rental_vacancy_rate,0.2098360655737705,0.021094343719465863
beta_institutional,25.0,ownership_cap_hard,1,annual_appreciation_g,-0.005586500351619006,0.024413499648380993
beta_institutional,25.0,purchase_tax,1,homeownership_rate,0.3324538258575198,0.03271907784690975
beta_institutional,25.0,purchase_tax,1,rental_vacancy_rate,0.17940199335548174,-0.009339728498822891
beta_institutional,25.0,purchase_tax,1,annual_appreciation_g,0.0,0.03
beta_institutional,25.0,vacancy_tax,1,homeownership_rate,0.29973474801061006,0.0
beta_institutional,25.0,vacancy_tax,1,rental_vacancy_rate,0.18874172185430463,0.0
beta_institutional,25.0,vacancy_tax,1,annual_appreciation_g,-0.03,0.0
beta_institutional,25.0,portfolio_tax,1,homeownership_rate,0.29973474801061006,0.0
beta_institutional,25.0,portfolio_tax,1,rental_vacancy_rate,0.18874172185430463,0.0
beta_institutional,25.0,portfolio_tax,1,annual_appreciation_g,-0.03,0.0
beta_institutional,25.0,geographic,1,homeownership_rate,0.3177083333333333,0.01797358532272325
beta_institutional,25.0,geographic,1,rental_vacancy_rate,0.21262458471760798,0.02388286286330335
beta_institutional,25.0,geographic,1,annual_appreciation_g,-0.03,0.0
beta_institutional,25.0,baseline,2,homeownership_rate,0.3005181347150259,0.0
beta_institutional,25.0,baseline,2,rental_vacancy_rate,0.1875,0.0
beta_institutional,25.0,baseline,2,annual_appreciation_g,0.019251474329980534,0.0
beta_institutional,25.0,waiting_period,2,homeownership_rate,0.43342036553524804,0.13290223082022212
beta_institutional,25.0,waiting_period,2,rental_vacancy_rate,0.27380952380952384,0.08630952380952384
beta_institutional,25.0,waiting_period,2,annual_appreciation_g,-0.014392292632554815,-0.03364376696253535
beta_institutional,25.0,ownership_cap_soft,2,homeownership_rate,0.3516209476309227,0.0511028129158968
beta_institutional,25.0,ownership_cap_soft,2,rental_vacancy_rate,0.2119205298013245,0.024420529801324503
beta_institutional,25.0,ownership_cap_soft,2,annual_appreciation_g,0.022007372358128885,0.0027558980281483514
beta_institutional,25.0,ownership_cap_hard,2,homeownership_rate,0.3224181360201511,0.021900001305125205
beta_institutional,25.0,ownership_cap_hard,2,rental_vacancy_rate,0.19093851132686085,0.003438511326860849
beta_institutional,25.0,ownership_cap_hard,2,annual_appreciation_g,0.0,-0.019251474329980534
beta_institutional,25.0,purchase_tax,2,homeownership_rate,0.3092269326683292,0.00870879795330326
beta_institutional,25.0,purchase_tax,2,rental_vacancy_rate,0.14511041009463724,-0.04238958990536276
beta_institutional,25.0,purchase_tax,2,annual_appreciation_g,0.003698563210349226,-0.015552911119631307
beta_institutional,25.0,vacancy_tax,2,homeownership_rate,0.3333333333333333,0.032815198618307395
beta_institutional,25.0,vacancy_tax,2,rental_vacancy_rate,0.21172638436482086,0.024226384364820858
beta_institutional,25.0,vacancy_tax,2,annual_appreciation_g,0.0,-0.019251474329980534
beta_institutional,25.0,portfolio_tax,2,homeownership_rate,0.29620253164556964,-0.004315603069456275
beta_institutional,25.0,portfolio_tax,2,rental_vacancy_rate,0.17252396166134185,-0.014976038338658154
beta_institutional,25.0,portfolio_tax,2,annual_appreciation_g,0.0004134543748874897,-0.018838019955093044
beta_institutional,25.0,geographic,2,homeownership_rate,0.3220779220779221,0.021559787362896154
beta_institutional,25.0,geographic,2,rental_vacancy_rate,0.12861736334405144,-0.05888263665594856
beta_institutional,25.0,geographic,2,annual_appreciation_g,-0.012412364282959887,-0.03166383861294042
beta_institutional,25.0,baseline,3,homeownership_rate,0.39746835443037976,0.0
beta_institutional,25.0,baseline,3,rental_vacancy_rate,0.24,0.0
beta_institutional,25.0,baseline,3,annual_appreciation_g,0.0027557004413818476,0.0
beta_institutional,25.0,waiting_period,3,homeownership_rate,0.41,0.01253164556962022
beta_institutional,25.0,waiting_period,3,rental_vacancy_rate,0.2681992337164751,0.02819923371647509
beta_institutional,25.0,waiting_period,3,annual_appreciation_g,0.0,-0.0027557004413818476
beta_institutional,25.0,ownership_cap_soft,3,homeownership_rate,0.3417085427135678,-0.055759811716811936
beta_institutional,25.0,ownership_cap_soft,3,rental_vacancy_rate,0.1919191919191919,-0.048080808080808085
beta_institutional,25.0,ownership_cap_soft,3,annual_appreciation_g,0.0195084775522405,0.016752777110858652
beta_institutional,25.0,ownership_cap_hard,3,homeownership_rate,0.3118556701030928,-0.08561268432728697
beta_institutional,25.0,ownership_cap_hard,3,rental_vacancy_rate,0.17275747508305647,-0.06724252491694352
beta_institutional,25.0,ownership_cap_hard,3,annual_appreciation_g,8.161289951513773e-05,-0.00267408754186671
beta_institutional,25.0,purchase_tax,3,homeownership_rate,0.3333333333333333,-0.06413502109704644
beta_institutional,25.0,purchase_tax,3,rental_vacancy_rate,0.20860927152317882,-0.03139072847682117
beta_institutional,25.0,purchase_tax,3,annual_appreciation_g,0.0,-0.0027557004413818476
beta_institutional,25.0,vacancy_tax,3,homeownership_rate,0.38287153652392947,-0.014596817906450288
beta_institutional,25.0,vacancy_tax,3,rental_vacancy_rate,0.19718309859154928,-0.04281690140845071
beta_institutional,25.0,vacancy_tax,3,annual_appreciation_g,0.007699720329626958,0.00494401988824511
beta_institutional,25.0,portfolio_tax,3,homeownership_rate,0.39746835443037976,0.0
beta_institutional,25.0,portfolio_tax,3,rental_vacancy_rate,0.24,0.0
beta_institutional,25.0,portfolio_tax,3,annual_appreciation_g,0.0027557004413818476,0.0
beta_institutional,25.0,geographic,3,homeownership_rate,0.30179028132992325,-0.0956780731004565
beta_institutional,25.0,geographic,3,rental_vacancy_rate,0.17532467532467533,-0.06467532467532466
beta_institutional,25.0,geographic,3,annual_appreciation_g,-0.0013785378660003955,-0.004134238307382243
beta_institutional,25.0,baseline,4,homeownership_rate,0.3367088607594937,0.0
beta_institutional,25.0,baseline,4,rental_vacancy_rate,0.19218241042345277,0.0
beta_institutional,25.0,baseline,4,annual_appreciation_g,0.0013894437677739457,0.0
beta_institutional,25.0,waiting_period,4,homeownership_rate,0.4256410256410256,0.08893216488153194
beta_institutional,25.0,waiting_period,4,rental_vacancy_rate,0.18702290076335878,-0.005159509660093986
beta_institutional,25.0,waiting_period,4,annual_appreciation_g,-0.028345372874601593,-0.02973481664237554
beta_institutional,25.0,ownership_cap_soft,4,homeownership_rate,0.3687002652519894,0.03199140449249571
beta_institutional,25.0,ownership_cap_soft,4,rental_vacancy_rate,0.2049469964664311,0.012764586042978338
beta_institutional,25.0,ownership_cap_soft,4,annual_appreciation_g,-0.03,-0.031389443767773945
beta_institutional,25.0,ownership_cap_hard,4,homeownership_rate,0.3090909090909091,-0.027617951668584606
beta_institutional,25.0,ownership_cap_hard,4,rental_vacancy_rate,0.16612377850162866,-0.026058631921824116
beta_institutional,25.0,ownership_cap_hard,4,annual_appreciation_g,-0.03,-0.031389443767773945
beta_institutional,25.0,purchase_tax,4,homeownership_rate,0.3108108108108108,-0.02589804994868289
beta_institutional,25.0,purchase_tax,4,rental_vacancy_rate,0.19063545150501673,-0.0015469589184360366
beta_institutional,25.0,purchase_tax,4,annual_appreciation_g,0.0,-0.0013894437677739457
beta_institutional,25.0,vacancy_tax,4,homeownership_rate,0.345,0.008291139240506284
beta_institutional,25.0,vacancy_tax,4,rental_vacancy_rate,0.19865319865319866,0.006470788229745894
beta_institutional,25.0,vacancy_tax,4,annual_appreciation_g,0.00011468832265637552,-0.0012747554451175702
beta_institutional,25.0,portfolio_tax,4,homeownership_rate,0.3367088607594937,0.0
beta_institutional,25.0,portfolio_tax,4,rental_vacancy_rate,0.19218241042345277,0.0
beta_institutional,25.0,portfolio_tax,4,annual_appreciation_g,0.0013894437677739457,0.0
beta_institutional,25.0,geographic,4,homeownership_rate,0.3634020618556701,0.0266932010961764
beta_institutional,25.0,geographic,4,rental_vacancy_rate,0.2229965156794425,0.030814105255989738
beta_institutional,25.0,geographic,4,annual_appreciation_g,0.002201851257422227,0.0008124074896482814
beta_institutional,25.0,baseline,5,homeownership_rate,0.31443298969072164,0.0
beta_institutional,25.0,baseline,5,rental_vacancy_rate,0.22727272727272727,0.0
beta_institutional,25.0,baseline,5,annual_appreciation_g,0.04259594457521998,0.0
beta_institutional,25.0,waiting_period,5,homeownership_rate,0.38481675392670156,0.07038376423597992
beta_institutional,25.0,waiting_period,5,rental_vacancy_rate,0.26666666666666666,0.0393939393939394
beta_institutional,25.0,waiting_period,5,annual_appreciation_g,-0.03,-0.07259594457521998
beta_institutional,25.0,ownership_cap_soft,5,homeownership_rate,0.30606860158311344,-0.0083643881076082
beta_institutional,25.0,ownership_cap_soft,5,rental_vacancy_rate,0.2026578073089701,-0.02461491996375717
beta_institutional,25.0,ownership_cap_soft,5,annual_appreciation_g,0.00058566297048257,-0.04201028160473741
beta_institutional,25.0,ownership_cap_hard,5,homeownership_rate,0.32114882506527415,0.0067158353745525035
beta_institutional,25.0,ownership_cap_hard,5,rental_vacancy_rate,0.22112211221122113,-0.006150615061506132
beta_institutional,25.0,ownership_cap_hard,5,annual_appreciation_g,0.0,-0.04259594457521998
beta_institutional,25.0,purchase_tax,5,homeownership_rate,0.3020833333333333,-0.012349656357388328
beta_institutional,25.0,purchase_tax,5,rental_vacancy_rate,0.19281045751633988,-0.03446226975638739
beta_institutional,25.0,purchase_tax,5,annual_appreciation_g,0.0,-0.04259594457521998
beta_institutional,25.0,vacancy_tax,5,homeownership_rate,0.3015463917525773,-0.01288659793814434
beta_institutional,25.0,vacancy_tax,5,rental_vacancy_rate,0.2079207920792079,-0.019351935193519354
beta_institutional,25.0,vacancy_tax,5,annual_appreciation_g,-0.004175513448536505,-0.046771458023756485
beta_institutional,25.0,portfolio_tax,5,homeownership_rate,0.31443298969072164,0.0
beta_institutional,25.0,portfolio_tax,5,rental_vacancy_rate,0.22727272727272727,0.0
beta_institutional,25.0,portfolio_tax,5,annual_appreciation_g,0.04259594457521998,0.0
beta_institutional,25.0,geographic,5,homeownership_rate,0.3049095607235142,-0.009523428967207426
beta_institutional,25.0,geographic,5,rental_vacancy_rate,0.1955128205128205,-0.03175990675990675
beta_institutional,25.0,geographic,5,annual_appreciation_g,-0.0004945146159356373,-0.04309045919115562
beta_institutional,25.0,baseline,6,homeownership_rate,0.32558139534883723,0.0
beta_institutional,25.0,baseline,6,rental_vacancy_rate,0.14527027027027026,0.0
beta_institutional,25.0,baseline,6,annual_appreciation_g,-8.237126617849366e-05,0.0
beta_institutional,25.0,waiting_period,6,homeownership_rate,0.4103896103896104,0.08480821504077318
beta_institutional,25.0,waiting_period,6,rental_vacancy_rate,0.24632352941176472,0.10105325914149446
beta_institutional,25.0,waiting_period,6,annual_appreciation_g,-9.623613433706879e-05,-1.3864868158575128e-05
beta_institutional,25.0,ownership_cap_soft,6,homeownership_rate,0.30851063829787234,-0.01707075705096489
beta_institutional,25.0,ownership_cap_soft,6,rental_vacancy_rate,0.15286624203821655,0.007595971767946297
beta_institutional,25.0,ownership_cap_soft,6,annual_appreciation_g,0.0001564500945487879,0.00023882136072728155
beta_institutional,25.0,ownership_cap_hard,6,homeownership_rate,0.35732647814910024,0.031745082800263
beta_institutional,25.0,ownership_cap_hard,6,rental_vacancy_rate,0.16279069767441862,0.01752042740414836
beta_institutional,25.0,ownership_cap_hard,6,annual_appreciation_g,-0.01387475115178205,-0.013792379885603556
beta_institutional,25.0,purchase_tax,6,homeownership_rate,0.34190231362467866,0.016320918275841423
beta_institutional,25.0,purchase_tax,6,rental_vacancy_rate,0.14950166112956811,0.004231390859297857
beta_institutional,25.0,purchase_tax,6,annual_appreciation_g,-0.0015385960055792625,-0.0014562247394007688
beta_institutional,25.0,vacancy_tax,6,homeownership_rate,0.34545454545454546,0.019873150105708226
beta_institutional,25.0,vacancy_tax,6,rental_vacancy_rate,0.1737704918032787,0.028500221533008435
beta_institutional,25.0,vacancy_tax,6,annual_appreciation_g,-0.03,-0.029917628733821505
beta_institutional,25.0,portfolio_tax,6,homeownership_rate,0.32558139534883723,0.0
beta_institutional,25.0,portfolio_tax,6,rental_vacancy_rate,0.14527027027027026,0.0
beta_institutional,25.0,portfolio_tax,6,annual_appreciation_g,-8.237126617849366e-05,0.0
beta_institutional,25.0,geographic,6,homeownership_rate,0.34517766497461927,0.019596269625782037
beta_institutional,25.0,geographic,6,rental_vacancy_rate,0.1864406779661017,0.04117040769583144
beta_institutional,25.0,geographic,6,annual_appreciation_g,0.0,8.237126617849366e-05
beta_institutional,25.0,baseline,7,homeownership_rate,0.3160621761658031,0.0
beta_institutional,25.0,baseline,7,rental_vacancy_rate,0.16612377850162866,0.0
beta_institutional,25.0,baseline,7,annual_appreciation_g,-0.01429774735744771,0.0
beta_institutional,25.0,waiting_period,7,homeownership_rate,0.35732647814910024,0.041264301983297114
beta_institutional,25.0,waiting_period,7,rental_vacancy_rate,0.24161073825503357,0.07548695975340491
beta_institutional,25.0,waiting_period,7,annual_appreciation_g,0.01558763138794439,0.0298853787453921
beta_institutional,25.0,ownership_cap_soft,7,homeownership_rate,0.34574468085106386,0.029682504685260735
beta_institutional,25.0,ownership_cap_soft,7,rental_vacancy_rate,0.17708333333333334,0.010959554831704688
beta_institutional,25.0,ownership_cap_soft,7,annual_appreciation_g,0.05851882698501609,0.0728165743424638
beta_institutional,25.0,ownership_cap_hard,7,homeownership_rate,0.29658792650918636,-0.01947424965661676
beta_institutional,25.0,ownership_cap_hard,7,rental_vacancy_rate,0.1357615894039735,-0.030362189097655146
beta_institutional,25.0,ownership_cap_hard,7,annual_appreciation_g,0.0008313303705735908,0.0151290777280213
beta_institutional,25.0,purchase_tax,7,homeownership_rate,0.4030612244897959,0.0869990483239928
beta_institutional,25.0,purchase_tax,7,rental_vacancy_rate,0.16610169491525423,-2.208358637442731e-05
beta_institutional,25.0,purchase_tax,7,annual_appreciation_g,-0.03,-0.01570225264255229
beta_institutional,25.0,vacancy_tax,7,homeownership_rate,0.32020997375328086,0.004147797587477742
beta_institutional,25.0,vacancy_tax,7,rental_vacancy_rate,0.17857142857142858,0.01244765006979992
beta_institutional,25.0,vacancy_tax,7,annual_appreciation_g,-0.006185631627583232,0.008112115729864477
beta_institutional,25.0,portfolio_tax,7,homeownership_rate,0.3160621761658031,0.0
beta_institutional,25.0,portfolio_tax,7,rental_vacancy_rate,0.16612377850162866,0.0
beta_institutional,25.0,portfolio_tax,7,annual_appreciation_g,-0.01429774735744771,0.0
beta_institutional,25.0,geographic,7,homeownership_rate,0.356234096692112,0.04017192052630886
beta_institutional,25.0,geographic,7,rental_vacancy_rate,0.17049180327868851,0.004368024777059859
beta_institutional,25.0,geographic,7,annual_appreciation_g,0.00024222044948052357,0.014539967806928233
beta_institutional,25.0,baseline,8,homeownership_rate,0.362962962962963,0.0
beta_institutional,25.0,baseline,8,rental_vacancy_rate,0.14705882352941177,0.0
beta_institutional,25.0,baseline,8,annual_appreciation_g,0.018437951917724238,0.0
beta_institutional,25.0,waiting_period,8,homeownership_rate,0.3825,0.01953703703703702
beta_institutional,25.0,waiting_period,8,rental_vacancy_rate,0.20430107526881722,0.05724225173940545
beta_institutional,25.0,waiting_period,8,annual_appreciation_g,-0.00017706388368454729,-0.018615015801408785
beta_institutional,25.0,ownership_cap_soft,8,homeownership_rate,0.36049382716049383,-0.002469135802469158
beta_institutional,25.0,ownership_cap_soft,8,rental_vacancy_rate,0.1498371335504886,0.0027783100210768408
beta_institutional,25.0,ownership_cap_soft,8,annual_appreciation_g,0.015783791550741277,-0.0026541603669829605
beta_institutional,25.0,ownership_cap_hard,8,homeownership_rate,0.362962962962963,0.0
beta_institutional,25.0,ownership_cap_hard,8,rental_vacancy_rate,0.14705882352941177,0.0
beta_institutional,25.0,ownership_cap_hard,8,annual_appreciation_g,0.018437951917724238,0.0
beta_institutional,25.0,purchase_tax,8,homeownership_rate,0.32798165137614677,-0.03498131158681622
beta_institutional,25.0,purchase_tax,8,rental_vacancy_rate,0.16129032258064516,0.014231499051233387
beta_institutional,25.0,purchase_tax,8,annual_appreciation_g,0.0,-0.018437951917724238
beta_institutional,25.0,vacancy_tax,8,homeownership_rate,0.330749354005168,-0.032213608957795015
beta_institutional,25.0,vacancy_tax,8,rental_vacancy_rate,0.13245033112582782,-0.014608492403583945
beta_institutional,25.0,vacancy_tax,8,annual_appreciation_g,0.011296276270213568,-0.00714167564751067
beta_institutional,25.0,portfolio_tax,8,homeownership_rate,0.362962962962963,0.0
beta_institutional,25.0,portfolio_tax,8,rental_vacancy_rate,0.14705882352941177,0.0
beta_institutional,25.0,portfolio_tax,8,annual_appreciation_g,0.018437951917724238,0.0
beta_institutional,25.0,geographic,8,homeownership_rate,0.314070351758794,-0.04889261120416899
beta_institutional,25.0,geographic,8,rental_vacancy_rate,0.14465408805031446,-0.0024047354790973086
beta_institutional,25.0,geographic,8,annual_appreciation_g,0.0,-0.018437951917724238
beta_institutional,25.0,baseline,9,homeownership_rate,0.30413625304136255,0.0
beta_institutional,25.0,baseline,9,rental_vacancy_rate,0.14906832298136646,0.0
beta_institutional,25.0,baseline,9,annual_appreciation_g,-0.0006599925338328649,0.0
beta_institutional,25.0,waiting_period,9,homeownership_rate,0.40240963855421685,0.0982733855128543
beta_institutional,25.0,waiting_period,9,rental_vacancy_rate,0.22377622377622378,0.07470790079485731
beta_institutional,25.0,waiting_period,9,annual_appreciation_g,-0.005079514320319056,-0.004419521786486191
beta_institutional,25.0,ownership_cap_soft,9,homeownership_rate,0.3054187192118227,0.0012824661704601281
beta_institutional,25.0,ownership_cap_soft,9,rental_vacancy_rate,0.15141955835962145,0.00235123537825499
beta_institutional,25.0,ownership_cap_soft,9,annual_appreciation_g,0.010599707363106559,0.011259699896939424
beta_institutional,25.0,ownership_cap_hard,9,homeownership_rate,0.28773584905660377,-0.016400403984758782
beta_institutional,25.0,ownership_cap_hard,9,rental_vacancy_rate,0.1531791907514451,0.00411086777007863
beta_institutional,25.0,ownership_cap_hard,9,annual_appreciation_g,0.0,0.0006599925338328649
beta_institutional,25.0,purchase_tax,9,homeownership_rate,0.30632911392405066,0.002192860882688108
beta_institutional,25.0,purchase_tax,9,rental_vacancy_rate,0.12258064516129032,-0.026487677820076147
beta_institutional,25.0,purchase_tax,9,annual_appreciation_g,-0.02410458992300657,-0.023444597389173705
beta_institutional,25.0,vacancy_tax,9,homeownership_rate,0.32323232323232326,0.019096070190960712
beta_institutional,25.0,vacancy_tax,9,rental_vacancy_rate,0.15562913907284767,0.006560816091481209
beta_institutional,25.0,vacancy_tax,9,annual_appreciation_g,0.00044738407321909257,0.0011073766070519575
beta_institutional,25.0,portfolio_tax,9,homeownership_rate,0.30413625304136255,0.0
beta_institutional,25.0,portfolio_tax,9,rental_vacancy_rate,0.14906832298136646,0.0
beta_institutional,25.0,portfolio_tax,9,annual_appreciation_g,-0.0006599925338328649,0.0
beta_institutional,25.0,geographic,9,homeownership_rate,0.30808080808080807,0.003944555039445519
beta_institutional,25.0,geographic,9,rental_vacancy_rate,0.15605095541401273,0.0069826324326462685
beta_institutional,25.0,geographic,9,annual_appreciation_g,0.0,0.0006599925338328649
beta_institutional,50.0,baseline,0,homeownership_rate,0.3134715025906736,0.0
beta_institutional,50.0,baseline,0,rental_vacancy_rate,0.17049180327868851,0.0
beta_institutional,50.0,baseline,0,annual_appreciation_g,-0.0047294175691351414,0.0
beta_institutional,50.0,waiting_period,0,homeownership_rate,0.3969465648854962,0.0834750622948226
beta_institutional,50.0,waiting_period,0,rental_vacancy_rate,0.20905923344947736,0.03856743017078884
beta_institutional,50.0,waiting_period,0,annual_appreciation_g,-0.02870186595740354,-0.023972448388268397
beta_institutional,50.0,ownership_cap_soft,0,homeownership_rate,0.36387434554973824,0.050402842959064664
beta_institutional,50.0,ownership_cap_soft,0,rental_vacancy_rate,0.18333333333333332,0.012841530054644806
beta_institutional,50.0,ownership_cap_soft,0,annual_appreciation_g,0.0,0.0047294175691351414
beta_institutional,50.0,ownership_cap_hard,0,homeownership_rate,0.31536388140161725,0.0018923788109436734
beta_institutional,50.0,ownership_cap_hard,0,rental_vacancy_rate,0.2135593220338983,0.04306751875520978
beta_institutional,50.0,ownership_cap_hard,0,annual_appreciation_g,0.002446665896162159,0.0071760834652973005
beta_institutional,50.0,purchase_tax,0,homeownership_rate,0.3024390243902439,-0.011032478200429685
beta_institutional,50.0,purchase_tax,0,rental_vacancy_rate,0.17717717717717718,0.006685373898488667
beta_institutional,50.0,purchase_tax,0,annual_appreciation_g,0.0015589576917112158,0.006288375260846357
beta_institutional,50.0,vacancy_tax,0,homeownership_rate,0.31794871794871793,0.004477215358044351
beta_institutional,50.0,vacancy_tax,0,rental_vacancy_rate,0.20257234726688103,0.03208054398819252
beta_institutional,50.0,vacancy_tax,0,annual_appreciation_g,0.009898946466490255,0.014628364035625396
beta_institutional,50.0,portfolio_tax,0,homeownership_rate,0.3134715025906736,0.0
beta_institutional,50.0,portfolio_tax,0,rental_vacancy_rate,0.17049180327868851,0.0
beta_institutional,50.0,portfolio_tax,0,annual_appreciation_g,-0.0047294175691351414,0.0
beta_institutional,50.0,geographic,0,homeownership_rate,0.3070652173913043,-0.006406285199369255
beta_institutional,50.0,geographic,0,rental_vacancy_rate,0.16326530612244897,-0.0072264971562395475
beta_institutional,50.0,geographic,0,annual_appreciation_g,-0.02549019154960397,-0.020760773980468827
beta_institutional,50.0,baseline,1,homeownership_rate,0.3092269326683292,0.0
beta_institutional,50.0,baseline,1,rental_vacancy_rate,0.21580547112462006,0.0
beta_institutional,50.0,baseline,1,annual_appreciation_g,-0.03,0.0
beta_institutional,50.0,waiting_period,1,homeownership_rate,0.3827751196172249,0.0735481869488957
beta_institutional,50.0,waiting_period,1,rental_vacancy_rate,0.2633333333333333,0.047527862208713245
beta_institutional,50.0,waiting_period,1,annual_appreciation_g,0.0,0.03
beta_institutional,50.0,ownership_cap_soft,1,homeownership_rate,0.3161953727506427,0.0069684400823135095
beta_institutional,50.0,ownership_cap_soft,1,rental_vacancy_rate,0.21241830065359477,-0.003387170471025297
beta_institutional,50.0,ownership_cap_soft,1,annual_appreciation_g,0.0,0.03
beta_institutional,50.0,ownership_cap_hard,1,homeownership_rate,0.33762886597938147,0.028401933311052285
beta_institutional,50.0,ownership_cap_hard,1,rental_vacancy_rate,0.23624595469255663,0.020440483567936568
beta_institutional,50.0,ownership_cap_hard,1,annual_appreciation_g,0.0,0.03
beta_institutional,50.0,purchase_tax,1,homeownership_rate,0.29198966408268734,-0.01723726858564184
beta_institutional,50.0,purchase_tax,1,rental_vacancy_rate,0.1987179487179487,-0.017087522406671357
beta_institutional,50.0,purchase_tax,1,annual_appreciation_g,-0.029801852261024053,0.00019814773897594562
beta_institutional,50.0,vacancy_tax,1,homeownership_rate,0.3092269326683292,0.0
beta_institutional,50.0,vacancy_tax,1,rental_vacancy_rate,0.21580547112462006,0.0
beta_institutional,50.0,vacancy_tax,1,annual_appreciation_g,-0.03,0.0
beta_institutional,50.0,portfolio_tax,1,homeownership_rate,0.3092269326683292,0.0
beta_institutional,50.0,portfolio_tax,1,rental_vacancy_rate,0.21580547112462006,0.0
beta_institutional,50.0,portfolio_tax,1,annual_appreciation_g,-0.03,0.0
beta_institutional,50.0,geographic,1,homeownership_rate,0.3177083333333333,0.008481400665004135
beta_institutional,50.0,geographic,1,rental_vacancy_rate,0.21262458471760798,-0.0031808864070120846
beta_institutional,50.0,geographic,1,annual_appreciation_g,-0.03,0.0
beta_institutional,50.0,baseline,2,homeownership_rate,0.336734693877551,0.0
beta_institutional,50.0,baseline,2,rental_vacancy_rate,0.22442244224422442,0.0
beta_institutional,50.0,baseline,2,annual_appreciation_g,0.0,0.0
beta_institutional,50.0,waiting_period,2,homeownership_rate,0.41624365482233505,0.07950896094478405
beta_institutional,50.0,waiting_period,2,rental_vacancy_rate,0.2600732600732601,0.035650817829035675
beta_institutional,50.0,waiting_period,2,annual_appreciation_g,-0.001258940179967083,-0.001258940179967083
beta_institutional,50.0,ownership_cap_soft,2,homeownership_rate,0.32107843137254904,-0.01565626250500196
beta_institutional,50.0,ownership_cap_soft,2,rental_vacancy_rate,0.1786833855799373,-0.045739056664287125
beta_institutional,50.0,ownership_cap_soft,2,annual_appreciation_g,-0.0004562222855062359,-0.0004562222855062359
beta_institutional,50.0,ownership_cap_hard,2,homeownership_rate,0.30637254901960786,-0.03036214485794314
beta_institutional,50.0,ownership_cap_hard,2,rental_vacancy_rate,0.19435736677115986,-0.030065075473064556
beta_institutional,50.0,ownership_cap_hard,2,annual_appreciation_g,0.0,0.0
beta_institutional,50.0,purchase_tax,2,homeownership_rate,0.3005181347150259,-0.036216559162525086
beta_institutional,50.0,purchase_tax,2,rental_vacancy_rate,0.15112540192926044,-0.07329704031496398
beta_institutional,50.0,purchase_tax,2,annual_appreciation_g,-0.01478890005418887,-0.01478890005418887
beta_institutional,50.0,vacancy_tax,2,homeownership_rate,0.31784841075794623,-0.018886283119604774
beta_institutional,50.0,vacancy_tax,2,rental_vacancy_rate,0.19875776397515527,-0.025664678269069152
beta_institutional,50.0,vacancy_tax,2,annual_appreciation_g,0.002520339388589532,0.002520339388589532
beta_institutional,50.0,portfolio_tax,2,homeownership_rate,0.336734693877551,0.0
beta_institutional,50.0,portfolio_tax,2,rental_vacancy_rate,0.22442244224422442,0.0
beta_institutional,50.0,portfolio_tax,2,annual_appreciation_g,0.0,0.0
beta_institutional,50.0,geographic,2,homeownership_rate,0.3220779220779221,-0.014656771799628932
beta_institutional,50.0,geographic,2,rental_vacancy_rate,0.12861736334405144,-0.09580507890017298
beta_institutional,50.0,geographic,2,annual_appreciation_g,-0.012412364282959887,-0.012412364282959887
beta_institutional,50.0,baseline,3,homeownership_rate,0.3275862068965517,0.0
beta_institutional,50.0,baseline,3,rental_vacancy_rate,0.19741100323624594,0.0
beta_institutional,50.0,baseline,3,annual_appreciation_g,0.0,0.0
beta_institutional,50.0,waiting_period,3,homeownership_rate,0.4338235294117647,0.106237322515213
beta_institutional,50.0,waiting_period,3,rental_vacancy_rate,0.2528301886792453,0.05541918544299934
beta_institutional,50.0,waiting_period,3,annual_appreciation_g,0.0020753452680546403,0.0020753452680546403
beta_institutional,50.0,ownership_cap_soft,3,homeownership_rate,0.33248081841432225,0.004894611517770542
beta_institutional,50.0,ownership_cap_soft,3,rental_vacancy_rate,0.21262458471760798,0.015213581481362037
beta_institutional,50.0,ownership_cap_soft,3,annual_appreciation_g,0.06875079162237419,0.06875079162237419
beta_institutional,50.0,ownership_cap_hard,3,homeownership_rate,0.30971128608923887,-0.017874920807312844
beta_institutional,50.0,ownership_cap_hard,3,rental_vacancy_rate,0.18305084745762712,-0.014360155778618822
beta_institutional,50.0,ownership_cap_hard,3,annual_appreciation_g,0.00020553569810632943,0.00020553569810632943
beta_institutional,50.0,purchase_tax,3,homeownership_rate,0.3462532299741602,0.01866702307760848
beta_institutional,50.0,purchase_tax,3,rental_vacancy_rate,0.19269102990033224,-0.004719973335913702
beta_institutional,50.0,purchase_tax,3,annual_appreciation_g,0.0008726338625226759,0.0008726338625226759
beta_institutional,50.0,vacancy_tax,3,homeownership_rate,0.3282051282051282,0.0006189213085764922
beta_institutional,50.0,vacancy_tax,3,rental_vacancy_rate,0.1705685618729097,-0.026842441363336245
beta_institutional,50.0,vacancy_tax,3,annual_appreciation_g,0.0034772970166885298,0.0034772970166885298
beta_institutional,50.0,portfolio_tax,3,homeownership_rate,0.3275862068965517,0.0
beta_institutional,50.0,portfolio_tax,3,rental_vacancy_rate,0.19741100323624594,0.0
beta_institutional,50.0,portfolio_tax,3,annual_appreciation_g,0.0,0.0
beta_institutional,50.0,geographic,3,homeownership_rate,0.30179028132992325,-0.025795925566628464
beta_institutional,50.0,geographic,3,rental_vacancy_rate,0.17532467532467533,-0.022086327911570613
beta_institutional,50.0,geographic,3,annual_appreciation_g,-0.0013785378660003955,-0.0013785378660003955
beta_institutional,50.0,baseline,4,homeownership_rate,0.309462915601023,0.0
beta_institutional,50.0,baseline,4,rental_vacancy_rate,0.1895424836601307,0.0
beta_institutional,50.0,baseline,4,annual_appreciation_g,-0.002149836627637569,0.0
beta_institutional,50.0,waiting_period,4,homeownership_rate,0.39949748743718594,0.09003457183616292
beta_institutional,50.0,waiting_period,4,rental_vacancy_rate,0.2,0.0104575163398693
beta_institutional,50.0,waiting_period,4,annual_appreciation_g,0.0013744637964312467,0.003524300424068816
beta_institutional,50.0,ownership_cap_soft,4,homeownership_rate,0.30423940149625933,-0.005223514104763682
beta_institutional,50.0,ownership_cap_soft,4,rental_vacancy_rate,0.19254658385093168,0.003004100190800968
beta_institutional,50.0,ownership_cap_soft,4,annual_appreciation_g,-0.024708359011575087,-0.022558522383937518
beta_institutional,50.0,ownership_cap_hard,4,homeownership_rate,0.3005181347150259,-0.008944780885997095
beta_institutional,50.0,ownership_cap_hard,4,rental_vacancy_rate,0.16831683168316833,-0.021225651976962384
beta_institutional,50.0,ownership_cap_hard,4,annual_appreciation_g,0.0479958502676916,0.05014568689532917
beta_institutional,50.0,purchase_tax,4,homeownership_rate,0.29591836734693877,-0.013544548254084243
beta_institutional,50.0,purchase_tax,4,rental_vacancy_rate,0.15723270440251572,-0.032309779257614996
beta_institutional,50.0,purchase_tax,4,annual_appreciation_g,-0.00046509639362446453,0.0016847402340131046
beta_institutional,50.0,vacancy_tax,4,homeownership_rate,0.309462915601023,0.0
beta_institutional,50.0,vacancy_tax,4,rental_vacancy_rate,0.1895424836601307,0.0
beta_institutional,50.0,vacancy_tax,4,annual_appreciation_g,-0.002149836627637569,0.0
beta_institutional,50.0,portfolio_tax,4,homeownership_rate,0.309462915601023,0.0
beta_institutional,50.0,portfolio_tax,4,rental_vacancy_rate,0.1895424836601307,0.0
beta_institutional,50.0,portfolio_tax,4,annual_appreciation_g,-0.002149836627637569,0.0
beta_institutional,50.0,geographic,4,homeownership_rate,0.3634020618556701,0.053939146254647075
beta_institutional,50.0,geographic,4,rental_vacancy_rate,0.2229965156794425,0.0334540320193118
beta_institutional,50.0,geographic,4,annual_appreciation_g,0.002201851257422227,0.004351687885059796
beta_institutional,50.0,baseline,5,homeownership_rate,0.31683168316831684,0.0
beta_institutional,50.0,baseline,5,rental_vacancy_rate,0.22327044025157233,0.0
beta_institutional,50.0,baseline,5,annual_appreciation_g,-0.00048378826146566745,0.0
beta_institutional,50.0,waiting_period,5,homeownership_rate,0.3803191489361702,0.06348746576785336
beta_institutional,50.0,waiting_period,5,rental_vacancy_rate,0.27205882352941174,0.04878838327783941
beta_institutional,50.0,waiting_period,5,annual_appreciation_g,-0.0014984033774013694,-0.001014615115935702
beta_institutional,50.0,ownership_cap_soft,5,homeownership_rate,0.3195121951219512,0.00268051195363439
beta_institutional,50.0,ownership_cap_soft,5,rental_vacancy_rate,0.19578313253012047,-0.02748730772145186
beta_institutional,50.0,ownership_cap_soft,5,annual_appreciation_g,1.2417524510643929e-05,0.0004962057859763114
beta_institutional,50.0,ownership_cap_hard,5,homeownership_rate,0.3135802469135803,-0.0032514362547365616
beta_institutional,50.0,ownership_cap_hard,5,rental_vacancy_rate,0.18789808917197454,-0.0353723510795978
beta_institutional,50.0,ownership_cap_hard,5,annual_appreciation_g,0.00042958979736451575,0.0009133780588301832
beta_institutional,50.0,purchase_tax,5,homeownership_rate,0.33665835411471323,0.019826670946396396
beta_institutional,50.0,purchase_tax,5,rental_vacancy_rate,0.21035598705501618,-0.012914453196556153
beta_institutional,50.0,purchase_tax,5,annual_appreciation_g,0.003750000000000364,0.004233788261466032
beta_institutional,50.0,vacancy_tax,5,homeownership_rate,0.3160493827160494,-0.0007823004522674593
beta_institutional,50.0,vacancy_tax,5,rental_vacancy_rate,0.22397476340694006,0.0007043231553677254
beta_institutional,50.0,vacancy_tax,5,annual_appreciation_g,-0.00048378826146566745,0.0
beta_institutional,50.0,portfolio_tax,5,homeownership_rate,0.31683168316831684,0.0
beta_institutional,50.0,portfolio_tax,5,rental_vacancy_rate,0.22327044025157233,0.0
beta_institutional,50.0,portfolio_tax,5,annual_appreciation_g,-0.00048378826146566745,0.0
beta_institutional,50.0,geographic,5,homeownership_rate,0.3049095607235142,-0.011922122444802619
beta_institutional,50.0,geographic,5,rental_vacancy_rate,0.1955128205128205,-0.02775761973875182
beta_institutional,50.0,geographic,5,annual_appreciation_g,-0.0004945146159356373,-1.0726354469969834e-05
beta_institutional,50.0,baseline,6,homeownership_rate,0.3176178660049628,0.0
beta_institutional,50.0,baseline,6,rental_vacancy_rate,0.1779935275080906,0.0
beta_institutional,50.0,baseline,6,annual_appreciation_g,-0.0005817844531388339,0.0
beta_institutional,50.0,waiting_period,6,homeownership_rate,0.37037037037037035,0.05275250436540757
beta_institutional,50.0,waiting_period,6,rental_vacancy_rate,0.20532319391634982,0.027329666408259207
beta_institutional,50.0,waiting_period,6,annual_appreciation_g,0.0019640701756149515,0.0025458546287537853
beta_institutional,50.0,ownership_cap_soft,6,homeownership_rate,0.329923273657289,0.012305407652326239
beta_institutional,50.0,ownership_cap_soft,6,rental_vacancy_rate,0.14814814814814814,-0.02984537935994247
beta_institutional,50.0,ownership_cap_soft,6,annual_appreciation_g,-0.015194099088141066,-0.014612314635002233
beta_institutional,50.0,ownership_cap_hard,6,homeownership_rate,0.30848329048843187,-0.009134575516530907
beta_institutional,50.0,ownership_cap_hard,6,rental_vacancy_rate,0.1617161716171617,-0.016277355890928907
beta_institutional,50.0,ownership_cap_hard,6,annual_appreciation_g,-0.022180771955118694,-0.02159898750197986
beta_institutional,50.0,purchase_tax,6,homeownership_rate,0.30310880829015546,-0.014509057714807316
beta_institutional,50.0,purchase_tax,6,rental_vacancy_rate,0.1551155115511551,-0.022878015956935505
beta_institutional,50.0,purchase_tax,6,annual_appreciation_g,0.05660454205638987,0.05718632650952871
beta_institutional,50.0,vacancy_tax,6,homeownership_rate,0.3176178660049628,0.0
beta_institutional,50.0,vacancy_tax,6,rental_vacancy_rate,0.1779935275080906,0.0
beta_institutional,50.0,vacancy_tax,6,annual_appreciation_g,-0.0005817844531388339,0.0
beta_institutional,50.0,portfolio_tax,6,homeownership_rate,0.3176178660049628,0.0
beta_institutional,50.0,portfolio_tax,6,rental_vacancy_rate,0.1779935275080906,0.0
beta_institutional,50.0,portfolio_tax,6,annual_appreciation_g,-0.0005817844531388339,0.0
beta_institutional,50.0,geographic,6,homeownership_rate,0.34517766497461927,0.02755979896965649
beta_institutional,50.0,geographic,6,rental_vacancy_rate,0.1864406779661017,0.008447150458011088
beta_institutional,50.0,geographic,6,annual_appreciation_g,0.0,0.0005817844531388339
beta_institutional,50.0,baseline,7,homeownership_rate,0.3248081841432225,0.0
beta_institutional,50.0,baseline,7,rental_vacancy_rate,0.18831168831168832,0.0
beta_institutional,50.0,baseline,7,annual_appreciation_g,4.8510112003352646e-05,0.0
beta_institutional,50.0,waiting_period,7,homeownership_rate,0.4140625,0.08925431585677751
beta_institutional,50.0,waiting_period,7,rental_vacancy_rate,0.2730627306273063,0.08475104231561797
beta_institutional,50.0,waiting_period,7,annual_appreciation_g,-0.020074213378705963,-0.020122723490709316
beta_institutional,50.0,ownership_cap_soft,7,homeownership_rate,0.3230769230769231,-0.0017312610662993944
beta_institutional,50.0,ownership_cap_soft,7,rental_vacancy_rate,0.1893687707641196,0.0010570824524312739
beta_institutional,50.0,ownership_cap_soft,7,annual_appreciation_g,0.0,-4.8510112003352646e-05
beta_institutional,50.0,ownership_cap_hard,7,homeownership_rate,0.31218274111675126,-0.012625443026471228
beta_institutional,50.0,ownership_cap_hard,7,rental_vacancy_rate,0.18566775244299674,-0.002643935868691577
beta_institutional,50.0,ownership_cap_hard,7,annual_appreciation_g,0.0,-4.8510112003352646e-05
beta_institutional,50.0,purchase_tax,7,homeownership_rate,0.34065934065934067,0.01585115651611818
beta_institutional,50.0,purchase_tax,7,rental_vacancy_rate,0.16494845360824742,-0.0233632347034409
beta_institutional,50.0,purchase_tax,7,annual_appreciation_g,0.003665670058346393,0.0036171599463430404
beta_institutional,50.0,vacancy_tax,7,homeownership_rate,0.3248081841432225,0.0
beta_institutional,50.0,vacancy_tax,7,rental_vacancy_rate,0.18831168831168832,0.0
beta_institutional,50.0,vacancy_tax,7,annual_appreciation_g,4.8510112003352646e-05,0.0
beta_institutional,50.0,portfolio_tax,7,homeownership_rate,0.3248081841432225,0.0
beta_institutional,50.0,portfolio_tax,7,rental_vacancy_rate,0.18831168831168832,0.0
beta_institutional,50.0,portfolio_tax,7,annual_appreciation_g,4.8510112003352646e-05,0.0
beta_institutional,50.0,geographic,7,homeownership_rate,0.356234096692112,0.03142591254888949
beta_institutional,50.0,geographic,7,rental_vacancy_rate,0.17049180327868851,-0.017819885032999805
beta_institutional,50.0,geographic,7,annual_appreciation_g,0.00024222044948052357,0.00019371033747717092
beta_institutional,50.0,baseline,8,homeownership_rate,0.32275132275132273,0.0
beta_institutional,50.0,baseline,8,rental_vacancy_rate,0.16326530612244897,0.0
beta_institutional,50.0,baseline,8,annual_appreciation_g,-0.001568426204705542,0.0
beta_institutional,50.0,waiting_period,8,homeownership_rate,0.3640897755610973,0.04133845280977455
beta_institutional,50.0,waiting_period,8,rental_vacancy_rate,0.18411552346570398,0.020850217343255012
beta_institutional,50.0,waiting_period,8,annual_appreciation_g,-0.0032657751567799487,-0.0016973489520744067
beta_institutional,50.0,ownership_cap_soft,8,homeownership_rate,0.3246753246753247,0.001924001924001939
beta_institutional,50.0,ownership_cap_soft,8,rental_vacancy_rate,0.16333333333333333,6.802721088436381e-05
beta_institutional,50.0,ownership_cap_soft,8,annual_appreciation_g,-0.0013084077809218941,0.0002600184237836478
beta_institutional,50.0,ownership_cap_hard,8,homeownership_rate,0.324468085106383,0.0017167623550602418
beta_institutional,50.0,ownership_cap_hard,8,rental_vacancy_rate,0.17346938775510204,0.010204081632653073
beta_institutional,50.0,ownership_cap_hard,8,annual_appreciation_g,-0.0013950805888498508,0.0001733456158556912
beta_institutional,50.0,purchase_tax,8,homeownership_rate,0.29925187032418954,-0.023499452427133194
beta_institutional,50.0,purchase_tax,8,rental_vacancy_rate,0.14457831325301204,-0.018686992869436925
beta_institutional,50.0,purchase_tax,8,annual_appreciation_g,0.0,0.001568426204705542
beta_institutional,50.0,vacancy_tax,8,homeownership_rate,0.344559585492228,0.02180826274090525
beta_institutional,50.0,vacancy_tax,8,rental_vacancy_rate,0.14285714285714285,-0.020408163265306117
beta_institutional,50.0,vacancy_tax,8,annual_appreciation_g,0.008156783438667103,0.009725209643372645
beta_institutional,50.0,portfolio_tax,8,homeownership_rate,0.32275132275132273,0.0
beta_institutional,50.0,portfolio_tax,8,rental_vacancy_rate,0.16326530612244897,0.0
beta_institutional,50.0,portfolio_tax,8,annual_appreciation_g,-0.001568426204705542,0.0
beta_institutional,50.0,geographic,8,homeownership_rate,0.314070351758794,-0.008680970992528736
beta_institutional,50.0,geographic,8,rental_vacancy_rate,0.14465408805031446,-0.018611218072134506
beta_institutional,50.0,geographic,8,annual_appreciation_g,0.0,0.001568426204705542
beta_institutional,50.0,baseline,9,homeownership_rate,0.3195121951219512,0.0
beta_institutional,50.0,baseline,9,rental_vacancy_rate,0.16718266253869968,0.0
beta_institutional,50.0,baseline,9,annual_appreciation_g,0.0,0.0
beta_institutional,50.0,waiting_period,9,homeownership_rate,0.3940149625935162,0.07450276747156498
beta_institutional,50.0,waiting_period,9,rental_vacancy_rate,0.23809523809523808,0.0709125755565384
beta_institutional,50.0,waiting_period,9,annual_appreciation_g,-0.014839957837050943,-0.014839957837050943
beta_institutional,50.0,ownership_cap_soft,9,homeownership_rate,0.31265508684863524,-0.006857108273315982
beta_institutional,50.0,ownership_cap_soft,9,rental_vacancy_rate,0.17142857142857143,0.004245908889871752
beta_institutional,50.0,ownership_cap_soft,9,annual_appreciation_g,0.0,0.0
beta_institutional,50.0,ownership_cap_hard,9,homeownership_rate,0.3178294573643411,-0.001682737757610131
beta_institutional,50.0,ownership_cap_hard,9,rental_vacancy_rate,0.17567567567567569,0.008493013136976008
beta_institutional,50.0,ownership_cap_hard,9,annual_appreciation_g,5.104843884651267e-05,5.104843884651267e-05
beta_institutional,50.0,purchase_tax,9,homeownership_rate,0.2997658079625293,-0.019746387159421952
beta_institutional,50.0,purchase_tax,9,rental_vacancy_rate,0.17201166180758018,0.004828999268880502
beta_institutional,50.0,purchase_tax,9,annual_appreciation_g,0.0,0.0
beta_institutional,50.0,vacancy_tax,9,homeownership_rate,0.3202933985330073,0.0007812034110560861
beta_institutional,50.0,vacancy_tax,9,rental_vacancy_rate,0.16666666666666666,-0.0005159958720330204
beta_institutional,50.0,vacancy_tax,9,annual_appreciation_g,-0.005511839294965792,-0.005511839294965792
beta_institutional,50.0,portfolio_tax,9,homeownership_rate,0.3195121951219512,0.0
beta_institutional,50.0,portfolio_tax,9,rental_vacancy_rate,0.16718266253869968,0.0
beta_institutional,50.0,portfolio_tax,9,annual_appreciation_g,0.0,0.0
beta_institutional,50.0,geographic,9,homeownership_rate,0.30808080808080807,-0.01143138704114316
beta_institutional,50.0,geographic,9,rental_vacancy_rate,0.15605095541401273,-0.011131707124686946
beta_institutional,50.0,geographic,9,annual_appreciation_g,0.0,0.0
beta_institutional,75.0,baseline,0,homeownership_rate,0.3134715025906736,0.0
beta_institutional,75.0,baseline,0,rental_vacancy_rate,0.17049180327868851,0.0
beta_institutional,75.0,baseline,0,annual_appreciation_g,-0.0047294175691351414,0.0
beta_institutional,75.0,waiting_period,0,homeownership_rate,0.37220843672456577,0.058736934133892194
beta_institutional,75.0,waiting_period,0,rental_vacancy_rate,0.24014336917562723,0.06965156589693872
beta_institutional,75.0,waiting_period,0,annual_appreciation_g,0.010041537241509912,0.014770954810645054
beta_institutional,75.0,ownership_cap_soft,0,homeownership_rate,0.36387434554973824,0.050402842959064664
beta_institutional,75.0,ownership_cap_soft,0,rental_vacancy_rate,0.18333333333333332,0.012841530054644806
beta_institutional,75.0,ownership_cap_soft,0,annual_appreciation_g,0.0,0.0047294175691351414
beta_institutional,75.0,ownership_cap_hard,0,homeownership_rate,0.31536388140161725,0.0018923788109436734
beta_institutional,75.0,ownership_cap_hard,0,rental_vacancy_rate,0.2135593220338983,0.04306751875520978
beta_institutional,75.0,ownership_cap_hard,0,annual_appreciation_g,0.002446665896162159,0.0071760834652973005
beta_institutional,75.0,purchase_tax,0,homeownership_rate,0.30446194225721784,-0.009009560333455735
beta_institutional,75.0,purchase_tax,0,rental_vacancy_rate,0.16293929712460065,-0.007552506154087868
beta_institutional,75.0,purchase_tax,0,annual_appreciation_g,0.02733471115674413,0.03206412872587927
beta_institutional,75.0,vacancy_tax,0,homeownership_rate,0.306282722513089,-0.007188780077584556
beta_institutional,75.0,vacancy_tax,0,rental_vacancy_rate,0.16887417218543047,-0.0016176310932580484
beta_institutional,75.0,vacancy_tax,0,annual_appreciation_g,0.0028070591283615443,0.007536476697496686
beta_institutional,75.0,portfolio_tax,0,homeownership_rate,0.3134715025906736,0.0
beta_institutional,75.0,portfolio_tax,0,rental_vacancy_rate,0.17049180327868851,0.0
beta_institutional,75.0,portfolio_tax,0,annual_appreciation_g,-0.0047294175691351414,0.0
beta_institutional,75.0,geographic,0,homeownership_rate,0.3070652173913043,-0.006406285199369255
beta_institutional,75.0,geographic,0,rental_vacancy_rate,0.16326530612244897,-0.0072264971562395475
beta_institutional,75.0,geographic,0,annual_appreciation_g,-0.02549019154960397,-0.020760773980468827
beta_institutional,75.0,baseline,1,homeownership_rate,0.27900552486187846,0.0
beta_institutional,75.0,baseline,1,rental_vacancy_rate,0.1912751677852349,0.0
beta_institutional,75.0,baseline,1,annual_appreciation_g,0.0,0.0
beta_institutional,75.0,waiting_period,1,homeownership_rate,0.3795620437956204,0.10055651893374196
beta_institutional,75.0,waiting_period,1,rental_vacancy_rate,0.2901023890784983,0.09882722129326338
beta_institutional,75.0,waiting_period,1,annual_appreciation_g,0.008105648927587694,0.008105648927587694
beta_institutional,75.0,ownership_cap_soft,1,homeownership_rate,0.28337874659400547,0.004373221732127008
beta_institutional,75.0,ownership_cap_soft,1,rental_vacancy_rate,0.19269102990033224,0.0014158621150973383
beta_institutional,75.0,ownership_cap_soft,1,annual_appreciation_g,-0.00682382133995052,-0.00682382133995052
beta_institutional,75.0,ownership_cap_hard,1,homeownership_rate,0.2786885245901639,-0.0003170002717145515
beta_institutional,75.0,ownership_cap_hard,1,rental_vacancy_rate,0.19,-0.0012751677852348986
beta_institutional,75.0,ownership_cap_hard,1,annual_appreciation_g,0.0,0.0
beta_institutional,75.0,purchase_tax,1,homeownership_rate,0.32061068702290074,0.04160516216102228
beta_institutional,75.0,purchase_tax,1,rental_vacancy_rate,0.24213836477987422,0.050863196994639315
beta_institutional,75.0,purchase_tax,1,annual_appreciation_g,0.0,0.0
beta_institutional,75.0,vacancy_tax,1,homeownership_rate,0.27900552486187846,0.0
beta_institutional,75.0,vacancy_tax,1,rental_vacancy_rate,0.1912751677852349,0.0
beta_institutional,75.0,vacancy_tax,1,annual_appreciation_g,0.0,0.0
beta_institutional,75.0,portfolio_tax,1,homeownership_rate,0.27900552486187846,0.0
beta_institutional,75.0,portfolio_tax,1,rental_vacancy_rate,0.1912751677852349,0.0
beta_institutional,75.0,portfolio_tax,1,annual_appreciation_g,0.0,0.0
beta_institutional,75.0,geographic,1,homeownership_rate,0.3177083333333333,0.03870280847145485
beta_institutional,75.0,geographic,1,rental_vacancy_rate,0.21262458471760798,0.021349416932373078
beta_institutional,75.0,geographic,1,annual_appreciation_g,-0.03,-0.03
beta_institutional,75.0,baseline,2,homeownership_rate,0.336734693877551,0.0
beta_institutional,75.0,baseline,2,rental_vacancy_rate,0.22442244224422442,0.0
beta_institutional,75.0,baseline,2,annual_appreciation_g,0.0,0.0
beta_institutional,75.0,waiting_period,2,homeownership_rate,0.3953488372093023,0.0586141433317513
beta_institutional,75.0,waiting_period,2,rental_vacancy_rate,0.23636363636363636,0.01194119411941194
beta_institutional,75.0,waiting_period,2,annual_appreciation_g,-0.0006300787970417998,-0.0006300787970417998
beta_institutional,75.0,ownership_cap_soft,2,homeownership_rate,0.3284671532846715,-0.008267540592879485
beta_institutional,75.0,ownership_cap_soft,2,rental_vacancy_rate,0.20249221183800623,-0.021930230406218193
beta_institutional,75.0,ownership_cap_soft,2,annual_appreciation_g,-0.0007726476530093285,-0.0007726476530093285
beta_institutional,75.0,ownership_cap_hard,2,homeownership_rate,0.337468982630273,0.0007342887527219677
beta_institutional,75.0,ownership_cap_hard,2,rental_vacancy_rate,0.22364217252396165,-0.0007802697202627662
beta_institutional,75.0,ownership_cap_hard,2,annual_appreciation_g,-0.001118975868984351,-0.001118975868984351
beta_institutional,75.0,purchase_tax,2,homeownership_rate,0.29797979797979796,-0.03875489589775305
beta_institutional,75.0,purchase_tax,2,rental_vacancy_rate,0.2070063694267516,-0.017416072817472816
beta_institutional,75.0,purchase_tax,2,annual_appreciation_g,0.0,0.0
beta_institutional,75.0,vacancy_tax,2,homeownership_rate,0.3231552162849873,-0.013579477592563727
beta_institutional,75.0,vacancy_tax,2,rental_vacancy_rate,0.22508038585209003,0.0006579436078656131
beta_institutional,75.0,vacancy_tax,2,annual_appreciation_g,0.0,0.0
beta_institutional,75.0,portfolio_tax,2,homeownership_rate,0.336734693877551,0.0
beta_institutional,75.0,portfolio_tax,2,rental_vacancy_rate,0.22442244224422442,0.0
beta_institutional,75.0,portfolio_tax,2,annual_appreciation_g,0.0,0.0
beta_institutional,75.0,geographic,2,homeownership_rate,0.3220779220779221,-0.014656771799628932
beta_institutional,75.0,geographic,2,rental_vacancy_rate,0.12861736334405144,-0.09580507890017298
beta_institutional,75.0,geographic,2,annual_appreciation_g,-0.012412364282959887,-0.012412364282959887
beta_institutional,75.0,baseline,3,homeownership_rate,0.3275862068965517,0.0
beta_institutional,75.0,baseline,3,rental_vacancy_rate,0.19741100323624594,0.0
beta_institutional,75.0,baseline,3,annual_appreciation_g,0.0,0.0
beta_institutional,75.0,waiting_period,3,homeownership_rate,0.46153846153846156,0.13395225464190985
beta_institutional,75.0,waiting_period,3,rental_vacancy_rate,0.31496062992125984,0.1175496266850139
beta_institutional,75.0,waiting_period,3,annual_appreciation_g,0.005350362904881001,0.005350362904881001
beta_institutional,75.0,ownership_cap_soft,3,homeownership_rate,0.33248081841432225,0.004894611517770542
beta_institutional,75.0,ownership_cap_soft,3,rental_vacancy_rate,0.21262458471760798,0.015213581481362037
beta_institutional,75.0,ownership_cap_soft,3,annual_appreciation_g,0.06875079162237419,0.06875079162237419
beta_institutional,75.0,ownership_cap_hard,3,homeownership_rate,0.32923832923832924,0.0016521223417775288
beta_institutional,75.0,ownership_cap_hard,3,rental_vacancy_rate,0.2098360655737705,0.01242506233752455
beta_institutional,75.0,ownership_cap_hard,3,annual_appreciation_g,1.2122965013849907e-05,1.2122965013849907e-05
beta_institutional,75.0,purchase_tax,3,homeownership_rate,0.3422459893048128,0.014659782408261102
beta_institutional,75.0,purchase_tax,3,rental_vacancy_rate,0.1879432624113475,-0.00946774082489843
beta_institutional,75.0,purchase_tax,3,annual_appreciation_g,0.0,0.0
beta_institutional,75.0,vacancy_tax,3,homeownership_rate,0.34536082474226804,0.017774617845716323
beta_institutional,75.0,vacancy_tax,3,rental_vacancy_rate,0.18855218855218855,-0.008858814684057387
beta_institutional,75.0,vacancy_tax,3,annual_appreciation_g,0.004132646782233573,0.004132646782233573
beta_institutional,75.0,portfolio_tax,3,homeownership_rate,0.3275862068965517,0.0
beta_institutional,75.0,portfolio_tax,3,rental_vacancy_rate,0.19741100323624594,0.0
beta_institutional,75.0,portfolio_tax,3,annual_appreciation_g,0.0,0.0
beta_institutional,75.0,geographic,3,homeownership_rate,0.30179028132992325,-0.025795925566628464
beta_institutional,75.0,geographic,3,rental_vacancy_rate,0.17532467532467533,-0.022086327911570613
beta_institutional,75.0,geographic,3,annual_appreciation_g,-0.0013785378660003955,-0.0013785378660003955
beta_institutional,75.0,baseline,4,homeownership_rate,0.3155216284987277,0.0
beta_institutional,75.0,baseline,4,rental_vacancy_rate,0.18811881188118812,0.0
beta_institutional,75.0,baseline,4,annual_appreciation_g,-0.0007618029439522278,0.0
beta_institutional,75.0,waiting_period,4,homeownership_rate,0.41836734693877553,0.1028457184400478
beta_institutional,75.0,waiting_period,4,rental_vacancy_rate,0.21509433962264152,0.026975527741453398
beta_institutional,75.0,waiting_period,4,annual_appreciation_g,-0.0004973463051586302,0.0002644566387935976
beta_institutional,75.0,ownership_cap_soft,4,homeownership_rate,0.30174563591022446,-0.01377599258850326
beta_institutional,75.0,ownership_cap_soft,4,rental_vacancy_rate,0.19558359621451105,0.007464784333322927
beta_institutional,75.0,ownership_cap_soft,4,annual_appreciation_g,-0.03,-0.02923819705604777
beta_institutional,75.0,ownership_cap_hard,4,homeownership_rate,0.28398058252427183,-0.031541045974455895
beta_institutional,75.0,ownership_cap_hard,4,rental_vacancy_rate,0.19940476190476192,0.011285950023573799
beta_institutional,75.0,ownership_cap_hard,4,annual_appreciation_g,0.0,0.0007618029439522278
beta_institutional,75.0,purchase_tax,4,homeownership_rate,0.30809399477806787,-0.007427633720659854
beta_institutional,75.0,purchase_tax,4,rental_vacancy_rate,0.19,0.0018811881188118829
beta_institutional,75.0,purchase_tax,4,annual_appreciation_g,-0.015027585121393683,-0.014265782177441455
beta_institutional,75.0,vacancy_tax,4,homeownership_rate,0.3135802469135803,-0.0019413815851474503
beta_institutional,75.0,vacancy_tax,4,rental_vacancy_rate,0.18152866242038215,-0.006590149460805966
beta_institutional,75.0,vacancy_tax,4,annual_appreciation_g,0.0,0.0007618029439522278
beta_institutional,75.0,portfolio_tax,4,homeownership_rate,0.3155216284987277,0.0
beta_institutional,75.0,portfolio_tax,4,rental_vacancy_rate,0.18811881188118812,0.0
beta_institutional,75.0,portfolio_tax,4,annual_appreciation_g,-0.0007618029439522278,0.0
beta_institutional,75.0,geographic,4,homeownership_rate,0.3634020618556701,0.047880433356942365
beta_institutional,75.0,geographic,4,rental_vacancy_rate,0.2229965156794425,0.03487770379825439
beta_institutional,75.0,geographic,4,annual_appreciation_g,0.002201851257422227,0.002963654201374455
beta_institutional,75.0,baseline,5,homeownership_rate,0.3365617433414044,0.0
beta_institutional,75.0,baseline,5,rental_vacancy_rate,0.21221864951768488,0.0
beta_institutional,75.0,baseline,5,annual_appreciation_g,-0.005980935754580918,0.0
beta_institutional,75.0,waiting_period,5,homeownership_rate,0.3803191489361702,0.04375740559476582
beta_institutional,75.0,waiting_period,5,rental_vacancy_rate,0.27205882352941174,0.059840174011726865
beta_institutional,75.0,waiting_period,5,annual_appreciation_g,-0.0014984033774013694,0.004482532377179549
beta_institutional,75.0,ownership_cap_soft,5,homeownership_rate,0.31851851851851853,-0.01804322482288584
beta_institutional,75.0,ownership_cap_soft,5,rental_vacancy_rate,0.1753846153846154,-0.03683403413306949
beta_institutional,75.0,ownership_cap_soft,5,annual_appreciation_g,0.0,0.005980935754580918
beta_institutional,75.0,ownership_cap_hard,5,homeownership_rate,0.3135802469135803,-0.0229814964278241
beta_institutional,75.0,ownership_cap_hard,5,rental_vacancy_rate,0.18789808917197454,-0.02432056034571034
beta_institutional,75.0,ownership_cap_hard,5,annual_appreciation_g,0.00042958979736451575,0.006410525551945434
beta_institutional,75.0,purchase_tax,5,homeownership_rate,0.3281653746770026,-0.008396368664401799
beta_institutional,75.0,purchase_tax,5,rental_vacancy_rate,0.22772277227722773,0.015504122759542854
beta_institutional,75.0,purchase_tax,5,annual_appreciation_g,0.0072444960391437885,0.013225431793724707
beta_institutional,75.0,vacancy_tax,5,homeownership_rate,0.3399014778325123,0.003339734491107915
beta_institutional,75.0,vacancy_tax,5,rental_vacancy_rate,0.23376623376623376,0.021547584248548884
beta_institutional,75.0,vacancy_tax,5,annual_appreciation_g,0.03202165207088847,0.03800258782546939
beta_institutional,75.0,portfolio_tax,5,homeownership_rate,0.3365617433414044,0.0
beta_institutional,75.0,portfolio_tax,5,rental_vacancy_rate,0.21221864951768488,0.0
beta_institutional,75.0,portfolio_tax,5,annual_appreciation_g,-0.005980935754580918,0.0
beta_institutional,75.0,geographic,5,homeownership_rate,0.3049095607235142,-0.03165218261789016
beta_institutional,75.0,geographic,5,rental_vacancy_rate,0.1955128205128205,-0.016705829004864364
beta_institutional,75.0,geographic,5,annual_appreciation_g,-0.0004945146159356373,0.005486421138645281
beta_institutional,75.0,baseline,6,homeownership_rate,0.3176178660049628,0.0
beta_institutional,75.0,baseline,6,rental_vacancy_rate,0.1779935275080906,0.0
beta_institutional,75.0,baseline,6,annual_appreciation_g,-0.0005817844531388339,0.0
beta_institutional,75.0,waiting_period,6,homeownership_rate,0.37037037037037035,0.05275250436540757
beta_institutional,75.0,waiting_period,6,rental_vacancy_rate,0.20532319391634982,0.027329666408259207
beta_institutional,75.0,waiting_period,6,annual_appreciation_g,0.0019640701756149515,0.0025458546287537853
beta_institutional,75.0,ownership_cap_soft,6,homeownership_rate,0.3427835051546392,0.0251656391496764
beta_institutional,75.0,ownership_cap_soft,6,rental_vacancy_rate,0.19407894736842105,0.016085419860330435
beta_institutional,75.0,ownership_cap_soft,6,annual_appreciation_g,0.0,0.0005817844531388339
beta_institutional,75.0,ownership_cap_hard,6,homeownership_rate,0.3289817232375979,0.01136385723263511
beta_institutional,75.0,ownership_cap_hard,6,rental_vacancy_rate,0.17666666666666667,-0.0013268608414239436
beta_institutional,75.0,ownership_cap_hard,6,annual_appreciation_g,-0.007933488884303896,-0.0073517044311650626
beta_institutional,75.0,purchase_tax,6,homeownership_rate,0.29457364341085274,-0.023044222594110042
beta_institutional,75.0,purchase_tax,6,rental_vacancy_rate,0.1597444089456869,-0.018249118562403716
beta_institutional,75.0,purchase_tax,6,annual_appreciation_g,0.004958360353894742,0.005540144807033576
beta_institutional,75.0,vacancy_tax,6,homeownership_rate,0.3176178660049628,0.0
beta_institutional,75.0,vacancy_tax,6,rental_vacancy_rate,0.1779935275080906,0.0
beta_institutional,75.0,vacancy_tax,6,annual_appreciation_g,-0.0005817844531388339,0.0
beta_institutional,75.0,portfolio_tax,6,homeownership_rate,0.3176178660049628,0.0
beta_institutional,75.0,portfolio_tax,6,rental_vacancy_rate,0.1779935275080906,0.0
beta_institutional,75.0,portfolio_tax,6,annual_appreciation_g,-0.0005817844531388339,0.0
beta_institutional,75.0,geographic,6,homeownership_rate,0.34517766497461927,0.02755979896965649
beta_institutional,75.0,geographic,6,rental_vacancy_rate,0.1864406779661017,0.008447150458011088
beta_institutional,75.0,geographic,6,annual_appreciation_g,0.0,0.0005817844531388339
beta_institutional,75.0,baseline,7,homeownership_rate,0.3248081841432225,0.0
beta_institutional,75.0,baseline,7,rental_vacancy_rate,0.18831168831168832,0.0
beta_institutional,75.0,baseline,7,annual_appreciation_g,4.8510112003352646e-05,0.0
beta_institutional,75.0,waiting_period,7,homeownership_rate,0.4140625,0.08925431585677751
beta_institutional,75.0,waiting_period,7,rental_vacancy_rate,0.2730627306273063,0.08475104231561797
beta_institutional,75.0,waiting_period,7,annual_appreciation_g,-0.020074213378705963,-0.020122723490709316
beta_institutional,75.0,ownership_cap_soft,7,homeownership_rate,0.3230769230769231,-0.0017312610662993944
beta_institutional,75.0,ownership_cap_soft,7,rental_vacancy_rate,0.1893687707641196,0.0010570824524312739
beta_institutional,75.0,ownership_cap_soft,7,annual_appreciation_g,0.0,-4.8510112003352646e-05
beta_institutional,75.0,ownership_cap_hard,7,homeownership_rate,0.31297709923664124,-0.011831084906581246
beta_institutional,75.0,ownership_cap_hard,7,rental_vacancy_rate,0.17434210526315788,-0.013969583048530437
beta_institutional,75.0,ownership_cap_hard,7,annual_appreciation_g,0.0,-4.8510112003352646e-05
beta_institutional,75.0,purchase_tax,7,homeownership_rate,0.2991913746630728,-0.025616809480149716
beta_institutional,75.0,purchase_tax,7,rental_vacancy_rate,0.16554054054054054,-0.022771147771147776
beta_institutional,75.0,purchase_tax,7,annual_appreciation_g,-8.956975837914882e-05,-0.00013807987038250147
beta_institutional,75.0,vacancy_tax,7,homeownership_rate,0.3248081841432225,0.0
beta_institutional,75.0,vacancy_tax,7,rental_vacancy_rate,0.18831168831168832,0.0
beta_institutional,75.0,vacancy_tax,7,annual_appreciation_g,4.8510112003352646e-05,0.0
beta_institutional,75.0,portfolio_tax,7,homeownership_rate,0.3248081841432225,0.0
beta_institutional,75.0,portfolio_tax,7,rental_vacancy_rate,0.18831168831168832,0.0
beta_institutional,75.0,portfolio_tax,7,annual_appreciation_g,4.8510112003352646e-05,0.0
beta_institutional,75.0,geographic,7,homeownership_rate,0.356234096692112,0.03142591254888949
beta_institutional,75.0,geographic,7,rental_vacancy_rate,0.17049180327868851,-0.017819885032999805
beta_institutional,75.0,geographic,7,annual_appreciation_g,0.00024222044948052357,0.00019371033747717092
beta_institutional,75.0,baseline,8,homeownership_rate,0.32275132275132273,0.0
beta_institutional,75.0,baseline,8,rental_vacancy_rate,0.16326530612244897,0.0
beta_institutional,75.0,baseline,8,annual_appreciation_g,-0.001568426204705542,0.0
beta_institutional,75.0,waiting_period,8,homeownership_rate,0.3620253164556962,0.039273993704373455
beta_institutional,75.0,waiting_period,8,rental_vacancy_rate,0.19343065693430658,0.030165350811857616
beta_institutional,75.0,waiting_period,8,annual_appreciation_g,-0.0022535781733085125,-0.0006851519686029706
beta_institutional,75.0,ownership_cap_soft,8,homeownership_rate,0.3246753246753247,0.001924001924001939
beta_institutional,75.0,ownership_cap_soft,8,rental_vacancy_rate,0.16333333333333333,6.802721088436381e-05
beta_institutional,75.0,ownership_cap_soft,8,annual_appreciation_g,-0.0013084077809218941,0.0002600184237836478
beta_institutional,75.0,ownership_cap_hard,8,homeownership_rate,0.324468085106383,0.0017167623550602418
beta_institutional,75.0,ownership_cap_hard,8,rental_vacancy_rate,0.17346938775510204,0.010204081632653073
beta_institutional,75.0,ownership_cap_hard,8,annual_appreciation_g,-0.0013950805888498508,0.0001733456158556912
beta_institutional,75.0,purchase_tax,8,homeownership_rate,0.32839506172839505,0.005643738977072321
beta_institutional,75.0,purchase_tax,8,rental_vacancy_rate,0.13803680981595093,-0.02522849630649804
beta_institutional,75.0,purchase_tax,8,annual_appreciation_g,0.0,0.001568426204705542
beta_institutional,75.0,vacancy_tax,8,homeownership_rate,0.3129973474801061,-0.00975397527121663
beta_institutional,75.0,vacancy_tax,8,rental_vacancy_rate,0.17114093959731544,0.007875633474866472
beta_institutional,75.0,vacancy_tax,8,annual_appreciation_g,0.0015913079998841617,0.0031597342045897037
beta_institutional,75.0,portfolio_tax,8,homeownership_rate,0.32275132275132273,0.0
beta_institutional,75.0,portfolio_tax,8,rental_vacancy_rate,0.16326530612244897,0.0
beta_institutional,75.0,portfolio_tax,8,annual_appreciation_g,-0.001568426204705542,0.0
beta_institutional,75.0,geographic,8,homeownership_rate,0.314070351758794,-0.008680970992528736
beta_institutional,75.0,geographic,8,rental_vacancy_rate,0.14465408805031446,-0.018611218072134506
beta_institutional,75.0,geographic,8,annual_appreciation_g,0.0,0.001568426204705542
beta_institutional,75.0,baseline,9,homeownership_rate,0.3148614609571788,0.0
beta_institutional,75.0,baseline,9,rental_vacancy_rate,0.17419354838709677,0.0
beta_institutional,75.0,baseline,9,annual_appreciation_g,-1.3073521091255813e-05,0.0
beta_institutional,75.0,waiting_period,9,homeownership_rate,0.36363636363636365,0.04877490267918483
beta_institutional,75.0,waiting_period,9,rental_vacancy_rate,0.21122112211221122,0.03702757372511445
beta_institutional,75.0,waiting_period,9,annual_appreciation_g,6.188063930223642e-05,7.495416039349223e-05
beta_institutional,75.0,ownership_cap_soft,9,homeownership_rate,0.32663316582914576,0.011771704871966937
beta_institutional,75.0,ownership_cap_soft,9,rental_vacancy_rate,0.1853035143769968,0.011109965989900022
beta_institutional,75.0,ownership_cap_soft,9,annual_appreciation_g,0.0007694950560339642,0.00078256857712522
beta_institutional,75.0,ownership_cap_hard,9,homeownership_rate,0.3103448275862069,-0.004516633370971912
beta_institutional,75.0,ownership_cap_hard,9,rental_vacancy_rate,0.16459627329192547,-0.009597275095171304
beta_institutional,75.0,ownership_cap_hard,9,annual_appreciation_g,0.0,1.3073521091255813e-05
beta_institutional,75.0,purchase_tax,9,homeownership_rate,0.315035799522673,0.00017433856549420312
beta_institutional,75.0,purchase_tax,9,rental_vacancy_rate,0.13479623824451412,-0.03939731014258266
beta_institutional,75.0,purchase_tax,9,annual_appreciation_g,0.008249136571402804,0.00826221009249406
beta_institutional,75.0,vacancy_tax,9,homeownership_rate,0.31313131313131315,-0.0017301478258656688
beta_institutional,75.0,vacancy_tax,9,rental_vacancy_rate,0.15359477124183007,-0.0205987771452667
beta_institutional,75.0,vacancy_tax,9,annual_appreciation_g,-0.0007827066092018775,-0.0007696330881106217
beta_institutional,75.0,portfolio_tax,9,homeownership_rate,0.3148614609571788,0.0
beta_institutional,75.0,portfolio_tax,9,rental_vacancy_rate,0.17419354838709677,0.0
beta_institutional,75.0,portfolio_tax,9,annual_appreciation_g,-1.3073521091255813e-05,0.0
beta_institutional,75.0,geographic,9,homeownership_rate,0.30808080808080807,-0.006780652876370752
beta_institutional,75.0,geographic,9,rental_vacancy_rate,0.15605095541401273,-0.018142592973084043
beta_institutional,75.0,geographic,9,annual_appreciation_g,0.0,1.3073521091255813e-05
beta_institutional,100.0,baseline,0,homeownership_rate,0.3134715025906736,0.0
beta_institutional,100.0,baseline,0,rental_vacancy_rate,0.17049180327868851,0.0
beta_institutional,100.0,baseline,0,annual_appreciation_g,-0.0047294175691351414,0.0
beta_institutional,100.0,waiting_period,0,homeownership_rate,0.37220843672456577,0.058736934133892194
beta_institutional,100.0,waiting_period,0,rental_vacancy_rate,0.24014336917562723,0.06965156589693872
beta_institutional,100.0,waiting_period,0,annual_appreciation_g,0.010041537241509912,0.014770954810645054
beta_institutional,100.0,ownership_cap_soft,0,homeownership_rate,0.36387434554973824,0.050402842959064664
beta_institutional,100.0,ownership_cap_soft,0,rental_vacancy_rate,0.18333333333333332,0.012841530054644806
beta_institutional,100.0,ownership_cap_soft,0,annual_appreciation_g,0.0,0.0047294175691351414
beta_institutional,100.0,ownership_cap_hard,0,homeownership_rate,0.31536388140161725,0.0018923788109436734
beta_institutional,100.0,ownership_cap_hard,0,rental_vacancy_rate,0.2135593220338983,0.04306751875520978
beta_institutional,100.0,ownership_cap_hard,0,annual_appreciation_g,0.002446665896162159,0.0071760834652973005
beta_institutional,100.0,purchase_tax,0,homeownership_rate,0.3131578947368421,-0.00031360785383149903
beta_institutional,100.0,purchase_tax,0,rental_vacancy_rate,0.16720257234726688,-0.0032892309314216384
beta_institutional,100.0,purchase_tax,0,annual_appreciation_g,0.006775196327200472,0.011504613896335614
beta_institutional,100.0,vacancy_tax,0,homeownership_rate,0.306282722513089,-0.007188780077584556
beta_institutional,100.0,vacancy_tax,0,rental_vacancy_rate,0.16887417218543047,-0.0016176310932580484
beta_institutional,100.0,vacancy_tax,0,annual_appreciation_g,0.0028070591283615443,0.007536476697496686
beta_institutional,100.0,portfolio_tax,0,homeownership_rate,0.3134715025906736,0.0
beta_institutional,100.0,portfolio_tax,0,rental_vacancy_rate,0.17049180327868851,0.0
beta_institutional,100.0,portfolio_tax,0,annual_appreciation_g,-0.0047294175691351414,0.0
beta_institutional,100.0,geographic,0,homeownership_rate,0.3070652173913043,-0.006406285199369255
beta_institutional,100.0,geographic,0,rental_vacancy_rate,0.16326530612244897,-0.0072264971562395475
beta_institutional,100.0,geographic,0,annual_appreciation_g,-0.02549019154960397,-0.020760773980468827
beta_institutional,100.0,baseline,1,homeownership_rate,0.27900552486187846,0.0
beta_institutional,100.0,baseline,1,rental_vacancy_rate,0.1912751677852349,0.0
beta_institutional,100.0,baseline,1,annual_appreciation_g,0.0,0.0
beta_institutional,100.0,waiting_period,1,homeownership_rate,0.3795620437956204,0.10055651893374196
beta_institutional,100.0,waiting_period,1,rental_vacancy_rate,0.2901023890784983,0.09882722129326338
beta_institutional,100.0,waiting_period,1,annual_appreciation_g,0.008105648927587694,0.008105648927587694
beta_institutional,100.0,ownership_cap_soft,1,homeownership_rate,0.28337874659400547,0.004373221732127008
beta_institutional,100.0,ownership_cap_soft,1,rental_vacancy_rate,0.19269102990033224,0.0014158621150973383
beta_institutional,100.0,ownership_cap_soft,1,annual_appreciation_g,-0.00682382133995052,-0.00682382133995052
beta_institutional,100.0,ownership_cap_hard,1,homeownership_rate,0.2786885245901639,-0.0003170002717145515
beta_institutional,100.0,ownership_cap_hard,1,rental_vacancy_rate,0.19,-0.0012751677852348986
beta_institutional,100.0,ownership_cap_hard,1,annual_appreciation_g,0.0,0.0
beta_institutional,100.0,purchase_tax,1,homeownership_rate,0.3092269326683292,0.030221407806450717
beta_institutional,100.0,purchase_tax,1,rental_vacancy_rate,0.21580547112462006,0.024530303339385162
beta_institutional,100.0,purchase_tax,1,annual_appreciation_g,-0.03,-0.03
beta_institutional,100.0,vacancy_tax,1,homeownership_rate,0.27900552486187846,0.0
beta_institutional,100.0,vacancy_tax,1,rental_vacancy_rate,0.1912751677852349,0.0
beta_institutional,100.0,vacancy_tax,1,annual_appreciation_g,0.0,0.0
beta_institutional,100.0,portfolio_tax,1,homeownership_rate,0.27900552486187846,0.0
beta_institutional,100.0,portfolio_tax,1,rental_vacancy_rate,0.1912751677852349,0.0
beta_institutional,100.0,portfolio_tax,1,annual_appreciation_g,0.0,0.0
beta_institutional,100.0,geographic,1,homeownership_rate,0.3177083333333333,0.03870280847145485
beta_institutional,100.0,geographic,1,rental_vacancy_rate,0.21262458471760798,0.021349416932373078
beta_institutional,100.0,geographic,1,annual_appreciation_g,-0.03,-0.03
beta_institutional,100.0,baseline,2,homeownership_rate,0.336734693877551,0.0
beta_institutional,100.0,baseline,2,rental_vacancy_rate,0.22442244224422442,0.0
beta_institutional,100.0,baseline,2,annual_appreciation_g,0.0,0.0
beta_institutional,100.0,waiting_period,2,homeownership_rate,0.3953488372093023,0.0586141433317513
beta_institutional,100.0,waiting_period,2,rental_vacancy_rate,0.23636363636363636,0.01194119411941194
beta_institutional,100.0,waiting_period,2,annual_appreciation_g,-0.0006300787970417998,-0.0006300787970417998
beta_institutional,100.0,ownership_cap_soft,2,homeownership_rate,0.3284671532846715,-0.008267540592879485
beta_institutional,100.0,ownership_cap_soft,2,rental_vacancy_rate,0.20249221183800623,-0.021930230406218193
beta_institutional,100.0,ownership_cap_soft,2,annual_appreciation_g,-0.0007726476530093285,-0.0007726476530093285
beta_institutional,100.0,ownership_cap_hard,2,homeownership_rate,0.337468982630273,0.0007342887527219677
beta_institutional,100.0,ownership_cap_hard,2,rental_vacancy_rate,0.22364217252396165,-0.0007802697202627662
beta_institutional,100.0,ownership_cap_hard,2,annual_appreciation_g,-0.001118975868984351,-0.001118975868984351
beta_institutional,100.0,purchase_tax,2,homeownership_rate,0.3333333333333333,-0.003401360544217691
beta_institutional,100.0,purchase_tax,2,rental_vacancy_rate,0.20462046204620463,-0.019801980198019792
beta_institutional,100.0,purchase_tax,2,annual_appreciation_g,-0.0036142360243145433,-0.0036142360243145433
beta_institutional,100.0,vacancy_tax,2,homeownership_rate,0.3231552162849873,-0.013579477592563727
beta_institutional,100.0,vacancy_tax,2,rental_vacancy_rate,0.22508038585209003,0.0006579436078656131
beta_institutional,100.0,vacancy_tax,2,annual_appreciation_g,0.0,0.0
beta_institutional,100.0,portfolio_tax,2,homeownership_rate,0.336734693877551,0.0
beta_institutional,100.0,portfolio_tax,2,rental_vacancy_rate,0.22442244224422442,0.0
beta_institutional,100.0,portfolio_tax,2,annual_appreciation_g,0.0,0.0
beta_institutional,100.0,geographic,2,homeownership_rate,0.3220779220779221,-0.014656771799628932
beta_institutional,100.0,geographic,2,rental_vacancy_rate,0.12861736334405144,-0.09580507890017298
beta_institutional,100.0,geographic,2,annual_appreciation_g,-0.012412364282959887,-0.012412364282959887
beta_institutional,100.0,baseline,3,homeownership_rate,0.3460559796437659,0.0
beta_institutional,100.0,baseline,3,rental_vacancy_rate,0.2041522491349481,0.0
beta_institutional,100.0,baseline,3,annual_appreciation_g,0.005983602183222914,0.0
beta_institutional,100.0,waiting_period,3,homeownership_rate,0.46153846153846156,0.11548248189469568
beta_institutional,100.0,waiting_period,3,rental_vacancy_rate,0.31496062992125984,0.11080838078631175
beta_institutional,100.0,waiting_period,3,annual_appreciation_g,0.005350362904881001,-0.0006332392783419127
beta_institutional,100.0,ownership_cap_soft,3,homeownership_rate,0.3425,-0.003555979643765861
beta_institutional,100.0,ownership_cap_soft,3,rental_vacancy_rate,0.22442244224422442,0.02027019310927633
beta_institutional,100.0,ownership_cap_soft,3,annual_appreciation_g,6.43265774262769e-05,-0.005919275605796637
beta_institutional,100.0,ownership_cap_hard,3,homeownership_rate,0.32923832923832924,-0.016817650405436646
beta_institutional,100.0,ownership_cap_hard,3,rental_vacancy_rate,0.2098360655737705,0.005683816438822403
beta_institutional,100.0,ownership_cap_hard,3,annual_appreciation_g,1.2122965013849907e-05,-0.005971479218209064
beta_institutional,100.0,purchase_tax,3,homeownership_rate,0.34025974025974026,-0.0057962393840256254
beta_institutional,100.0,purchase_tax,3,rental_vacancy_rate,0.21283783783783783,0.00868558870288974
beta_institutional,100.0,purchase_tax,3,annual_appreciation_g,0.008246123754610757,0.0022625215713878433
beta_institutional,100.0,vacancy_tax,3,homeownership_rate,0.3460559796437659,0.0
beta_institutional,100.0,vacancy_tax,3,rental_vacancy_rate,0.2041522491349481,0.0
beta_institutional,100.0,vacancy_tax,3,annual_appreciation_g,0.005983602183222914,0.0
beta_institutional,100.0,portfolio_tax,3,homeownership_rate,0.3460559796437659,0.0
beta_institutional,100.0,portfolio_tax,3,rental_vacancy_rate,0.2041522491349481,0.0
beta_institutional,100.0,portfolio_tax,3,annual_appreciation_g,0.005983602183222914,0.0
beta_institutional,100.0,geographic,3,homeownership_rate,0.30179028132992325,-0.04426569831384264
beta_institutional,100.0,geographic,3,rental_vacancy_rate,0.17532467532467533,-0.02882757381027276
beta_institutional,100.0,geographic,3,annual_appreciation_g,-0.0013785378660003955,-0.007362140049223309
beta_institutional,100.0,baseline,4,homeownership_rate,0.3291139240506329,0.0
beta_institutional,100.0,baseline,4,rental_vacancy_rate,0.18421052631578946,0.0
beta_institutional,100.0,baseline,4,annual_appreciation_g,-0.0017209570463775359,0.0
beta_institutional,100.0,waiting_period,4,homeownership_rate,0.41836734693877553,0.08925342288814264
beta_institutional,100.0,waiting_period,4,rental_vacancy_rate,0.21509433962264152,0.030883813306852054
beta_institutional,100.0,waiting_period,4,annual_appreciation_g,-0.0004973463051586302,0.0012236107412189057
beta_institutional,100.0,ownership_cap_soft,4,homeownership_rate,0.30174563591022446,-0.027368288140408426
beta_institutional,100.0,ownership_cap_soft,4,rental_vacancy_rate,0.19558359621451105,0.011373069898721583
beta_institutional,100.0,ownership_cap_soft,4,annual_appreciation_g,-0.03,-0.028279042953622463
beta_institutional,100.0,ownership_cap_hard,4,homeownership_rate,0.28398058252427183,-0.04513334152636106
beta_institutional,100.0,ownership_cap_hard,4,rental_vacancy_rate,0.19940476190476192,0.015194235588972455
beta_institutional,100.0,ownership_cap_hard,4,annual_appreciation_g,0.0,0.0017209570463775359
beta_institutional,100.0,purchase_tax,4,homeownership_rate,0.3228346456692913,-0.006279278381341569
beta_institutional,100.0,purchase_tax,4,rental_vacancy_rate,0.16498316498316498,-0.019227361332624482
beta_institutional,100.0,purchase_tax,4,annual_appreciation_g,-0.001280880312761301,0.0004400767336162348
beta_institutional,100.0,vacancy_tax,4,homeownership_rate,0.3155216284987277,-0.013592295551905165
beta_institutional,100.0,vacancy_tax,4,rental_vacancy_rate,0.18811881188118812,0.003908285565398656
beta_institutional,100.0,vacancy_tax,4,annual_appreciation_g,-0.0007618029439522278,0.0009591541024253081
beta_institutional,100.0,portfolio_tax,4,homeownership_rate,0.3291139240506329,0.0
beta_institutional,100.0,portfolio_tax,4,rental_vacancy_rate,0.18421052631578946,0.0
beta_institutional,100.0,portfolio_tax,4,annual_appreciation_g,-0.0017209570463775359,0.0
beta_institutional,100.0,geographic,4,homeownership_rate,0.3634020618556701,0.0342881378050372
beta_institutional,100.0,geographic,4,rental_vacancy_rate,0.2229965156794425,0.038785989363653045
beta_institutional,100.0,geographic,4,annual_appreciation_g,0.002201851257422227,0.003922808303799763
beta_institutional,100.0,baseline,5,homeownership_rate,0.3365617433414044,0.0
beta_institutional,100.0,baseline,5,rental_vacancy_rate,0.21221864951768488,0.0
beta_institutional,100.0,baseline,5,annual_appreciation_g,-0.005980935754580918,0.0
beta_institutional,100.0,waiting_period,5,homeownership_rate,0.3803191489361702,0.04375740559476582
beta_institutional,100.0,waiting_period,5,rental_vacancy_rate,0.27205882352941174,0.059840174011726865
beta_institutional,100.0,waiting_period,5,annual_appreciation_g,-0.0014984033774013694,0.004482532377179549
beta_institutional,100.0,ownership_cap_soft,5,homeownership_rate,0.31851851851851853,-0.01804322482288584
beta_institutional,100.0,ownership_cap_soft,5,rental_vacancy_rate,0.1753846153846154,-0.03683403413306949
beta_institutional,100.0,ownership_cap_soft,5,annual_appreciation_g,0.0,0.005980935754580918
beta_institutional,100.0,ownership_cap_hard,5,homeownership_rate,0.3135802469135803,-0.0229814964278241
beta_institutional,100.0,ownership_cap_hard,5,rental_vacancy_rate,0.18789808917197454,-0.02432056034571034
beta_institutional,100.0,ownership_cap_hard,5,annual_appreciation_g,0.00042958979736451575,0.006410525551945434
beta_institutional,100.0,purchase_tax,5,homeownership_rate,0.3281653746770026,-0.008396368664401799
beta_institutional,100.0,purchase_tax,5,rental_vacancy_rate,0.22772277227722773,0.015504122759542854
beta_institutional,100.0,purchase_tax,5,annual_appreciation_g,0.0072444960391437885,0.013225431793724707
beta_institutional,100.0,vacancy_tax,5,homeownership_rate,0.33985330073349634,0.0032915573920919705
beta_institutional,100.0,vacancy_tax,5,rental_vacancy_rate,0.21895424836601307,0.006735598848328195
beta_institutional,100.0,vacancy_tax,5,annual_appreciation_g,0.001557426466487044,0.007538362221067962
beta_institutional,100.0,portfolio_tax,5,homeownership_rate,0.3365617433414044,0.0
beta_institutional,100.0,portfolio_tax,5,rental_vacancy_rate,0.21221864951768488,0.0
beta_institutional,100.0,portfolio_tax,5,annual_appreciation_g,-0.005980935754580918,0.0
beta_institutional,100.0,geographic,5,homeownership_rate,0.3049095607235142,-0.03165218261789016
beta_institutional,100.0,geographic,5,rental_vacancy_rate,0.1955128205128205,-0.016705829004864364
beta_institutional,100.0,geographic,5,annual_appreciation_g,-0.0004945146159356373,0.005486421138645281
beta_institutional,100.0,baseline,6,homeownership_rate,0.3176178660049628,0.0
beta_institutional,100.0,baseline,6,rental_vacancy_rate,0.1779935275080906,0.0
beta_institutional,100.0,baseline,6,annual_appreciation_g,-0.0005817844531388339,0.0
beta_institutional,100.0,waiting_period,6,homeownership_rate,0.37037037037037035,0.05275250436540757
beta_institutional,100.0,waiting_period,6,rental_vacancy_rate,0.20532319391634982,0.027329666408259207
beta_institutional,100.0,waiting_period,6,annual_appreciation_g,0.0019640701756149515,0.0025458546287537853
beta_institutional,100.0,ownership_cap_soft,6,homeownership_rate,0.3427835051546392,0.0251656391496764
beta_institutional,100.0,ownership_cap_soft,6,rental_vacancy_rate,0.19407894736842105,0.016085419860330435
beta_institutional,100.0,ownership_cap_soft,6,annual_appreciation_g,0.0,0.0005817844531388339
beta_institutional,100.0,ownership_cap_hard,6,homeownership_rate,0.3289817232375979,0.01136385723263511
beta_institutional,100.0,ownership_cap_hard,6,rental_vacancy_rate,0.17666666666666667,-0.0013268608414239436
beta_institutional,100.0,ownership_cap_hard,6,annual_appreciation_g,-0.007933488884303896,-0.0073517044311650626
beta_institutional,100.0,purchase_tax,6,homeownership_rate,0.32917705735660846,0.011559191351645681
beta_institutional,100.0,purchase_tax,6,rental_vacancy_rate,0.1794871794871795,0.001493651979088878
beta_institutional,100.0,purchase_tax,6,annual_appreciation_g,-0.0004870171487767472,9.476730436208669e-05
beta_institutional,100.0,vacancy_tax,6,homeownership_rate,0.3176178660049628,0.0
beta_institutional,100.0,vacancy_tax,6,rental_vacancy_rate,0.1779935275080906,0.0
beta_institutional,100.0,vacancy_tax,6,annual_appreciation_g,-0.0005817844531388339,0.0
beta_institutional,100.0,portfolio_tax,6,homeownership_rate,0.3176178660049628,0.0
beta_institutional,100.0,portfolio_tax,6,rental_vacancy_rate,0.1779935275080906,0.0
beta_institutional,100.0,portfolio_tax,6,annual_appreciation_g,-0.0005817844531388339,0.0
beta_institutional,100.0,geographic,6,homeownership_rate,0.34517766497461927,0.02755979896965649
beta_institutional,100.0,geographic,6,rental_vacancy_rate,0.1864406779661017,0.008447150458011088
beta_institutional,100.0,geographic,6,annual_appreciation_g,0.0,0.0005817844531388339
beta_institutional,100.0,baseline,7,homeownership_rate,0.3245382585751979,0.0
beta_institutional,100.0,baseline,7,rental_vacancy_rate,0.15081967213114755,0.0
beta_institutional,100.0,baseline,7,annual_appreciation_g,-1.033606013778332e-06,0.0
beta_institutional,100.0,waiting_period,7,homeownership_rate,0.4140625,0.08952424142480209
beta_institutional,100.0,waiting_period,7,rental_vacancy_rate,0.2730627306273063,0.12224305849615874
beta_institutional,100.0,waiting_period,7,annual_appreciation_g,-0.020074213378705963,-0.020073179772692185
beta_institutional,100.0,ownership_cap_soft,7,homeownership_rate,0.32717678100263853,0.002638522427440615
beta_institutional,100.0,ownership_cap_soft,7,rental_vacancy_rate,0.14802631578947367,-0.0027933563416738805
beta_institutional,100.0,ownership_cap_soft,7,annual_appreciation_g,0.0,1.033606013778332e-06
beta_institutional,100.0,ownership_cap_hard,7,homeownership_rate,0.3412698412698413,0.016731582694643365
beta_institutional,100.0,ownership_cap_hard,7,rental_vacancy_rate,0.16,0.00918032786885245
beta_institutional,100.0,ownership_cap_hard,7,annual_appreciation_g,0.004530865308240095,0.0045318989142538735
beta_institutional,100.0,purchase_tax,7,homeownership_rate,0.31806615776081426,-0.006472100814383652
beta_institutional,100.0,purchase_tax,7,rental_vacancy_rate,0.15335463258785942,0.0025349604567118655
beta_institutional,100.0,purchase_tax,7,annual_appreciation_g,0.0002393730365986002,0.00024040664261237854
beta_institutional,100.0,vacancy_tax,7,homeownership_rate,0.3245382585751979,0.0
beta_institutional,100.0,vacancy_tax,7,rental_vacancy_rate,0.15081967213114755,0.0
beta_institutional,100.0,vacancy_tax,7,annual_appreciation_g,-1.033606013778332e-06,0.0
beta_institutional,100.0,portfolio_tax,7,homeownership_rate,0.3245382585751979,0.0
beta_institutional,100.0,portfolio_tax,7,rental_vacancy_rate,0.15081967213114755,0.0
beta_institutional,100.0,portfolio_tax,7,annual_appreciation_g,-1.033606013778332e-06,0.0
beta_institutional,100.0,geographic,7,homeownership_rate,0.356234096692112,0.031695838116914066
beta_institutional,100.0,geographic,7,rental_vacancy_rate,0.17049180327868851,0.01967213114754096
beta_institutional,100.0,geographic,7,annual_appreciation_g,0.00024222044948052357,0.0002432540554943019
beta_institutional,100.0,baseline,8,homeownership_rate,0.2831168831168831,0.0
beta_institutional,100.0,baseline,8,rental_vacancy_rate,0.13486842105263158,0.0
beta_institutional,100.0,baseline,8,annual_appreciation_g,0.0011792201228435495,0.0
beta_institutional,100.0,waiting_period,8,homeownership_rate,0.3811881188118812,0.0980712356949981
beta_institutional,100.0,waiting_period,8,rental_vacancy_rate,0.21830985915492956,0.08344143810229798
beta_institutional,100.0,waiting_period,8,annual_appreciation_g,-0.0008940659252081318,-0.0020732860480516813
beta_institutional,100.0,ownership_cap_soft,8,homeownership_rate,0.2864583333333333,0.0033414502164502147
beta_institutional,100.0,ownership_cap_soft,8,rental_vacancy_rate,0.12956810631229235,-0.005300314740339235
beta_institutional,100.0,ownership_cap_soft,8,annual_appreciation_g,-0.03,-0.03117922012284355
beta_institutional,100.0,ownership_cap_hard,8,homeownership_rate,0.28940568475452194,0.006288801637638841
beta_institutional,100.0,ownership_cap_hard,8,rental_vacancy_rate,0.12944983818770225,-0.005418582864929328
beta_institutional,100.0,ownership_cap_hard,8,annual_appreciation_g,0.0,-0.0011792201228435495
beta_institutional,100.0,purchase_tax,8,homeownership_rate,0.32839506172839505,0.045278178611511954
beta_institutional,100.0,purchase_tax,8,rental_vacancy_rate,0.1441717791411043,0.009303358088472713
beta_institutional,100.0,purchase_tax,8,annual_appreciation_g,0.0,-0.0011792201228435495
beta_institutional,100.0,vacancy_tax,8,homeownership_rate,0.2831168831168831,0.0
beta_institutional,100.0,vacancy_tax,8,rental_vacancy_rate,0.13486842105263158,0.0
beta_institutional,100.0,vacancy_tax,8,annual_appreciation_g,0.0011792201228435495,0.0
beta_institutional,100.0,portfolio_tax,8,homeownership_rate,0.2831168831168831,0.0
beta_institutional,100.0,portfolio_tax,8,rental_vacancy_rate,0.13486842105263158,0.0
beta_institutional,100.0,portfolio_tax,8,annual_appreciation_g,0.0011792201228435495,0.0
beta_institutional,100.0,geographic,8,homeownership_rate,0.314070351758794,0.030953468641910897
beta_institutional,100.0,geographic,8,rental_vacancy_rate,0.14465408805031446,0.00978566699768288
beta_institutional,100.0,geographic,8,annual_appreciation_g,0.0,-0.0011792201228435495
beta_institutional,100.0,baseline,9,homeownership_rate,0.3148614609571788,0.0
beta_institutional,100.0,baseline,9,rental_vacancy_rate,0.17419354838709677,0.0
beta_institutional,100.0,baseline,9,annual_appreciation_g,-1.3073521091255813e-05,0.0
beta_institutional,100.0,waiting_period,9,homeownership_rate,0.36363636363636365,0.04877490267918483
beta_institutional,100.0,waiting_period,9,rental_vacancy_rate,0.21122112211221122,0.03702757372511445
beta_institutional,100.0,waiting_period,9,annual_appreciation_g,6.188063930223642e-05,7.495416039349223e-05
beta_institutional,100.0,ownership_cap_soft,9,homeownership_rate,0.32663316582914576,0.011771704871966937
beta_institutional,100.0,ownership_cap_soft,9,rental_vacancy_rate,0.1853035143769968,0.011109965989900022
beta_institutional,100.0,ownership_cap_soft,9,annual_appreciation_g,0.0007694950560339642,0.00078256857712522
beta_institutional,100.0,ownership_cap_hard,9,homeownership_rate,0.3103448275862069,-0.004516633370971912
beta_institutional,100.0,ownership_cap_hard,9,rental_vacancy_rate,0.16459627329192547,-0.009597275095171304
beta_institutional,100.0,ownership_cap_hard,9,annual_appreciation_g,0.0,1.3073521091255813e-05
beta_institutional,100.0,purchase_tax,9,homeownership_rate,0.33098591549295775,0.01612445453577893
beta_institutional,100.0,purchase_tax,9,rental_vacancy_rate,0.1411042944785276,-0.03308925390856918
beta_institutional,100.0,purchase_tax,9,annual_appreciation_g,0.0,1.3073521091255813e-05
beta_institutional,100.0,vacancy_tax,9,homeownership_rate,0.31313131313131315,-0.0017301478258656688
beta_institutional,100.0,vacancy_tax,9,rental_vacancy_rate,0.15359477124183007,-0.0205987771452667
beta_institutional,100.0,vacancy_tax,9,annual_appreciation_g,-0.0007827066092018775,-0.0007696330881106217
beta_institutional,100.0,portfolio_tax,9,homeownership_rate,0.3148614609571788,0.0
beta_institutional,100.0,portfolio_tax,9,rental_vacancy_rate,0.17419354838709677,0.0
beta_institutional,100.0,portfolio_tax,9,annual_appreciation_g,-1.3073521091255813e-05,0.0
beta_institutional,100.0,geographic,9,homeownership_rate,0.30808080808080807,-0.006780652876370752
beta_institutional,100.0,geographic,9,rental_vacancy_rate,0.15605095541401273,-0.018142592973084043
beta_institutional,100.0,geographic,9,annual_appreciation_g,0.0,1.3073521091255813e-05
