param,param_value,policy,seed,metric,value,diff_from_baseline
beta_small_landlord,10.0,baseline,0,homeownership_rate,0.41005291005291006,0.0
beta_small_landlord,10.0,baseline,0,rental_vacancy_rate,0.17180616740088106,0.0
beta_small_landlord,10.0,baseline,0,annual_appreciation_g,-0.02303500880153153,0.0
beta_small_landlord,10.0,waiting_period,0,homeownership_rate,0.4719387755102041,0.06188586545729402
beta_small_landlord,10.0,waiting_period,0,rental_vacancy_rate,0.1782608695652174,0.006454702164336329
beta_small_landlord,10.0,waiting_period,0,annual_appreciation_g,-0.012387091541934958,0.010647917259596573
beta_small_landlord,10.0,ownership_cap_soft,0,homeownership_rate,0.5215189873417722,0.1114660772888621
beta_small_landlord,10.0,ownership_cap_soft,0,rental_vacancy_rate,0.3232758620689655,0.15146969466808446
beta_small_landlord,10.0,ownership_cap_soft,0,annual_appreciation_g,0.009020279325505642,0.032055288127037174
beta_small_landlord,10.0,ownership_cap_hard,0,homeownership_rate,0.43444730077120824,0.024394390718298187
beta_small_landlord,10.0,ownership_cap_hard,0,rental_vacancy_rate,0.24,0.06819383259911893
beta_small_landlord,10.0,ownership_cap_hard,0,annual_appreciation_g,0.03739569533967324,0.06043070414120477
beta_small_landlord,10.0,purchase_tax,0,homeownership_rate,0.4151436031331593,0.005090693080249231
beta_small_landlord,10.0,purchase_tax,0,rental_vacancy_rate,0.1,-0.07180616740088105
beta_small_landlord,10.0,purchase_tax,0,annual_appreciation_g,-0.03,-0.006964991198468468
beta_small_landlord,10.0,vacancy_tax,0,homeownership_rate,0.42783505154639173,0.017782141493481673
beta_small_landlord,10.0,vacancy_tax,0,rental_vacancy_rate,0.10550458715596331,-0.06630158024491775
beta_small_landlord,10.0,vacancy_tax,0,annual_appreciation_g,-0.03,-0.006964991198468468
beta_small_landlord,10.0,portfolio_tax,0,homeownership_rate,0.41005291005291006,0.0
beta_small_landlord,10.0,portfolio_tax,0,rental_vacancy_rate,0.17180616740088106,0.0
beta_small_landlord,10.0,portfolio_tax,0,annual_appreciation_g,-0.02303500880153153,0.0
beta_small_landlord,10.0,geographic,0,homeownership_rate,0.33159268929503916,-0.0784602207578709
beta_small_landlord,10.0,geographic,0,rental_vacancy_rate,0.1875,0.01569383259911894
beta_small_landlord,10.0,geographic,0,annual_appreciation_g,0.0,0.02303500880153153
beta_small_landlord,10.0,baseline,1,homeownership_rate,0.446524064171123,0.0
beta_small_landlord,10.0,baseline,1,rental_vacancy_rate,0.20657276995305165,0.0
beta_small_landlord,10.0,baseline,1,annual_appreciation_g,0.002780387004198026,0.0
beta_small_landlord,10.0,waiting_period,1,homeownership_rate,0.48148148148148145,0.03495741731035845
beta_small_landlord,10.0,waiting_period,1,rental_vacancy_rate,0.17272727272727273,-0.033845497225778925
beta_small_landlord,10.0,waiting_period,1,annual_appreciation_g,-0.029008847754883216,-0.03178923475908124
beta_small_landlord,10.0,ownership_cap_soft,1,homeownership_rate,0.33066666666666666,-0.11585739750445634
beta_small_landlord,10.0,ownership_cap_soft,1,rental_vacancy_rate,0.056451612903225805,-0.15012115704982584
beta_small_landlord,10.0,ownership_cap_soft,1,annual_appreciation_g,-0.005531099211374069,-0.008311486215572095
beta_small_landlord,10.0,ownership_cap_hard,1,homeownership_rate,0.47733333333333333,0.03080926916221033
beta_small_landlord,10.0,ownership_cap_hard,1,rental_vacancy_rate,0.23214285714285715,0.025570087189805496
beta_small_landlord,10.0,ownership_cap_hard,1,annual_appreciation_g,0.019935831144067606,0.01715544413986958
beta_small_landlord,10.0,purchase_tax,1,homeownership_rate,0.36175710594315247,-0.08476695822797053
beta_small_landlord,10.0,purchase_tax,1,rental_vacancy_rate,0.08032128514056225,-0.1262514848124894
beta_small_landlord,10.0,purchase_tax,1,annual_appreciation_g,-0.0022637737151051107,-0.005044160719303137
beta_small_landlord,10.0,vacancy_tax,1,homeownership_rate,0.40782122905027934,-0.03870283512084366
beta_small_landlord,10.0,vacancy_tax,1,rental_vacancy_rate,0.17050691244239632,-0.03606585751065533
beta_small_landlord,10.0,vacancy_tax,1,annual_appreciation_g,-0.03,-0.032780387004198025
beta_small_landlord,10.0,portfolio_tax,1,homeownership_rate,0.446524064171123,0.0
beta_small_landlord,10.0,portfolio_tax,1,rental_vacancy_rate,0.20657276995305165,0.0
beta_small_landlord,10.0,portfolio_tax,1,annual_appreciation_g,0.002780387004198026,0.0
beta_small_landlord,10.0,geographic,1,homeownership_rate,0.2597402597402597,-0.1867838044308633
beta_small_landlord,10.0,geographic,1,rental_vacancy_rate,0.11263736263736264,-0.09393540731568902
beta_small_landlord,10.0,geographic,1,annual_appreciation_g,-0.018763722842783825,-0.02154410984698185
beta_small_landlord,10.0,baseline,2,homeownership_rate,0.43896103896103894,0.0
beta_small_landlord,10.0,baseline,2,rental_vacancy_rate,0.19327731092436976,0.0
beta_small_landlord,10.0,baseline,2,annual_appreciation_g,-0.005292030815122195,0.0
beta_small_landlord,10.0,waiting_period,2,homeownership_rate,0.43358395989974935,-0.005377079061289591
beta_small_landlord,10.0,waiting_period,2,rental_vacancy_rate,0.1228813559322034,-0.07039595499216636
beta_small_landlord,10.0,waiting_period,2,annual_appreciation_g,-0.0022429632988236747,0.0030490675162985204
beta_small_landlord,10.0,ownership_cap_soft,2,homeownership_rate,0.40641711229946526,-0.032543926661573686
beta_small_landlord,10.0,ownership_cap_soft,2,rental_vacancy_rate,0.16942148760330578,-0.02385582332106398
beta_small_landlord,10.0,ownership_cap_soft,2,annual_appreciation_g,-0.008636652755386054,-0.003344621940263859
beta_small_landlord,10.0,ownership_cap_hard,2,homeownership_rate,0.47715736040609136,0.03819632144505242
beta_small_landlord,10.0,ownership_cap_hard,2,rental_vacancy_rate,0.22745098039215686,0.034173669467787104
beta_small_landlord,10.0,ownership_cap_hard,2,annual_appreciation_g,0.025783149166771047,0.03107517998189324
beta_small_landlord,10.0,purchase_tax,2,homeownership_rate,0.5183374083129584,0.07937636935191944
beta_small_landlord,10.0,purchase_tax,2,rental_vacancy_rate,0.23076923076923078,0.03749191984486103
beta_small_landlord,10.0,purchase_tax,2,annual_appreciation_g,0.027088484156433612,0.03238051497155581
beta_small_landlord,10.0,vacancy_tax,2,homeownership_rate,0.41424802110817943,-0.02471301785285951
beta_small_landlord,10.0,vacancy_tax,2,rental_vacancy_rate,0.21285140562248997,0.019574094698120215
beta_small_landlord,10.0,vacancy_tax,2,annual_appreciation_g,-0.0019675729554167187,0.0033244578597054764
beta_small_landlord,10.0,portfolio_tax,2,homeownership_rate,0.43896103896103894,0.0
beta_small_landlord,10.0,portfolio_tax,2,rental_vacancy_rate,0.19327731092436976,0.0
beta_small_landlord,10.0,portfolio_tax,2,annual_appreciation_g,-0.005292030815122195,0.0
beta_small_landlord,10.0,geographic,2,homeownership_rate,0.3238341968911917,-0.11512684206984725
beta_small_landlord,10.0,geographic,2,rental_vacancy_rate,0.14814814814814814,-0.045129162776221615
beta_small_landlord,10.0,geographic,2,annual_appreciation_g,-0.03,-0.024707969184877804
beta_small_landlord,10.0,baseline,3,homeownership_rate,0.37595907928388744,0.0
beta_small_landlord,10.0,baseline,3,rental_vacancy_rate,0.18326693227091634,0.0
beta_small_landlord,10.0,baseline,3,annual_appreciation_g,-0.03,0.0
beta_small_landlord,10.0,waiting_period,3,homeownership_rate,0.44587628865979384,0.0699172093759064
beta_small_landlord,10.0,waiting_period,3,rental_vacancy_rate,0.18061674008810572,-0.0026501921828106234
beta_small_landlord,10.0,waiting_period,3,annual_appreciation_g,-0.03,0.0
beta_small_landlord,10.0,ownership_cap_soft,3,homeownership_rate,0.43908629441624364,0.0631272151323562
beta_small_landlord,10.0,ownership_cap_soft,3,rental_vacancy_rate,0.3089430894308943,0.12567615715997799
beta_small_landlord,10.0,ownership_cap_soft,3,annual_appreciation_g,-0.03,0.0
beta_small_landlord,10.0,ownership_cap_hard,3,homeownership_rate,0.36387434554973824,-0.0120847337341492
beta_small_landlord,10.0,ownership_cap_hard,3,rental_vacancy_rate,0.23371647509578544,0.050449542824869104
beta_small_landlord,10.0,ownership_cap_hard,3,annual_appreciation_g,-0.005527869971543198,0.0244721300284568
beta_small_landlord,10.0,purchase_tax,3,homeownership_rate,0.41968911917098445,0.043730039887097005
beta_small_landlord,10.0,purchase_tax,3,rental_vacancy_rate,0.10714285714285714,-0.0761240751280592
beta_small_landlord,10.0,purchase_tax,3,annual_appreciation_g,-0.03,0.0
beta_small_landlord,10.0,vacancy_tax,3,homeownership_rate,0.4225,0.046540920716112544
beta_small_landlord,10.0,vacancy_tax,3,rental_vacancy_rate,0.18823529411764706,0.004968361846730718
beta_small_landlord,10.0,vacancy_tax,3,annual_appreciation_g,-0.03,0.0
beta_small_landlord,10.0,portfolio_tax,3,homeownership_rate,0.37595907928388744,0.0
beta_small_landlord,10.0,portfolio_tax,3,rental_vacancy_rate,0.18326693227091634,0.0
beta_small_landlord,10.0,portfolio_tax,3,annual_appreciation_g,-0.03,0.0
beta_small_landlord,10.0,geographic,3,homeownership_rate,0.2553763440860215,-0.12058273519786594
beta_small_landlord,10.0,geographic,3,rental_vacancy_rate,0.1273209549071618,-0.055945977363754534
beta_small_landlord,10.0,geographic,3,annual_appreciation_g,0.25568458965546115,0.2856845896554612
beta_small_landlord,10.0,baseline,4,homeownership_rate,0.4895287958115183,0.0
beta_small_landlord,10.0,baseline,4,rental_vacancy_rate,0.19626168224299065,0.0
beta_small_landlord,10.0,baseline,4,annual_appreciation_g,-0.014607034552938769,0.0
beta_small_landlord,10.0,waiting_period,4,homeownership_rate,0.4467005076142132,-0.04282828819730511
beta_small_landlord,10.0,waiting_period,4,rental_vacancy_rate,0.0821256038647343,-0.11413607837825634
beta_small_landlord,10.0,waiting_period,4,annual_appreciation_g,-0.0026842902866045515,0.011922744266334218
beta_small_landlord,10.0,ownership_cap_soft,4,homeownership_rate,0.4732824427480916,-0.0162463530634267
beta_small_landlord,10.0,ownership_cap_soft,4,rental_vacancy_rate,0.19383259911894274,-0.0024290831240479094
beta_small_landlord,10.0,ownership_cap_soft,4,annual_appreciation_g,-0.025346164059730225,-0.010739129506791456
beta_small_landlord,10.0,ownership_cap_hard,4,homeownership_rate,0.43596059113300495,-0.053568204678513365
beta_small_landlord,10.0,ownership_cap_hard,4,rental_vacancy_rate,0.10810810810810811,-0.08815357413488253
beta_small_landlord,10.0,ownership_cap_hard,4,annual_appreciation_g,-0.02582903964532368,-0.011222005092384912
beta_small_landlord,10.0,purchase_tax,4,homeownership_rate,0.49019607843137253,0.0006672826198542148
beta_small_landlord,10.0,purchase_tax,4,rental_vacancy_rate,0.2607003891050584,0.06443870686206774
beta_small_landlord,10.0,purchase_tax,4,annual_appreciation_g,0.017685803258642663,0.03229283781158143
beta_small_landlord,10.0,vacancy_tax,4,homeownership_rate,0.442159383033419,-0.04736941277809931
beta_small_landlord,10.0,vacancy_tax,4,rental_vacancy_rate,0.12149532710280374,-0.07476635514018691
beta_small_landlord,10.0,vacancy_tax,4,annual_appreciation_g,-0.03,-0.01539296544706123
beta_small_landlord,10.0,portfolio_tax,4,homeownership_rate,0.4895287958115183,0.0
beta_small_landlord,10.0,portfolio_tax,4,rental_vacancy_rate,0.19626168224299065,0.0
beta_small_landlord,10.0,portfolio_tax,4,annual_appreciation_g,-0.014607034552938769,0.0
beta_small_landlord,10.0,geographic,4,homeownership_rate,0.34908136482939633,-0.14044743098212198
beta_small_landlord,10.0,geographic,4,rental_vacancy_rate,0.1492063492063492,-0.047055333036641445
beta_small_landlord,10.0,geographic,4,annual_appreciation_g,-0.008289320098680553,0.006317714454258216
beta_small_landlord,10.0,baseline,5,homeownership_rate,0.4501347708894879,0.0
beta_small_landlord,10.0,baseline,5,rental_vacancy_rate,0.30991735537190085,0.0
beta_small_landlord,10.0,baseline,5,annual_appreciation_g,-0.029030826909608454,0.0
beta_small_landlord,10.0,waiting_period,5,homeownership_rate,0.4413265306122449,-0.008808240277242974
beta_small_landlord,10.0,waiting_period,5,rental_vacancy_rate,0.19148936170212766,-0.11842799366977319
beta_small_landlord,10.0,waiting_period,5,annual_appreciation_g,-0.03,-0.0009691730903915452
beta_small_landlord,10.0,ownership_cap_soft,5,homeownership_rate,0.37228260869565216,-0.07785216219383573
beta_small_landlord,10.0,ownership_cap_soft,5,rental_vacancy_rate,0.21666666666666667,-0.09325068870523417
beta_small_landlord,10.0,ownership_cap_soft,5,annual_appreciation_g,-0.03,-0.0009691730903915452
beta_small_landlord,10.0,ownership_cap_hard,5,homeownership_rate,0.3564102564102564,-0.09372451447923147
beta_small_landlord,10.0,ownership_cap_hard,5,rental_vacancy_rate,0.07456140350877193,-0.2353559518631289
beta_small_landlord,10.0,ownership_cap_hard,5,annual_appreciation_g,-0.03,-0.0009691730903915452
beta_small_landlord,10.0,purchase_tax,5,homeownership_rate,0.4479166666666667,-0.0022181042228212045
beta_small_landlord,10.0,purchase_tax,5,rental_vacancy_rate,0.2556390977443609,-0.05427825762753996
beta_small_landlord,10.0,purchase_tax,5,annual_appreciation_g,0.0714067874837172,0.10043761439332566
beta_small_landlord,10.0,vacancy_tax,5,homeownership_rate,0.4549763033175355,0.004841532428047635
beta_small_landlord,10.0,vacancy_tax,5,rental_vacancy_rate,0.17672413793103448,-0.13319321744086637
beta_small_landlord,10.0,vacancy_tax,5,annual_appreciation_g,-0.007331353069198632,0.021699473840409822
beta_small_landlord,10.0,portfolio_tax,5,homeownership_rate,0.4501347708894879,0.0
beta_small_landlord,10.0,portfolio_tax,5,rental_vacancy_rate,0.30991735537190085,0.0
beta_small_landlord,10.0,portfolio_tax,5,annual_appreciation_g,-0.029030826909608454,0.0
beta_small_landlord,10.0,geographic,5,homeownership_rate,0.24514563106796117,-0.20498913982152672
beta_small_landlord,10.0,geographic,5,rental_vacancy_rate,0.15443037974683543,-0.15548697562506542
beta_small_landlord,10.0,geographic,5,annual_appreciation_g,-0.014361305847780725,0.014669521061827728
beta_small_landlord,10.0,baseline,6,homeownership_rate,0.4174757281553398,0.0
beta_small_landlord,10.0,baseline,6,rental_vacancy_rate,0.00881057268722467,0.0
beta_small_landlord,10.0,baseline,6,annual_appreciation_g,-0.004843191281822978,0.0
beta_small_landlord,10.0,waiting_period,6,homeownership_rate,0.4228855721393035,0.005409843983963714
beta_small_landlord,10.0,waiting_period,6,rental_vacancy_rate,0.09583333333333334,0.08702276064610867
beta_small_landlord,10.0,waiting_period,6,annual_appreciation_g,-0.03,-0.02515680871817702
beta_small_landlord,10.0,ownership_cap_soft,6,homeownership_rate,0.43556701030927836,0.01809128215393857
beta_small_landlord,10.0,ownership_cap_soft,6,rental_vacancy_rate,0.21212121212121213,0.20331063943398744
beta_small_landlord,10.0,ownership_cap_soft,6,annual_appreciation_g,-0.028110591682671604,-0.023267400400848626
beta_small_landlord,10.0,ownership_cap_hard,6,homeownership_rate,0.5049261083743842,0.08745038021904444
beta_small_landlord,10.0,ownership_cap_hard,6,rental_vacancy_rate,0.26556016597510373,0.25674959328787905
beta_small_landlord,10.0,ownership_cap_hard,6,annual_appreciation_g,0.017906015922513285,0.022749207204336264
beta_small_landlord,10.0,purchase_tax,6,homeownership_rate,0.3953488372093023,-0.02212689094603748
beta_small_landlord,10.0,purchase_tax,6,rental_vacancy_rate,0.11155378486055777,0.1027432121733331
beta_small_landlord,10.0,purchase_tax,6,annual_appreciation_g,-0.03,-0.02515680871817702
beta_small_landlord,10.0,vacancy_tax,6,homeownership_rate,0.46153846153846156,0.04406273338312178
beta_small_landlord,10.0,vacancy_tax,6,rental_vacancy_rate,0.14347826086956522,0.13466768818234054
beta_small_landlord,10.0,vacancy_tax,6,annual_appreciation_g,-0.01610174343382298,-0.011258552152000001
beta_small_landlord,10.0,portfolio_tax,6,homeownership_rate,0.4174757281553398,0.0
beta_small_landlord,10.0,portfolio_tax,6,rental_vacancy_rate,0.00881057268722467,0.0
beta_small_landlord,10.0,portfolio_tax,6,annual_appreciation_g,-0.004843191281822978,0.0
beta_small_landlord,10.0,geographic,6,homeownership_rate,0.2857142857142857,-0.1317614424410541
beta_small_landlord,10.0,geographic,6,rental_vacancy_rate,0.12467532467532468,0.1158647519881
beta_small_landlord,10.0,geographic,6,annual_appreciation_g,0.0,0.004843191281822978
beta_small_landlord,10.0,baseline,7,homeownership_rate,0.4256410256410256,0.0
beta_small_landlord,10.0,baseline,7,rental_vacancy_rate,0.15079365079365079,0.0
beta_small_landlord,10.0,baseline,7,annual_appreciation_g,-0.023788602182313823,0.0
beta_small_landlord,10.0,waiting_period,7,homeownership_rate,0.4573643410852713,0.03172331544424567
beta_small_landlord,10.0,waiting_period,7,rental_vacancy_rate,0.22745098039215686,0.07665732959850607
beta_small_landlord,10.0,waiting_period,7,annual_appreciation_g,-0.010053084118017974,0.013735518064295849
beta_small_landlord,10.0,ownership_cap_soft,7,homeownership_rate,0.40816326530612246,-0.01747776033490317
beta_small_landlord,10.0,ownership_cap_soft,7,rental_vacancy_rate,0.1,-0.05079365079365078
beta_small_landlord,10.0,ownership_cap_soft,7,annual_appreciation_g,-0.02731121900086042,-0.003522616818546598
beta_small_landlord,10.0,ownership_cap_hard,7,homeownership_rate,0.4332493702770781,0.007608344636052478
beta_small_landlord,10.0,ownership_cap_hard,7,rental_vacancy_rate,0.1285140562248996,-0.0222795945687512
beta_small_landlord,10.0,ownership_cap_hard,7,annual_appreciation_g,-0.03,-0.006211397817686176
beta_small_landlord,10.0,purchase_tax,7,homeownership_rate,0.37659033078880405,-0.04905069485222158
beta_small_landlord,10.0,purchase_tax,7,rental_vacancy_rate,0.04583333333333333,-0.10496031746031745
beta_small_landlord,10.0,purchase_tax,7,annual_appreciation_g,-0.03,-0.006211397817686176
beta_small_landlord,10.0,vacancy_tax,7,homeownership_rate,0.4120734908136483,-0.013567534827377326
beta_small_landlord,10.0,vacancy_tax,7,rental_vacancy_rate,0.15918367346938775,0.008390022675736963
beta_small_landlord,10.0,vacancy_tax,7,annual_appreciation_g,-0.026322068348803684,-0.0025334661664898617
beta_small_landlord,10.0,portfolio_tax,7,homeownership_rate,0.4256410256410256,0.0
beta_small_landlord,10.0,portfolio_tax,7,rental_vacancy_rate,0.15079365079365079,0.0
beta_small_landlord,10.0,portfolio_tax,7,annual_appreciation_g,-0.023788602182313823,0.0
beta_small_landlord,10.0,geographic,7,homeownership_rate,0.30637254901960786,-0.11926847662141776
beta_small_landlord,10.0,geographic,7,rental_vacancy_rate,0.11458333333333333,-0.03621031746031746
beta_small_landlord,10.0,geographic,7,annual_appreciation_g,0.04189953608372776,0.06568813826604158
beta_small_landlord,10.0,baseline,8,homeownership_rate,0.4601063829787234,0.0
beta_small_landlord,10.0,baseline,8,rental_vacancy_rate,0.1761904761904762,0.0
beta_small_landlord,10.0,baseline,8,annual_appreciation_g,-0.006156010680566593,0.0
beta_small_landlord,10.0,waiting_period,8,homeownership_rate,0.44711538461538464,-0.01299099836333878
beta_small_landlord,10.0,waiting_period,8,rental_vacancy_rate,0.1450980392156863,-0.031092436974789917
beta_small_landlord,10.0,waiting_period,8,annual_appreciation_g,-0.03,-0.023843989319433406
beta_small_landlord,10.0,ownership_cap_soft,8,homeownership_rate,0.4671916010498688,0.007085218071145372
beta_small_landlord,10.0,ownership_cap_soft,8,rental_vacancy_rate,0.1330049261083744,-0.043185550082101815
beta_small_landlord,10.0,ownership_cap_soft,8,annual_appreciation_g,-0.03,-0.023843989319433406
beta_small_landlord,10.0,ownership_cap_hard,8,homeownership_rate,0.44919786096256686,-0.010908522016156552
beta_small_landlord,10.0,ownership_cap_hard,8,rental_vacancy_rate,0.13793103448275862,-0.038259441707717584
beta_small_landlord,10.0,ownership_cap_hard,8,annual_appreciation_g,-0.03,-0.023843989319433406
beta_small_landlord,10.0,purchase_tax,8,homeownership_rate,0.3231552162849873,-0.13695116669373614
beta_small_landlord,10.0,purchase_tax,8,rental_vacancy_rate,0.0,-0.1761904761904762
beta_small_landlord,10.0,purchase_tax,8,annual_appreciation_g,-0.02446834834028,-0.018312337659713407
beta_small_landlord,10.0,vacancy_tax,8,homeownership_rate,0.4783783783783784,0.01827199539965496
beta_small_landlord,10.0,vacancy_tax,8,rental_vacancy_rate,0.20304568527918782,0.026855209088711612
beta_small_landlord,10.0,vacancy_tax,8,annual_appreciation_g,-0.01323966130006815,-0.007083650619501558
beta_small_landlord,10.0,portfolio_tax,8,homeownership_rate,0.4601063829787234,0.0
beta_small_landlord,10.0,portfolio_tax,8,rental_vacancy_rate,0.1761904761904762,0.0
beta_small_landlord,10.0,portfolio_tax,8,annual_appreciation_g,-0.006156010680566593,0.0
beta_small_landlord,10.0,geographic,8,homeownership_rate,0.356234096692112,-0.10387228628661144
beta_small_landlord,10.0,geographic,8,rental_vacancy_rate,0.14814814814814814,-0.028042328042328063
beta_small_landlord,10.0,geographic,8,annual_appreciation_g,0.03346589646235065,0.039621907142917245
beta_small_landlord,10.0,baseline,9,homeownership_rate,0.37467018469656993,0.0
beta_small_landlord,10.0,baseline,9,rental_vacancy_rate,0.05737704918032787,0.0
beta_small_landlord,10.0,baseline,9,annual_appreciation_g,-0.010473252644534026,0.0
beta_small_landlord,10.0,waiting_period,9,homeownership_rate,0.4318766066838046,0.05720642198723469
beta_small_landlord,10.0,waiting_period,9,rental_vacancy_rate,0.11255411255411256,0.05517706337378469
beta_small_landlord,10.0,waiting_period,9,annual_appreciation_g,-0.03,-0.019526747355465973
beta_small_landlord,10.0,ownership_cap_soft,9,homeownership_rate,0.4727272727272727,0.09805708803070279
beta_small_landlord,10.0,ownership_cap_soft,9,rental_vacancy_rate,0.21311475409836064,0.15573770491803277
beta_small_landlord,10.0,ownership_cap_soft,9,annual_appreciation_g,-0.004960659579670623,0.0055125930648634025
beta_small_landlord,10.0,ownership_cap_hard,9,homeownership_rate,0.4308093994778068,0.056139214781236846
beta_small_landlord,10.0,ownership_cap_hard,9,rental_vacancy_rate,0.1976284584980237,0.14025140931769584
beta_small_landlord,10.0,ownership_cap_hard,9,annual_appreciation_g,-0.017012766499697185,-0.006539513855163159
beta_small_landlord,10.0,purchase_tax,9,homeownership_rate,0.41475826972010177,0.04008808502353184
beta_small_landlord,10.0,purchase_tax,9,rental_vacancy_rate,0.14919354838709678,0.0918164992067689
beta_small_landlord,10.0,purchase_tax,9,annual_appreciation_g,-0.03,-0.019526747355465973
beta_small_landlord,10.0,vacancy_tax,9,homeownership_rate,0.3723958333333333,-0.0022743513632366152
beta_small_landlord,10.0,vacancy_tax,9,rental_vacancy_rate,0.125,0.06762295081967212
beta_small_landlord,10.0,vacancy_tax,9,annual_appreciation_g,-0.023999505077357486,-0.01352625243282346
beta_small_landlord,10.0,portfolio_tax,9,homeownership_rate,0.37467018469656993,0.0
beta_small_landlord,10.0,portfolio_tax,9,rental_vacancy_rate,0.05737704918032787,0.0
beta_small_landlord,10.0,portfolio_tax,9,annual_appreciation_g,-0.010473252644534026,0.0
beta_small_landlord,10.0,geographic,9,homeownership_rate,0.17989417989417988,-0.19477600480239005
beta_small_landlord,10.0,geographic,9,rental_vacancy_rate,0.08244680851063829,0.025069759330310422
beta_small_landlord,10.0,geographic,9,annual_appreciation_g,-0.015100849064360489,-0.004627596419826463
beta_small_landlord,10.0,baseline,10,homeownership_rate,0.4619289340101523,0.0
beta_small_landlord,10.0,baseline,10,rental_vacancy_rate,0.1813953488372093,0.0
beta_small_landlord,10.0,baseline,10,annual_appreciation_g,-0.007645755828157963,0.0
beta_small_landlord,10.0,waiting_period,10,homeownership_rate,0.4358353510895884,-0.026093582920563907
beta_small_landlord,10.0,waiting_period,10,rental_vacancy_rate,0.14977973568281938,-0.03161561315438993
beta_small_landlord,10.0,waiting_period,10,annual_appreciation_g,-0.01890914022403478,-0.011263384395876819
beta_small_landlord,10.0,ownership_cap_soft,10,homeownership_rate,0.4430693069306931,-0.018859627079459207
beta_small_landlord,10.0,ownership_cap_soft,10,rental_vacancy_rate,0.15178571428571427,-0.02960963455149504
beta_small_landlord,10.0,ownership_cap_soft,10,annual_appreciation_g,-0.03,-0.022354244171842036
beta_small_landlord,10.0,ownership_cap_hard,10,homeownership_rate,0.5282051282051282,0.06627619419497593
beta_small_landlord,10.0,ownership_cap_hard,10,rental_vacancy_rate,0.3116279069767442,0.13023255813953488
beta_small_landlord,10.0,ownership_cap_hard,10,annual_appreciation_g,-0.03,-0.022354244171842036
beta_small_landlord,10.0,purchase_tax,10,homeownership_rate,0.4392059553349876,-0.022722978675164707
beta_small_landlord,10.0,purchase_tax,10,rental_vacancy_rate,0.14,-0.0413953488372093
beta_small_landlord,10.0,purchase_tax,10,annual_appreciation_g,-0.03,-0.022354244171842036
beta_small_landlord,10.0,vacancy_tax,10,homeownership_rate,0.43781094527363185,-0.024117988736520435
beta_small_landlord,10.0,vacancy_tax,10,rental_vacancy_rate,0.11764705882352941,-0.0637482900136799
beta_small_landlord,10.0,vacancy_tax,10,annual_appreciation_g,-0.020485151931288192,-0.01283939610313023
beta_small_landlord,10.0,portfolio_tax,10,homeownership_rate,0.4619289340101523,0.0
beta_small_landlord,10.0,portfolio_tax,10,rental_vacancy_rate,0.1813953488372093,0.0
beta_small_landlord,10.0,portfolio_tax,10,annual_appreciation_g,-0.007645755828157963,0.0
beta_small_landlord,10.0,geographic,10,homeownership_rate,0.30256410256410254,-0.15936483144604974
beta_small_landlord,10.0,geographic,10,rental_vacancy_rate,0.17597765363128492,-0.005417695205924389
beta_small_landlord,10.0,geographic,10,annual_appreciation_g,-0.014107482508511016,-0.006461726680353053
beta_small_landlord,10.0,baseline,11,homeownership_rate,0.46329113924050636,0.0
beta_small_landlord,10.0,baseline,11,rental_vacancy_rate,0.14883720930232558,0.0
beta_small_landlord,10.0,baseline,11,annual_appreciation_g,-0.011979586205855153,0.0
beta_small_landlord,10.0,waiting_period,11,homeownership_rate,0.36,-0.10329113924050637
beta_small_landlord,10.0,waiting_period,11,rental_vacancy_rate,0.0,-0.14883720930232558
beta_small_landlord,10.0,waiting_period,11,annual_appreciation_g,-0.03,-0.018020413794144846
beta_small_landlord,10.0,ownership_cap_soft,11,homeownership_rate,0.5177664974619289,0.054475358221422576
beta_small_landlord,10.0,ownership_cap_soft,11,rental_vacancy_rate,0.26244343891402716,0.11360622961170158
beta_small_landlord,10.0,ownership_cap_soft,11,annual_appreciation_g,0.02140032356236299,0.03337990976821814
beta_small_landlord,10.0,ownership_cap_hard,11,homeownership_rate,0.4512820512820513,-0.012009087958455067
beta_small_landlord,10.0,ownership_cap_hard,11,rental_vacancy_rate,0.1935483870967742,0.04471117779444861
beta_small_landlord,10.0,ownership_cap_hard,11,annual_appreciation_g,-0.0034125934074097364,0.008566992798445416
beta_small_landlord,10.0,purchase_tax,11,homeownership_rate,0.46808510638297873,0.004793967142472377
beta_small_landlord,10.0,purchase_tax,11,rental_vacancy_rate,0.1693548387096774,0.02051762940735183
beta_small_landlord,10.0,purchase_tax,11,annual_appreciation_g,-0.000990737374388928,0.010988848831466225
beta_small_landlord,10.0,vacancy_tax,11,homeownership_rate,0.42346938775510207,-0.03982175148540429
beta_small_landlord,10.0,vacancy_tax,11,rental_vacancy_rate,0.09049773755656108,-0.058339471745764496
beta_small_landlord,10.0,vacancy_tax,11,annual_appreciation_g,-0.0021424879850299172,0.009837098220825236
beta_small_landlord,10.0,portfolio_tax,11,homeownership_rate,0.46329113924050636,0.0
beta_small_landlord,10.0,portfolio_tax,11,rental_vacancy_rate,0.14883720930232558,0.0
beta_small_landlord,10.0,portfolio_tax,11,annual_appreciation_g,-0.011979586205855153,0.0
beta_small_landlord,10.0,geographic,11,homeownership_rate,0.3358395989974937,-0.12745154024301264
beta_small_landlord,10.0,geographic,11,rental_vacancy_rate,0.1278409090909091,-0.02099630021141649
beta_small_landlord,10.0,geographic,11,annual_appreciation_g,0.0,0.011979586205855153
beta_small_landlord,10.0,baseline,12,homeownership_rate,0.3622448979591837,0.0
beta_small_landlord,10.0,baseline,12,rental_vacancy_rate,0.0,0.0
beta_small_landlord,10.0,baseline,12,annual_appreciation_g,-0.019225146472690025,0.0
beta_small_landlord,10.0,waiting_period,12,homeownership_rate,0.4963325183374083,0.13408762037822464
beta_small_landlord,10.0,waiting_period,12,rental_vacancy_rate,0.18775510204081633,0.18775510204081633
beta_small_landlord,10.0,waiting_period,12,annual_appreciation_g,-0.003030877641528429,0.016194268831161596
beta_small_landlord,10.0,ownership_cap_soft,12,homeownership_rate,0.42063492063492064,0.05839002267573695
beta_small_landlord,10.0,ownership_cap_soft,12,rental_vacancy_rate,0.10504201680672269,0.10504201680672269
beta_small_landlord,10.0,ownership_cap_soft,12,annual_appreciation_g,-0.018593489689288867,0.0006316567834011577
beta_small_landlord,10.0,ownership_cap_hard,12,homeownership_rate,0.45604395604395603,0.09379905808477235
beta_small_landlord,10.0,ownership_cap_hard,12,rental_vacancy_rate,0.16299559471365638,0.16299559471365638
beta_small_landlord,10.0,ownership_cap_hard,12,annual_appreciation_g,-0.0006897254807336495,0.018535420991956375
beta_small_landlord,10.0,purchase_tax,12,homeownership_rate,0.370757180156658,0.008512282197474297
beta_small_landlord,10.0,purchase_tax,12,rental_vacancy_rate,0.012552301255230125,0.012552301255230125
beta_small_landlord,10.0,purchase_tax,12,annual_appreciation_g,-0.018106449135389613,0.0011186973373004117
beta_small_landlord,10.0,vacancy_tax,12,homeownership_rate,0.3575268817204301,-0.004718016238753564
beta_small_landlord,10.0,vacancy_tax,12,rental_vacancy_rate,0.036290322580645164,0.036290322580645164
beta_small_landlord,10.0,vacancy_tax,12,annual_appreciation_g,-0.03,-0.010774853527309974
beta_small_landlord,10.0,portfolio_tax,12,homeownership_rate,0.3622448979591837,0.0
beta_small_landlord,10.0,portfolio_tax,12,rental_vacancy_rate,0.0,0.0
beta_small_landlord,10.0,portfolio_tax,12,annual_appreciation_g,-0.019225146472690025,0.0
beta_small_landlord,10.0,geographic,12,homeownership_rate,0.23809523809523808,-0.1241496598639456
beta_small_landlord,10.0,geographic,12,rental_vacancy_rate,0.07627118644067797,0.07627118644067797
beta_small_landlord,10.0,geographic,12,annual_appreciation_g,-0.010498876710976046,0.008726269761713978
beta_small_landlord,10.0,baseline,13,homeownership_rate,0.37349397590361444,0.0
beta_small_landlord,10.0,baseline,13,rental_vacancy_rate,0.0,0.0
beta_small_landlord,10.0,baseline,13,annual_appreciation_g,-0.00521740912410984,0.0
beta_small_landlord,10.0,waiting_period,13,homeownership_rate,0.4155844155844156,0.04209043968080117
beta_small_landlord,10.0,waiting_period,13,rental_vacancy_rate,0.05429864253393665,0.05429864253393665
beta_small_landlord,10.0,waiting_period,13,annual_appreciation_g,-0.02424274118442371,-0.01902533206031387
beta_small_landlord,10.0,ownership_cap_soft,13,homeownership_rate,0.37349397590361444,0.0
beta_small_landlord,10.0,ownership_cap_soft,13,rental_vacancy_rate,0.0,0.0
beta_small_landlord,10.0,ownership_cap_soft,13,annual_appreciation_g,-0.00521740912410984,0.0
beta_small_landlord,10.0,ownership_cap_hard,13,homeownership_rate,0.37349397590361444,0.0
beta_small_landlord,10.0,ownership_cap_hard,13,rental_vacancy_rate,0.0,0.0
beta_small_landlord,10.0,ownership_cap_hard,13,annual_appreciation_g,-0.00521740912410984,0.0
beta_small_landlord,10.0,purchase_tax,13,homeownership_rate,0.4029126213592233,0.02941864545560885
beta_small_landlord,10.0,purchase_tax,13,rental_vacancy_rate,0.0,0.0
beta_small_landlord,10.0,purchase_tax,13,annual_appreciation_g,-0.02731480019529975,-0.02209739107118991
beta_small_landlord,10.0,vacancy_tax,13,homeownership_rate,0.38271604938271603,0.009222073479101589
beta_small_landlord,10.0,vacancy_tax,13,rental_vacancy_rate,0.0,0.0
beta_small_landlord,10.0,vacancy_tax,13,annual_appreciation_g,-0.03,-0.02478259087589016
beta_small_landlord,10.0,portfolio_tax,13,homeownership_rate,0.37349397590361444,0.0
beta_small_landlord,10.0,portfolio_tax,13,rental_vacancy_rate,0.0,0.0
beta_small_landlord,10.0,portfolio_tax,13,annual_appreciation_g,-0.00521740912410984,0.0
beta_small_landlord,10.0,geographic,13,homeownership_rate,0.33578431372549017,-0.03770966217812427
beta_small_landlord,10.0,geographic,13,rental_vacancy_rate,0.11731843575418995,0.11731843575418995
beta_small_landlord,10.0,geographic,13,annual_appreciation_g,0.041329848015890125,0.046547257139999965
beta_small_landlord,10.0,baseline,14,homeownership_rate,0.4222222222222222,0.0
beta_small_landlord,10.0,baseline,14,rental_vacancy_rate,0.14344262295081966,0.0
beta_small_landlord,10.0,baseline,14,annual_appreciation_g,-0.006803413492221799,0.0
beta_small_landlord,10.0,waiting_period,14,homeownership_rate,0.41842105263157897,-0.0038011695906432497
beta_small_landlord,10.0,waiting_period,14,rental_vacancy_rate,0.12601626016260162,-0.017426362788218047
beta_small_landlord,10.0,waiting_period,14,annual_appreciation_g,-0.021210059692379768,-0.014406646200157969
beta_small_landlord,10.0,ownership_cap_soft,14,homeownership_rate,0.45409429280397023,0.03187207058174801
beta_small_landlord,10.0,ownership_cap_soft,14,rental_vacancy_rate,0.07511737089201878,-0.06832525205880088
beta_small_landlord,10.0,ownership_cap_soft,14,annual_appreciation_g,-0.03,-0.0231965865077782
beta_small_landlord,10.0,ownership_cap_hard,14,homeownership_rate,0.4317617866004963,0.009539564378274079
beta_small_landlord,10.0,ownership_cap_hard,14,rental_vacancy_rate,0.18604651162790697,0.04260388867708731
beta_small_landlord,10.0,ownership_cap_hard,14,annual_appreciation_g,-0.026309339513937324,-0.019505926021715525
beta_small_landlord,10.0,purchase_tax,14,homeownership_rate,0.3688118811881188,-0.053410341034103415
beta_small_landlord,10.0,purchase_tax,14,rental_vacancy_rate,0.031007751937984496,-0.11243487101283517
beta_small_landlord,10.0,purchase_tax,14,annual_appreciation_g,-0.008852532907389632,-0.0020491194151678327
beta_small_landlord,10.0,vacancy_tax,14,homeownership_rate,0.3511450381679389,-0.07107718405428332
beta_small_landlord,10.0,vacancy_tax,14,rental_vacancy_rate,0.0,-0.14344262295081966
beta_small_landlord,10.0,vacancy_tax,14,annual_appreciation_g,-0.012772552304644469,-0.00596913881242267
beta_small_landlord,10.0,portfolio_tax,14,homeownership_rate,0.4222222222222222,0.0
beta_small_landlord,10.0,portfolio_tax,14,rental_vacancy_rate,0.14344262295081966,0.0
beta_small_landlord,10.0,portfolio_tax,14,annual_appreciation_g,-0.006803413492221799,0.0
beta_small_landlord,10.0,geographic,14,homeownership_rate,0.24533333333333332,-0.1768888888888889
beta_small_landlord,10.0,geographic,14,rental_vacancy_rate,0.09090909090909091,-0.05253353204172875
beta_small_landlord,10.0,geographic,14,annual_appreciation_g,-0.03,-0.0231965865077782
beta_small_landlord,10.0,baseline,15,homeownership_rate,0.37209302325581395,0.0
beta_small_landlord,10.0,baseline,15,rental_vacancy_rate,0.11983471074380166,0.0
beta_small_landlord,10.0,baseline,15,annual_appreciation_g,-0.01414279740332125,0.0
beta_small_landlord,10.0,waiting_period,15,homeownership_rate,0.4626865671641791,0.09059354390836516
beta_small_landlord,10.0,waiting_period,15,rental_vacancy_rate,0.18061674008810572,0.06078202934430406
beta_small_landlord,10.0,waiting_period,15,annual_appreciation_g,-0.03,-0.01585720259667875
beta_small_landlord,10.0,ownership_cap_soft,15,homeownership_rate,0.44327176781002636,0.07117874455421241
beta_small_landlord,10.0,ownership_cap_soft,15,rental_vacancy_rate,0.25203252032520324,0.1321978095814016
beta_small_landlord,10.0,ownership_cap_soft,15,annual_appreciation_g,-0.028431781520326327,-0.014288984117005077
beta_small_landlord,10.0,ownership_cap_hard,15,homeownership_rate,0.39588688946015427,0.02379386620434032
beta_small_landlord,10.0,ownership_cap_hard,15,rental_vacancy_rate,0.16877637130801687,0.048941660564215214
beta_small_landlord,10.0,ownership_cap_hard,15,annual_appreciation_g,-0.03,-0.01585720259667875
beta_small_landlord,10.0,purchase_tax,15,homeownership_rate,0.4489795918367347,0.07688656858092074
beta_small_landlord,10.0,purchase_tax,15,rental_vacancy_rate,0.17094017094017094,0.05110546019636929
beta_small_landlord,10.0,purchase_tax,15,annual_appreciation_g,-0.03,-0.01585720259667875
beta_small_landlord,10.0,vacancy_tax,15,homeownership_rate,0.421875,0.04978197674418605
beta_small_landlord,10.0,vacancy_tax,15,rental_vacancy_rate,0.20901639344262296,0.0891816826988213
beta_small_landlord,10.0,vacancy_tax,15,annual_appreciation_g,-0.03,-0.01585720259667875
beta_small_landlord,10.0,portfolio_tax,15,homeownership_rate,0.37209302325581395,0.0
beta_small_landlord,10.0,portfolio_tax,15,rental_vacancy_rate,0.11983471074380166,0.0
beta_small_landlord,10.0,portfolio_tax,15,annual_appreciation_g,-0.01414279740332125,0.0
beta_small_landlord,10.0,geographic,15,homeownership_rate,0.2731829573934837,-0.09891006586233025
beta_small_landlord,10.0,geographic,15,rental_vacancy_rate,0.15404699738903394,0.03421228664523228
beta_small_landlord,10.0,geographic,15,annual_appreciation_g,-0.026977770126714762,-0.012834972723393512
beta_small_landlord,10.0,baseline,16,homeownership_rate,0.46113989637305697,0.0
beta_small_landlord,10.0,baseline,16,rental_vacancy_rate,0.14832535885167464,0.0
beta_small_landlord,10.0,baseline,16,annual_appreciation_g,-0.03,0.0
beta_small_landlord,10.0,waiting_period,16,homeownership_rate,0.4424552429667519,-0.01868465340630504
beta_small_landlord,10.0,waiting_period,16,rental_vacancy_rate,0.136986301369863,-0.011339057481811632
beta_small_landlord,10.0,waiting_period,16,annual_appreciation_g,-0.028067730178991335,0.0019322698210086642
beta_small_landlord,10.0,ownership_cap_soft,16,homeownership_rate,0.46113989637305697,0.0
beta_small_landlord,10.0,ownership_cap_soft,16,rental_vacancy_rate,0.14832535885167464,0.0
beta_small_landlord,10.0,ownership_cap_soft,16,annual_appreciation_g,-0.03,0.0
beta_small_landlord,10.0,ownership_cap_hard,16,homeownership_rate,0.46113989637305697,0.0
beta_small_landlord,10.0,ownership_cap_hard,16,rental_vacancy_rate,0.14832535885167464,0.0
beta_small_landlord,10.0,ownership_cap_hard,16,annual_appreciation_g,-0.03,0.0
beta_small_landlord,10.0,purchase_tax,16,homeownership_rate,0.3669950738916256,-0.09414482248143136
beta_small_landlord,10.0,purchase_tax,16,rental_vacancy_rate,0.008438818565400843,-0.13988654028627379
beta_small_landlord,10.0,purchase_tax,16,annual_appreciation_g,-0.017185498561281376,0.012814501438718623
beta_small_landlord,10.0,vacancy_tax,16,homeownership_rate,0.5333333333333333,0.07219343696027636
beta_small_landlord,10.0,vacancy_tax,16,rental_vacancy_rate,0.25,0.10167464114832536
beta_small_landlord,10.0,vacancy_tax,16,annual_appreciation_g,0.0016340554109932626,0.03163405541099326
beta_small_landlord,10.0,portfolio_tax,16,homeownership_rate,0.46113989637305697,0.0
beta_small_landlord,10.0,portfolio_tax,16,rental_vacancy_rate,0.14832535885167464,0.0
beta_small_landlord,10.0,portfolio_tax,16,annual_appreciation_g,-0.03,0.0
beta_small_landlord,10.0,geographic,16,homeownership_rate,0.2717678100263852,-0.18937208634667174
beta_small_landlord,10.0,geographic,16,rental_vacancy_rate,0.11232876712328767,-0.03599659172838697
beta_small_landlord,10.0,geographic,16,annual_appreciation_g,-0.03,0.0
beta_small_landlord,10.0,baseline,17,homeownership_rate,0.40583554376657827,0.0
beta_small_landlord,10.0,baseline,17,rental_vacancy_rate,0.10454545454545454,0.0
beta_small_landlord,10.0,baseline,17,annual_appreciation_g,-0.006261366356961284,0.0
beta_small_landlord,10.0,waiting_period,17,homeownership_rate,0.46630727762803237,0.0604717338614541
beta_small_landlord,10.0,waiting_period,17,rental_vacancy_rate,0.2017167381974249,0.09717128365197035
beta_small_landlord,10.0,waiting_period,17,annual_appreciation_g,0.05656434060772986,0.06282570696469114
beta_small_landlord,10.0,ownership_cap_soft,17,homeownership_rate,0.40583554376657827,0.0
beta_small_landlord,10.0,ownership_cap_soft,17,rental_vacancy_rate,0.10454545454545454,0.0
beta_small_landlord,10.0,ownership_cap_soft,17,annual_appreciation_g,-0.006261366356961284,0.0
beta_small_landlord,10.0,ownership_cap_hard,17,homeownership_rate,0.40583554376657827,0.0
beta_small_landlord,10.0,ownership_cap_hard,17,rental_vacancy_rate,0.10454545454545454,0.0
beta_small_landlord,10.0,ownership_cap_hard,17,annual_appreciation_g,-0.006261366356961284,0.0
beta_small_landlord,10.0,purchase_tax,17,homeownership_rate,0.4458128078817734,0.039977264115195144
beta_small_landlord,10.0,purchase_tax,17,rental_vacancy_rate,0.05660377358490566,-0.04794168096054888
beta_small_landlord,10.0,purchase_tax,17,annual_appreciation_g,-0.01444090858869862,-0.008179542231737336
beta_small_landlord,10.0,vacancy_tax,17,homeownership_rate,0.3775,-0.028335543766578264
beta_small_landlord,10.0,vacancy_tax,17,rental_vacancy_rate,0.018018018018018018,-0.08652743652743652
beta_small_landlord,10.0,vacancy_tax,17,annual_appreciation_g,-0.02290024888403508,-0.016638882527073795
beta_small_landlord,10.0,portfolio_tax,17,homeownership_rate,0.40583554376657827,0.0
beta_small_landlord,10.0,portfolio_tax,17,rental_vacancy_rate,0.10454545454545454,0.0
beta_small_landlord,10.0,portfolio_tax,17,annual_appreciation_g,-0.006261366356961284,0.0
beta_small_landlord,10.0,geographic,17,homeownership_rate,0.2900763358778626,-0.11575920788871569
beta_small_landlord,10.0,geographic,17,rental_vacancy_rate,0.1072463768115942,0.0027009222661396604
beta_small_landlord,10.0,geographic,17,annual_appreciation_g,-0.03,-0.023738633643038715
beta_small_landlord,10.0,baseline,18,homeownership_rate,0.4176904176904177,0.0
beta_small_landlord,10.0,baseline,18,rental_vacancy_rate,0.18548387096774194,0.0
beta_small_landlord,10.0,baseline,18,annual_appreciation_g,-0.02869239858863526,0.0
beta_small_landlord,10.0,waiting_period,18,homeownership_rate,0.5251256281407035,0.10743521045028581
beta_small_landlord,10.0,waiting_period,18,rental_vacancy_rate,0.33620689655172414,0.1507230255839822
beta_small_landlord,10.0,waiting_period,18,annual_appreciation_g,0.022155949384883966,0.050848347973519226
beta_small_landlord,10.0,ownership_cap_soft,18,homeownership_rate,0.36069651741293535,-0.05699390027748236
beta_small_landlord,10.0,ownership_cap_soft,18,rental_vacancy_rate,0.15748031496062992,-0.028003556007112018
beta_small_landlord,10.0,ownership_cap_soft,18,annual_appreciation_g,-0.011648882758421686,0.017043515830213574
beta_small_landlord,10.0,ownership_cap_hard,18,homeownership_rate,0.48293963254593175,0.06524921485551405
beta_small_landlord,10.0,ownership_cap_hard,18,rental_vacancy_rate,0.29914529914529914,0.1136614281775572
beta_small_landlord,10.0,ownership_cap_hard,18,annual_appreciation_g,-0.03,-0.0013076014113647394
beta_small_landlord,10.0,purchase_tax,18,homeownership_rate,0.4219948849104859,0.00430446722006822
beta_small_landlord,10.0,purchase_tax,18,rental_vacancy_rate,0.14767932489451477,-0.03780454607322717
beta_small_landlord,10.0,purchase_tax,18,annual_appreciation_g,-0.012594433198149901,0.016097965390485358
beta_small_landlord,10.0,vacancy_tax,18,homeownership_rate,0.4911392405063291,0.07344882281591142
beta_small_landlord,10.0,vacancy_tax,18,rental_vacancy_rate,0.25,0.06451612903225806
beta_small_landlord,10.0,vacancy_tax,18,annual_appreciation_g,-0.018840398116449664,0.009852000472185596
beta_small_landlord,10.0,portfolio_tax,18,homeownership_rate,0.4176904176904177,0.0
beta_small_landlord,10.0,portfolio_tax,18,rental_vacancy_rate,0.18548387096774194,0.0
beta_small_landlord,10.0,portfolio_tax,18,annual_appreciation_g,-0.02869239858863526,0.0
beta_small_landlord,10.0,geographic,18,homeownership_rate,0.327319587628866,-0.09037083006155172
beta_small_landlord,10.0,geographic,18,rental_vacancy_rate,0.1661807580174927,-0.019303112950249224
beta_small_landlord,10.0,geographic,18,annual_appreciation_g,0.02894541640097903,0.05763781498961429
beta_small_landlord,10.0,baseline,19,homeownership_rate,0.5062344139650873,0.0
beta_small_landlord,10.0,baseline,19,rental_vacancy_rate,0.271889400921659,0.0
beta_small_landlord,10.0,baseline,19,annual_appreciation_g,-0.01584733953390638,0.0
beta_small_landlord,10.0,waiting_period,19,homeownership_rate,0.47692307692307695,-0.029311337042010333
beta_small_landlord,10.0,waiting_period,19,rental_vacancy_rate,0.20179372197309417,-0.0700956789485648
beta_small_landlord,10.0,waiting_period,19,annual_appreciation_g,-0.007258539744982473,0.008588799788923906
beta_small_landlord,10.0,ownership_cap_soft,19,homeownership_rate,0.42455242966751916,-0.08168198429756812
beta_small_landlord,10.0,ownership_cap_soft,19,rental_vacancy_rate,0.19574468085106383,-0.07614472007059514
beta_small_landlord,10.0,ownership_cap_soft,19,annual_appreciation_g,-0.03,-0.01415266046609362
beta_small_landlord,10.0,ownership_cap_hard,19,homeownership_rate,0.4401041666666667,-0.0661302472984206
beta_small_landlord,10.0,ownership_cap_hard,19,rental_vacancy_rate,0.16203703703703703,-0.10985236388462194
beta_small_landlord,10.0,ownership_cap_hard,19,annual_appreciation_g,-0.011844053710414748,0.004003285823491631
beta_small_landlord,10.0,purchase_tax,19,homeownership_rate,0.44041450777202074,-0.06581990619306655
beta_small_landlord,10.0,purchase_tax,19,rental_vacancy_rate,0.1201923076923077,-0.15169709322935127
beta_small_landlord,10.0,purchase_tax,19,annual_appreciation_g,-0.03,-0.01415266046609362
beta_small_landlord,10.0,vacancy_tax,19,homeownership_rate,0.46582278481012657,-0.040411629154960715
beta_small_landlord,10.0,vacancy_tax,19,rental_vacancy_rate,0.21585903083700442,-0.05603037008465456
beta_small_landlord,10.0,vacancy_tax,19,annual_appreciation_g,-0.007761494795757162,0.008085844738149217
beta_small_landlord,10.0,portfolio_tax,19,homeownership_rate,0.5062344139650873,0.0
beta_small_landlord,10.0,portfolio_tax,19,rental_vacancy_rate,0.271889400921659,0.0
beta_small_landlord,10.0,portfolio_tax,19,annual_appreciation_g,-0.01584733953390638,0.0
beta_small_landlord,10.0,geographic,19,homeownership_rate,0.2965686274509804,-0.2096657865141069
beta_small_landlord,10.0,geographic,19,rental_vacancy_rate,0.16531165311653118,-0.1065777478051278
beta_small_landlord,10.0,geographic,19,annual_appreciation_g,0.06820706186008296,0.08405440139398934
beta_small_landlord,25.0,baseline,0,homeownership_rate,0.45066666666666666,0.0
beta_small_landlord,25.0,baseline,0,rental_vacancy_rate,0.22325581395348837,0.0
beta_small_landlord,25.0,baseline,0,annual_appreciation_g,-0.03,0.0
beta_small_landlord,25.0,waiting_period,0,homeownership_rate,0.40298507462686567,-0.04768159203980099
beta_small_landlord,25.0,waiting_period,0,rental_vacancy_rate,0.013215859030837005,-0.21003995492265137
beta_small_landlord,25.0,waiting_period,0,annual_appreciation_g,-0.022795743870909768,0.007204256129090231
beta_small_landlord,25.0,ownership_cap_soft,0,homeownership_rate,0.43455497382198954,-0.016111692844677117
beta_small_landlord,25.0,ownership_cap_soft,0,rental_vacancy_rate,0.1813953488372093,-0.041860465116279055
beta_small_landlord,25.0,ownership_cap_soft,0,annual_appreciation_g,-0.0042548926626597705,0.02574510733734023
beta_small_landlord,25.0,ownership_cap_hard,0,homeownership_rate,0.4214876033057851,-0.029179063360881552
beta_small_landlord,25.0,ownership_cap_hard,0,rental_vacancy_rate,0.19069767441860466,-0.03255813953488371
beta_small_landlord,25.0,ownership_cap_hard,0,annual_appreciation_g,-0.021902041421062557,0.008097958578937442
beta_small_landlord,25.0,purchase_tax,0,homeownership_rate,0.3888888888888889,-0.061777777777777765
beta_small_landlord,25.0,purchase_tax,0,rental_vacancy_rate,0.06926406926406926,-0.15399174468941912
beta_small_landlord,25.0,purchase_tax,0,annual_appreciation_g,-0.03,0.0
beta_small_landlord,25.0,vacancy_tax,0,homeownership_rate,0.4241645244215938,-0.026502142245072857
beta_small_landlord,25.0,vacancy_tax,0,rental_vacancy_rate,0.15348837209302327,-0.0697674418604651
beta_small_landlord,25.0,vacancy_tax,0,annual_appreciation_g,-0.027509500660268582,0.002490499339731417
beta_small_landlord,25.0,portfolio_tax,0,homeownership_rate,0.45066666666666666,0.0
beta_small_landlord,25.0,portfolio_tax,0,rental_vacancy_rate,0.22325581395348837,0.0
beta_small_landlord,25.0,portfolio_tax,0,annual_appreciation_g,-0.03,0.0
beta_small_landlord,25.0,geographic,0,homeownership_rate,0.21739130434782608,-0.23327536231884058
beta_small_landlord,25.0,geographic,0,rental_vacancy_rate,0.13066666666666665,-0.09258914728682172
beta_small_landlord,25.0,geographic,0,annual_appreciation_g,0.009856015940729046,0.039856015940729045
beta_small_landlord,25.0,baseline,1,homeownership_rate,0.4253731343283582,0.0
beta_small_landlord,25.0,baseline,1,rental_vacancy_rate,0.16033755274261605,0.0
beta_small_landlord,25.0,baseline,1,annual_appreciation_g,0.0015379534145714135,0.0
beta_small_landlord,25.0,waiting_period,1,homeownership_rate,0.39195979899497485,-0.033413335333383365
beta_small_landlord,25.0,waiting_period,1,rental_vacancy_rate,0.15126050420168066,-0.009077048540935384
beta_small_landlord,25.0,waiting_period,1,annual_appreciation_g,-0.007356662742970088,-0.008894616157541502
beta_small_landlord,25.0,ownership_cap_soft,1,homeownership_rate,0.36895674300254455,-0.056416391325813664
beta_small_landlord,25.0,ownership_cap_soft,1,rental_vacancy_rate,0.11522633744855967,-0.04511121529405637
beta_small_landlord,25.0,ownership_cap_soft,1,annual_appreciation_g,-0.011528915122889782,-0.013066868537461196
beta_small_landlord,25.0,ownership_cap_hard,1,homeownership_rate,0.4073107049608355,-0.018062429367522725
beta_small_landlord,25.0,ownership_cap_hard,1,rental_vacancy_rate,0.15254237288135594,-0.007795179861260104
beta_small_landlord,25.0,ownership_cap_hard,1,annual_appreciation_g,-0.03,-0.03153795341457141
beta_small_landlord,25.0,purchase_tax,1,homeownership_rate,0.40954773869346733,-0.015825395634890882
beta_small_landlord,25.0,purchase_tax,1,rental_vacancy_rate,0.06278026905829596,-0.09755728368432008
beta_small_landlord,25.0,purchase_tax,1,annual_appreciation_g,-0.0111537741305201,-0.012691727545091513
beta_small_landlord,25.0,vacancy_tax,1,homeownership_rate,0.43276283618581907,0.007389701857460851
beta_small_landlord,25.0,vacancy_tax,1,rental_vacancy_rate,0.13215859030837004,-0.028178962434246002
beta_small_landlord,25.0,vacancy_tax,1,annual_appreciation_g,-0.0032468328255567114,-0.004784786240128125
beta_small_landlord,25.0,portfolio_tax,1,homeownership_rate,0.4253731343283582,0.0
beta_small_landlord,25.0,portfolio_tax,1,rental_vacancy_rate,0.16033755274261605,0.0
beta_small_landlord,25.0,portfolio_tax,1,annual_appreciation_g,0.0015379534145714135,0.0
beta_small_landlord,25.0,geographic,1,homeownership_rate,0.2846153846153846,-0.1407577497129736
beta_small_landlord,25.0,geographic,1,rental_vacancy_rate,0.14444444444444443,-0.015893108298171615
beta_small_landlord,25.0,geographic,1,annual_appreciation_g,0.00550410709375293,0.003966153679181517
beta_small_landlord,25.0,baseline,2,homeownership_rate,0.42276422764227645,0.0
beta_small_landlord,25.0,baseline,2,rental_vacancy_rate,0.248,0.0
beta_small_landlord,25.0,baseline,2,annual_appreciation_g,0.057642479772559874,0.0
beta_small_landlord,25.0,waiting_period,2,homeownership_rate,0.47381546134663344,0.05105123370435699
beta_small_landlord,25.0,waiting_period,2,rental_vacancy_rate,0.16901408450704225,-0.07898591549295775
beta_small_landlord,25.0,waiting_period,2,annual_appreciation_g,-0.01609710542789622,-0.07373958520045609
beta_small_landlord,25.0,ownership_cap_soft,2,homeownership_rate,0.3462532299741602,-0.07651099766811625
beta_small_landlord,25.0,ownership_cap_soft,2,rental_vacancy_rate,0.028925619834710745,-0.21907438016528924
beta_small_landlord,25.0,ownership_cap_soft,2,annual_appreciation_g,-0.01101459764183299,-0.06865707741439286
beta_small_landlord,25.0,ownership_cap_hard,2,homeownership_rate,0.3626373626373626,-0.06012686500491382
beta_small_landlord,25.0,ownership_cap_hard,2,rental_vacancy_rate,0.19066147859922178,-0.05733852140077822
beta_small_landlord,25.0,ownership_cap_hard,2,annual_appreciation_g,0.0019171738799996785,-0.055725305892560195
beta_small_landlord,25.0,purchase_tax,2,homeownership_rate,0.47493403693931396,0.05216980929703752
beta_small_landlord,25.0,purchase_tax,2,rental_vacancy_rate,0.2857142857142857,0.0377142857142857
beta_small_landlord,25.0,purchase_tax,2,annual_appreciation_g,-0.00015312011002077686,-0.05779559988258065
beta_small_landlord,25.0,vacancy_tax,2,homeownership_rate,0.3605263157894737,-0.06223791185280275
beta_small_landlord,25.0,vacancy_tax,2,rental_vacancy_rate,0.03765690376569038,-0.21034309623430963
beta_small_landlord,25.0,vacancy_tax,2,annual_appreciation_g,-0.025269332543424117,-0.08291181231598399
beta_small_landlord,25.0,portfolio_tax,2,homeownership_rate,0.42276422764227645,0.0
beta_small_landlord,25.0,portfolio_tax,2,rental_vacancy_rate,0.248,0.0
beta_small_landlord,25.0,portfolio_tax,2,annual_appreciation_g,0.057642479772559874,0.0
beta_small_landlord,25.0,geographic,2,homeownership_rate,0.33507853403141363,-0.08768569361086281
beta_small_landlord,25.0,geographic,2,rental_vacancy_rate,0.14759036144578314,-0.10040963855421686
beta_small_landlord,25.0,geographic,2,annual_appreciation_g,0.02180052379126929,-0.035841955981290585
beta_small_landlord,25.0,baseline,3,homeownership_rate,0.400990099009901,0.0
beta_small_landlord,25.0,baseline,3,rental_vacancy_rate,0.22950819672131148,0.0
beta_small_landlord,25.0,baseline,3,annual_appreciation_g,-0.00535676075043201,0.0
beta_small_landlord,25.0,waiting_period,3,homeownership_rate,0.413265306122449,0.012275207112547981
beta_small_landlord,25.0,waiting_period,3,rental_vacancy_rate,0.15481171548117154,-0.07469648124013994
beta_small_landlord,25.0,waiting_period,3,annual_appreciation_g,-0.026434462023721572,-0.021077701273289562
beta_small_landlord,25.0,ownership_cap_soft,3,homeownership_rate,0.4648241206030151,0.06383402159311408
beta_small_landlord,25.0,ownership_cap_soft,3,rental_vacancy_rate,0.3204633204633205,0.09095512374200901
beta_small_landlord,25.0,ownership_cap_soft,3,annual_appreciation_g,0.12402743896551871,0.12938419971595072
beta_small_landlord,25.0,ownership_cap_hard,3,homeownership_rate,0.44902912621359226,0.04803902720369124
beta_small_landlord,25.0,ownership_cap_hard,3,rental_vacancy_rate,0.22033898305084745,-0.009169213670464027
beta_small_landlord,25.0,ownership_cap_hard,3,annual_appreciation_g,-0.029291920027407103,-0.023935159276975093
beta_small_landlord,25.0,purchase_tax,3,homeownership_rate,0.4120603015075377,0.011070202497636683
beta_small_landlord,25.0,purchase_tax,3,rental_vacancy_rate,0.2,-0.02950819672131147
beta_small_landlord,25.0,purchase_tax,3,annual_appreciation_g,-0.03,-0.02464323924956799
beta_small_landlord,25.0,vacancy_tax,3,homeownership_rate,0.46446700507614214,0.06347690606624112
beta_small_landlord,25.0,vacancy_tax,3,rental_vacancy_rate,0.30165289256198347,0.07214469584067199
beta_small_landlord,25.0,vacancy_tax,3,annual_appreciation_g,0.02624388525007637,0.03160064600050838
beta_small_landlord,25.0,portfolio_tax,3,homeownership_rate,0.400990099009901,0.0
beta_small_landlord,25.0,portfolio_tax,3,rental_vacancy_rate,0.22950819672131148,0.0
beta_small_landlord,25.0,portfolio_tax,3,annual_appreciation_g,-0.00535676075043201,0.0
beta_small_landlord,25.0,geographic,3,homeownership_rate,0.21212121212121213,-0.18886888688868889
beta_small_landlord,25.0,geographic,3,rental_vacancy_rate,0.12568306010928962,-0.10382513661202186
beta_small_landlord,25.0,geographic,3,annual_appreciation_g,0.0,0.00535676075043201
beta_small_landlord,25.0,baseline,4,homeownership_rate,0.4230769230769231,0.0
beta_small_landlord,25.0,baseline,4,rental_vacancy_rate,0.06046511627906977,0.0
beta_small_landlord,25.0,baseline,4,annual_appreciation_g,-0.008403861528060053,0.0
beta_small_landlord,25.0,waiting_period,4,homeownership_rate,0.4424552429667519,0.019378319889828854
beta_small_landlord,25.0,waiting_period,4,rental_vacancy_rate,0.105,0.04453488372093023
beta_small_landlord,25.0,waiting_period,4,annual_appreciation_g,-0.03,-0.021596138471939946
beta_small_landlord,25.0,ownership_cap_soft,4,homeownership_rate,0.51010101010101,0.08702408702408698
beta_small_landlord,25.0,ownership_cap_soft,4,rental_vacancy_rate,0.22935779816513763,0.16889268188606787
beta_small_landlord,25.0,ownership_cap_soft,4,annual_appreciation_g,0.0627041281294296,0.07110798965748966
beta_small_landlord,25.0,ownership_cap_hard,4,homeownership_rate,0.37317073170731707,-0.049906191369606
beta_small_landlord,25.0,ownership_cap_hard,4,rental_vacancy_rate,0.0,-0.06046511627906977
beta_small_landlord,25.0,ownership_cap_hard,4,annual_appreciation_g,-0.03,-0.021596138471939946
beta_small_landlord,25.0,purchase_tax,4,homeownership_rate,0.5166240409207161,0.09354711784379305
beta_small_landlord,25.0,purchase_tax,4,rental_vacancy_rate,0.2832618025751073,0.22279668629603755
beta_small_landlord,25.0,purchase_tax,4,annual_appreciation_g,0.018580550878229518,0.02698441240628957
beta_small_landlord,25.0,vacancy_tax,4,homeownership_rate,0.4669926650366748,0.04391574195975173
beta_small_landlord,25.0,vacancy_tax,4,rental_vacancy_rate,0.18803418803418803,0.12756907175511828
beta_small_landlord,25.0,vacancy_tax,4,annual_appreciation_g,0.008201212861636442,0.016605074389696495
beta_small_landlord,25.0,portfolio_tax,4,homeownership_rate,0.4230769230769231,0.0
beta_small_landlord,25.0,portfolio_tax,4,rental_vacancy_rate,0.06046511627906977,0.0
beta_small_landlord,25.0,portfolio_tax,4,annual_appreciation_g,-0.008403861528060053,0.0
beta_small_landlord,25.0,geographic,4,homeownership_rate,0.20911528150134048,-0.2139616415755826
beta_small_landlord,25.0,geographic,4,rental_vacancy_rate,0.09631728045325778,0.03585216417418802
beta_small_landlord,25.0,geographic,4,annual_appreciation_g,0.06769818389868232,0.07610204542674237
beta_small_landlord,25.0,baseline,5,homeownership_rate,0.40860215053763443,0.0
beta_small_landlord,25.0,baseline,5,rental_vacancy_rate,0.2052401746724891,0.0
beta_small_landlord,25.0,baseline,5,annual_appreciation_g,-0.011632828191031508,0.0
beta_small_landlord,25.0,waiting_period,5,homeownership_rate,0.37270341207349084,-0.0358987384641436
beta_small_landlord,25.0,waiting_period,5,rental_vacancy_rate,0.08374384236453201,-0.12149633230795708
beta_small_landlord,25.0,waiting_period,5,annual_appreciation_g,-0.01682836351095629,-0.005195535319924782
beta_small_landlord,25.0,ownership_cap_soft,5,homeownership_rate,0.39425587467362927,-0.014346275864005165
beta_small_landlord,25.0,ownership_cap_soft,5,rental_vacancy_rate,0.1565217391304348,-0.048718435542054295
beta_small_landlord,25.0,ownership_cap_soft,5,annual_appreciation_g,-0.03,-0.01836717180896849
beta_small_landlord,25.0,ownership_cap_hard,5,homeownership_rate,0.3975,-0.011102150537634414
beta_small_landlord,25.0,ownership_cap_hard,5,rental_vacancy_rate,0.13839285714285715,-0.06684731752963194
beta_small_landlord,25.0,ownership_cap_hard,5,annual_appreciation_g,-0.03,-0.01836717180896849
beta_small_landlord,25.0,purchase_tax,5,homeownership_rate,0.43915343915343913,0.030551288615804695
beta_small_landlord,25.0,purchase_tax,5,rental_vacancy_rate,0.22672064777327935,0.021480473100790265
beta_small_landlord,25.0,purchase_tax,5,annual_appreciation_g,-0.01980054281041488,-0.00816771461938337
beta_small_landlord,25.0,vacancy_tax,5,homeownership_rate,0.40097799511002447,-0.007624155427609969
beta_small_landlord,25.0,vacancy_tax,5,rental_vacancy_rate,0.10572687224669604,-0.09951330242579305
beta_small_landlord,25.0,vacancy_tax,5,annual_appreciation_g,-0.03,-0.01836717180896849
beta_small_landlord,25.0,portfolio_tax,5,homeownership_rate,0.40860215053763443,0.0
beta_small_landlord,25.0,portfolio_tax,5,rental_vacancy_rate,0.2052401746724891,0.0
beta_small_landlord,25.0,portfolio_tax,5,annual_appreciation_g,-0.011632828191031508,0.0
beta_small_landlord,25.0,geographic,5,homeownership_rate,0.21122994652406418,-0.19737220401357025
beta_small_landlord,25.0,geographic,5,rental_vacancy_rate,0.13858695652173914,-0.06665321815074995
beta_small_landlord,25.0,geographic,5,annual_appreciation_g,-0.013146685298109362,-0.001513857107077854
beta_small_landlord,25.0,baseline,6,homeownership_rate,0.3793103448275862,0.0
beta_small_landlord,25.0,baseline,6,rental_vacancy_rate,0.02127659574468085,0.0
beta_small_landlord,25.0,baseline,6,annual_appreciation_g,-0.03,0.0
beta_small_landlord,25.0,waiting_period,6,homeownership_rate,0.37037037037037035,-0.008939974457215838
beta_small_landlord,25.0,waiting_period,6,rental_vacancy_rate,0.1095890410958904,0.08831244535120955
beta_small_landlord,25.0,waiting_period,6,annual_appreciation_g,-0.022230869504528017,0.007769130495471982
beta_small_landlord,25.0,ownership_cap_soft,6,homeownership_rate,0.4271604938271605,0.04785014899957429
beta_small_landlord,25.0,ownership_cap_soft,6,rental_vacancy_rate,0.17167381974248927,0.15039722399780842
beta_small_landlord,25.0,ownership_cap_soft,6,annual_appreciation_g,-0.03,0.0
beta_small_landlord,25.0,ownership_cap_hard,6,homeownership_rate,0.42676767676767674,0.04745733194009055
beta_small_landlord,25.0,ownership_cap_hard,6,rental_vacancy_rate,0.14937759336099585,0.128100997616315
beta_small_landlord,25.0,ownership_cap_hard,6,annual_appreciation_g,0.010140077256098445,0.040140077256098444
beta_small_landlord,25.0,purchase_tax,6,homeownership_rate,0.36507936507936506,-0.014230979748221129
beta_small_landlord,25.0,purchase_tax,6,rental_vacancy_rate,0.11428571428571428,0.09300911854103343
beta_small_landlord,25.0,purchase_tax,6,annual_appreciation_g,-0.03,0.0
beta_small_landlord,25.0,vacancy_tax,6,homeownership_rate,0.4987593052109181,0.11944896038333191
beta_small_landlord,25.0,vacancy_tax,6,rental_vacancy_rate,0.2788844621513944,0.25760786640671357
beta_small_landlord,25.0,vacancy_tax,6,annual_appreciation_g,0.0034000039453447872,0.033400003945344786
beta_small_landlord,25.0,portfolio_tax,6,homeownership_rate,0.3793103448275862,0.0
beta_small_landlord,25.0,portfolio_tax,6,rental_vacancy_rate,0.02127659574468085,0.0
beta_small_landlord,25.0,portfolio_tax,6,annual_appreciation_g,-0.03,0.0
beta_small_landlord,25.0,geographic,6,homeownership_rate,0.23214285714285715,-0.14716748768472904
beta_small_landlord,25.0,geographic,6,rental_vacancy_rate,0.12737127371273713,0.10609467796805627
beta_small_landlord,25.0,geographic,6,annual_appreciation_g,0.10211037011608104,0.13211037011608104
beta_small_landlord,25.0,baseline,7,homeownership_rate,0.4271604938271605,0.0
beta_small_landlord,25.0,baseline,7,rental_vacancy_rate,0.05092592592592592,0.0
beta_small_landlord,25.0,baseline,7,annual_appreciation_g,-0.015397904989540745,0.0
beta_small_landlord,25.0,waiting_period,7,homeownership_rate,0.5024509803921569,0.07529048656499637
beta_small_landlord,25.0,waiting_period,7,rental_vacancy_rate,0.16666666666666666,0.11574074074074073
beta_small_landlord,25.0,waiting_period,7,annual_appreciation_g,-0.03,-0.014602095010459254
beta_small_landlord,25.0,ownership_cap_soft,7,homeownership_rate,0.42574257425742573,-0.001417919569734749
beta_small_landlord,25.0,ownership_cap_soft,7,rental_vacancy_rate,0.05092592592592592,0.0
beta_small_landlord,25.0,ownership_cap_soft,7,annual_appreciation_g,-0.014531573278436238,0.0008663317111045066
beta_small_landlord,25.0,ownership_cap_hard,7,homeownership_rate,0.4271604938271605,0.0
beta_small_landlord,25.0,ownership_cap_hard,7,rental_vacancy_rate,0.05092592592592592,0.0
beta_small_landlord,25.0,ownership_cap_hard,7,annual_appreciation_g,-0.015397904989540745,0.0
beta_small_landlord,25.0,purchase_tax,7,homeownership_rate,0.4601990049751244,0.03303851114796391
beta_small_landlord,25.0,purchase_tax,7,rental_vacancy_rate,0.12550607287449392,0.07458014694856799
beta_small_landlord,25.0,purchase_tax,7,annual_appreciation_g,-0.0063968081425178624,0.009001096847022882
beta_small_landlord,25.0,vacancy_tax,7,homeownership_rate,0.4271604938271605,0.0
beta_small_landlord,25.0,vacancy_tax,7,rental_vacancy_rate,0.05092592592592592,0.0
beta_small_landlord,25.0,vacancy_tax,7,annual_appreciation_g,-0.015397904989540745,0.0
beta_small_landlord,25.0,portfolio_tax,7,homeownership_rate,0.4271604938271605,0.0
beta_small_landlord,25.0,portfolio_tax,7,rental_vacancy_rate,0.05092592592592592,0.0
beta_small_landlord,25.0,portfolio_tax,7,annual_appreciation_g,-0.015397904989540745,0.0
beta_small_landlord,25.0,geographic,7,homeownership_rate,0.2643979057591623,-0.1627625880679982
beta_small_landlord,25.0,geographic,7,rental_vacancy_rate,0.12285714285714286,0.07193121693121693
beta_small_landlord,25.0,geographic,7,annual_appreciation_g,0.0,0.015397904989540745
beta_small_landlord,25.0,baseline,8,homeownership_rate,0.47837150127226463,0.0
beta_small_landlord,25.0,baseline,8,rental_vacancy_rate,0.11961722488038277,0.0
beta_small_landlord,25.0,baseline,8,annual_appreciation_g,-0.03,0.0
beta_small_landlord,25.0,waiting_period,8,homeownership_rate,0.4307692307692308,-0.04760227050303384
beta_small_landlord,25.0,waiting_period,8,rental_vacancy_rate,0.1336206896551724,0.014003464774789628
beta_small_landlord,25.0,waiting_period,8,annual_appreciation_g,-0.026430075818408283,0.003569924181591716
beta_small_landlord,25.0,ownership_cap_soft,8,homeownership_rate,0.47837150127226463,0.0
beta_small_landlord,25.0,ownership_cap_soft,8,rental_vacancy_rate,0.11961722488038277,0.0
beta_small_landlord,25.0,ownership_cap_soft,8,annual_appreciation_g,-0.03,0.0
beta_small_landlord,25.0,ownership_cap_hard,8,homeownership_rate,0.47837150127226463,0.0
beta_small_landlord,25.0,ownership_cap_hard,8,rental_vacancy_rate,0.11961722488038277,0.0
beta_small_landlord,25.0,ownership_cap_hard,8,annual_appreciation_g,-0.03,0.0
beta_small_landlord,25.0,purchase_tax,8,homeownership_rate,0.44642857142857145,-0.03194292984369318
beta_small_landlord,25.0,purchase_tax,8,rental_vacancy_rate,0.125,0.005382775119617225
beta_small_landlord,25.0,purchase_tax,8,annual_appreciation_g,-0.03,0.0
beta_small_landlord,25.0,vacancy_tax,8,homeownership_rate,0.4833759590792839,0.005004457807019247
beta_small_landlord,25.0,vacancy_tax,8,rental_vacancy_rate,0.1291866028708134,0.00956937799043063
beta_small_landlord,25.0,vacancy_tax,8,annual_appreciation_g,-0.03,0.0
beta_small_landlord,25.0,portfolio_tax,8,homeownership_rate,0.47837150127226463,0.0
beta_small_landlord,25.0,portfolio_tax,8,rental_vacancy_rate,0.11961722488038277,0.0
beta_small_landlord,25.0,portfolio_tax,8,annual_appreciation_g,-0.03,0.0
beta_small_landlord,25.0,geographic,8,homeownership_rate,0.27791563275434245,-0.2004558685179222
beta_small_landlord,25.0,geographic,8,rental_vacancy_rate,0.11048158640226628,-0.009135638478116492
beta_small_landlord,25.0,geographic,8,annual_appreciation_g,0.0014647927350028844,0.03146479273500288
beta_small_landlord,25.0,baseline,9,homeownership_rate,0.4573643410852713,0.0
beta_small_landlord,25.0,baseline,9,rental_vacancy_rate,0.15584415584415584,0.0
beta_small_landlord,25.0,baseline,9,annual_appreciation_g,-0.0119065526587393,0.0
beta_small_landlord,25.0,waiting_period,9,homeownership_rate,0.3853658536585366,-0.0719984874267347
beta_small_landlord,25.0,waiting_period,9,rental_vacancy_rate,0.008403361344537815,-0.14744079449961803
beta_small_landlord,25.0,waiting_period,9,annual_appreciation_g,-0.02078443106027239,-0.00887787840153309
beta_small_landlord,25.0,ownership_cap_soft,9,homeownership_rate,0.45384615384615384,-0.003518187239117454
beta_small_landlord,25.0,ownership_cap_soft,9,rental_vacancy_rate,0.15217391304347827,-0.00367024280067757
beta_small_landlord,25.0,ownership_cap_soft,9,annual_appreciation_g,-0.00949485164047248,0.002411701018266821
beta_small_landlord,25.0,ownership_cap_hard,9,homeownership_rate,0.4573643410852713,0.0
beta_small_landlord,25.0,ownership_cap_hard,9,rental_vacancy_rate,0.15584415584415584,0.0
beta_small_landlord,25.0,ownership_cap_hard,9,annual_appreciation_g,-0.0119065526587393,0.0
beta_small_landlord,25.0,purchase_tax,9,homeownership_rate,0.3691931540342298,-0.08817118705104149
beta_small_landlord,25.0,purchase_tax,9,rental_vacancy_rate,0.08363636363636363,-0.0722077922077922
beta_small_landlord,25.0,purchase_tax,9,annual_appreciation_g,-0.03,-0.0180934473412607
beta_small_landlord,25.0,vacancy_tax,9,homeownership_rate,0.44836272040302266,-0.009001620682248634
beta_small_landlord,25.0,vacancy_tax,9,rental_vacancy_rate,0.11864406779661017,-0.03720008804754567
beta_small_landlord,25.0,vacancy_tax,9,annual_appreciation_g,-0.03,-0.0180934473412607
beta_small_landlord,25.0,portfolio_tax,9,homeownership_rate,0.4573643410852713,0.0
beta_small_landlord,25.0,portfolio_tax,9,rental_vacancy_rate,0.15584415584415584,0.0
beta_small_landlord,25.0,portfolio_tax,9,annual_appreciation_g,-0.0119065526587393,0.0
beta_small_landlord,25.0,geographic,9,homeownership_rate,0.18703241895261846,-0.27033192213265284
beta_small_landlord,25.0,geographic,9,rental_vacancy_rate,0.0873015873015873,-0.06854256854256854
beta_small_landlord,25.0,geographic,9,annual_appreciation_g,-0.03,-0.0180934473412607
beta_small_landlord,25.0,baseline,10,homeownership_rate,0.4271356783919598,0.0
beta_small_landlord,25.0,baseline,10,rental_vacancy_rate,0.17427385892116182,0.0
beta_small_landlord,25.0,baseline,10,annual_appreciation_g,-0.013596992375687122,0.0
beta_small_landlord,25.0,waiting_period,10,homeownership_rate,0.41032608695652173,-0.016809591435438087
beta_small_landlord,25.0,waiting_period,10,rental_vacancy_rate,0.21551724137931033,0.041243382458148514
beta_small_landlord,25.0,waiting_period,10,annual_appreciation_g,-0.013036816206808743,0.0005601761688783791
beta_small_landlord,25.0,ownership_cap_soft,10,homeownership_rate,0.40048543689320387,-0.026650241498755944
beta_small_landlord,25.0,ownership_cap_soft,10,rental_vacancy_rate,0.10569105691056911,-0.0685828020105927
beta_small_landlord,25.0,ownership_cap_soft,10,annual_appreciation_g,-0.028607410966833058,-0.015010418591145935
beta_small_landlord,25.0,ownership_cap_hard,10,homeownership_rate,0.4344660194174757,0.007330341025515885
beta_small_landlord,25.0,ownership_cap_hard,10,rental_vacancy_rate,0.24803149606299213,0.07375763714183031
beta_small_landlord,25.0,ownership_cap_hard,10,annual_appreciation_g,-0.03,-0.016403007624312876
beta_small_landlord,25.0,purchase_tax,10,homeownership_rate,0.4129353233830846,-0.014200355008875232
beta_small_landlord,25.0,purchase_tax,10,rental_vacancy_rate,0.16342412451361868,-0.010849734407543138
beta_small_landlord,25.0,purchase_tax,10,annual_appreciation_g,-0.014313971090034627,-0.0007169787143475048
beta_small_landlord,25.0,vacancy_tax,10,homeownership_rate,0.47058823529411764,0.043452556902157824
beta_small_landlord,25.0,vacancy_tax,10,rental_vacancy_rate,0.3185483870967742,0.14427452817561237
beta_small_landlord,25.0,vacancy_tax,10,annual_appreciation_g,0.0,0.013596992375687122
beta_small_landlord,25.0,portfolio_tax,10,homeownership_rate,0.4271356783919598,0.0
beta_small_landlord,25.0,portfolio_tax,10,rental_vacancy_rate,0.17427385892116182,0.0
beta_small_landlord,25.0,portfolio_tax,10,annual_appreciation_g,-0.013596992375687122,0.0
beta_small_landlord,25.0,geographic,10,homeownership_rate,0.21842105263157896,-0.20871462576038086
beta_small_landlord,25.0,geographic,10,rental_vacancy_rate,0.0851063829787234,-0.08916747594243842
beta_small_landlord,25.0,geographic,10,annual_appreciation_g,-0.03,-0.016403007624312876
beta_small_landlord,25.0,baseline,11,homeownership_rate,0.4256410256410256,0.0
beta_small_landlord,25.0,baseline,11,rental_vacancy_rate,0.11009174311926606,0.0
beta_small_landlord,25.0,baseline,11,annual_appreciation_g,-0.03,0.0
beta_small_landlord,25.0,waiting_period,11,homeownership_rate,0.3778337531486146,-0.04780727249241101
beta_small_landlord,25.0,waiting_period,11,rental_vacancy_rate,0.0,-0.11009174311926606
beta_small_landlord,25.0,waiting_period,11,annual_appreciation_g,-0.01692513790705774,0.013074862092942258
beta_small_landlord,25.0,ownership_cap_soft,11,homeownership_rate,0.417910447761194,-0.007730577879831613
beta_small_landlord,25.0,ownership_cap_soft,11,rental_vacancy_rate,0.0867579908675799,-0.023333752251686157
beta_small_landlord,25.0,ownership_cap_soft,11,annual_appreciation_g,-0.03,0.0
beta_small_landlord,25.0,ownership_cap_hard,11,homeownership_rate,0.4263959390862944,0.00075491344526879
beta_small_landlord,25.0,ownership_cap_hard,11,rental_vacancy_rate,0.14285714285714285,0.03276539973787679
beta_small_landlord,25.0,ownership_cap_hard,11,annual_appreciation_g,-0.01602499879153929,0.013975001208460708
beta_small_landlord,25.0,purchase_tax,11,homeownership_rate,0.3865979381443299,-0.039043087496695716
beta_small_landlord,25.0,purchase_tax,11,rental_vacancy_rate,0.08502024291497975,-0.025071500204286307
beta_small_landlord,25.0,purchase_tax,11,annual_appreciation_g,-0.03,0.0
beta_small_landlord,25.0,vacancy_tax,11,homeownership_rate,0.41012658227848103,-0.015514443362544594
beta_small_landlord,25.0,vacancy_tax,11,rental_vacancy_rate,0.04245283018867924,-0.06763891293058683
beta_small_landlord,25.0,vacancy_tax,11,annual_appreciation_g,-0.0026224777142092037,0.027377522285790795
beta_small_landlord,25.0,portfolio_tax,11,homeownership_rate,0.4256410256410256,0.0
beta_small_landlord,25.0,portfolio_tax,11,rental_vacancy_rate,0.11009174311926606,0.0
beta_small_landlord,25.0,portfolio_tax,11,annual_appreciation_g,-0.03,0.0
beta_small_landlord,25.0,geographic,11,homeownership_rate,0.2823834196891192,-0.14325760595190645
beta_small_landlord,25.0,geographic,11,rental_vacancy_rate,0.17058823529411765,0.06049649217485159
beta_small_landlord,25.0,geographic,11,annual_appreciation_g,0.13408093628888396,0.16408093628888396
beta_small_landlord,25.0,baseline,12,homeownership_rate,0.36658354114713215,0.0
beta_small_landlord,25.0,baseline,12,rental_vacancy_rate,0.0,0.0
beta_small_landlord,25.0,baseline,12,annual_appreciation_g,-0.03,0.0
beta_small_landlord,25.0,waiting_period,12,homeownership_rate,0.4959349593495935,0.12935141820246132
beta_small_landlord,25.0,waiting_period,12,rental_vacancy_rate,0.2245762711864407,0.2245762711864407
beta_small_landlord,25.0,waiting_period,12,annual_appreciation_g,0.017150617958402448,0.047150617958402447
beta_small_landlord,25.0,ownership_cap_soft,12,homeownership_rate,0.3793969849246231,0.01281344377749094
beta_small_landlord,25.0,ownership_cap_soft,12,rental_vacancy_rate,0.04583333333333333,0.04583333333333333
beta_small_landlord,25.0,ownership_cap_soft,12,annual_appreciation_g,-0.027749464943673918,0.0022505350563260806
beta_small_landlord,25.0,ownership_cap_hard,12,homeownership_rate,0.3706467661691542,0.0040632250220220545
beta_small_landlord,25.0,ownership_cap_hard,12,rental_vacancy_rate,0.024691358024691357,0.024691358024691357
beta_small_landlord,25.0,ownership_cap_hard,12,annual_appreciation_g,-0.020990708219932652,0.009009291780067347
beta_small_landlord,25.0,purchase_tax,12,homeownership_rate,0.3185378590078329,-0.04804568213929927
beta_small_landlord,25.0,purchase_tax,12,rental_vacancy_rate,0.03333333333333333,0.03333333333333333
beta_small_landlord,25.0,purchase_tax,12,annual_appreciation_g,-0.03,0.0
beta_small_landlord,25.0,vacancy_tax,12,homeownership_rate,0.45408163265306123,0.08749809150592908
beta_small_landlord,25.0,vacancy_tax,12,rental_vacancy_rate,0.06787330316742081,0.06787330316742081
beta_small_landlord,25.0,vacancy_tax,12,annual_appreciation_g,-0.029461143878527718,0.0005388561214722809
beta_small_landlord,25.0,portfolio_tax,12,homeownership_rate,0.36658354114713215,0.0
beta_small_landlord,25.0,portfolio_tax,12,rental_vacancy_rate,0.0,0.0
beta_small_landlord,25.0,portfolio_tax,12,annual_appreciation_g,-0.03,0.0
beta_small_landlord,25.0,geographic,12,homeownership_rate,0.24352331606217617,-0.12306022508495598
beta_small_landlord,25.0,geographic,12,rental_vacancy_rate,0.054380664652567974,0.054380664652567974
beta_small_landlord,25.0,geographic,12,annual_appreciation_g,-0.00991937030871981,0.02008062969128019
beta_small_landlord,25.0,baseline,13,homeownership_rate,0.41625615763546797,0.0
beta_small_landlord,25.0,baseline,13,rental_vacancy_rate,0.0,0.0
beta_small_landlord,25.0,baseline,13,annual_appreciation_g,-0.03,0.0
beta_small_landlord,25.0,waiting_period,13,homeownership_rate,0.465,0.04874384236453205
beta_small_landlord,25.0,waiting_period,13,rental_vacancy_rate,0.14864864864864866,0.14864864864864866
beta_small_landlord,25.0,waiting_period,13,annual_appreciation_g,-0.00539724435518385,0.02460275564481615
beta_small_landlord,25.0,ownership_cap_soft,13,homeownership_rate,0.41625615763546797,0.0
beta_small_landlord,25.0,ownership_cap_soft,13,rental_vacancy_rate,0.0,0.0
beta_small_landlord,25.0,ownership_cap_soft,13,annual_appreciation_g,-0.03,0.0
beta_small_landlord,25.0,ownership_cap_hard,13,homeownership_rate,0.41625615763546797,0.0
beta_small_landlord,25.0,ownership_cap_hard,13,rental_vacancy_rate,0.0,0.0
beta_small_landlord,25.0,ownership_cap_hard,13,annual_appreciation_g,-0.03,0.0
beta_small_landlord,25.0,purchase_tax,13,homeownership_rate,0.32908163265306123,-0.08717452498240674
beta_small_landlord,25.0,purchase_tax,13,rental_vacancy_rate,0.0,0.0
beta_small_landlord,25.0,purchase_tax,13,annual_appreciation_g,-0.010717755662664197,0.019282244337335802
beta_small_landlord,25.0,vacancy_tax,13,homeownership_rate,0.35336538461538464,-0.06289077302008333
beta_small_landlord,25.0,vacancy_tax,13,rental_vacancy_rate,0.0,0.0
beta_small_landlord,25.0,vacancy_tax,13,annual_appreciation_g,-0.017712256593412468,0.012287743406587531
beta_small_landlord,25.0,portfolio_tax,13,homeownership_rate,0.41625615763546797,0.0
beta_small_landlord,25.0,portfolio_tax,13,rental_vacancy_rate,0.0,0.0
beta_small_landlord,25.0,portfolio_tax,13,annual_appreciation_g,-0.03,0.0
beta_small_landlord,25.0,geographic,13,homeownership_rate,0.2604166666666667,-0.1558394909688013
beta_small_landlord,25.0,geographic,13,rental_vacancy_rate,0.12244897959183673,0.12244897959183673
beta_small_landlord,25.0,geographic,13,annual_appreciation_g,0.06633304022862485,0.09633304022862485
beta_small_landlord,25.0,baseline,14,homeownership_rate,0.4793814432989691,0.0
beta_small_landlord,25.0,baseline,14,rental_vacancy_rate,0.25,0.0
beta_small_landlord,25.0,baseline,14,annual_appreciation_g,0.001741639796116079,0.0
beta_small_landlord,25.0,waiting_period,14,homeownership_rate,0.44471153846153844,-0.034669904837430654
beta_small_landlord,25.0,waiting_period,14,rental_vacancy_rate,0.12669683257918551,-0.12330316742081449
beta_small_landlord,25.0,waiting_period,14,annual_appreciation_g,-0.004777159466567982,-0.006518799262684061
beta_small_landlord,25.0,ownership_cap_soft,14,homeownership_rate,0.36626506024096384,-0.11311638305800525
beta_small_landlord,25.0,ownership_cap_soft,14,rental_vacancy_rate,0.0,-0.25
beta_small_landlord,25.0,ownership_cap_soft,14,annual_appreciation_g,-0.03,-0.03174163979611608
beta_small_landlord,25.0,ownership_cap_hard,14,homeownership_rate,0.3795811518324607,-0.09980029146650837
beta_small_landlord,25.0,ownership_cap_hard,14,rental_vacancy_rate,0.06334841628959276,-0.18665158371040724
beta_small_landlord,25.0,ownership_cap_hard,14,annual_appreciation_g,-0.00838603671324567,-0.01012767650936175
beta_small_landlord,25.0,purchase_tax,14,homeownership_rate,0.38403990024937656,-0.09534154304959253
beta_small_landlord,25.0,purchase_tax,14,rental_vacancy_rate,0.017241379310344827,-0.23275862068965517
beta_small_landlord,25.0,purchase_tax,14,annual_appreciation_g,-0.03,-0.03174163979611608
beta_small_landlord,25.0,vacancy_tax,14,homeownership_rate,0.424390243902439,-0.05499119939653008
beta_small_landlord,25.0,vacancy_tax,14,rental_vacancy_rate,0.061946902654867256,-0.18805309734513276
beta_small_landlord,25.0,vacancy_tax,14,annual_appreciation_g,-0.022091481649021416,-0.023833121445137495
beta_small_landlord,25.0,portfolio_tax,14,homeownership_rate,0.4793814432989691,0.0
beta_small_landlord,25.0,portfolio_tax,14,rental_vacancy_rate,0.25,0.0
beta_small_landlord,25.0,portfolio_tax,14,annual_appreciation_g,0.001741639796116079,0.0
beta_small_landlord,25.0,geographic,14,homeownership_rate,0.2302158273381295,-0.24916561596083958
beta_small_landlord,25.0,geographic,14,rental_vacancy_rate,0.10473815461346633,-0.14526184538653367
beta_small_landlord,25.0,geographic,14,annual_appreciation_g,-0.016442232964672288,-0.018183872760788367
beta_small_landlord,25.0,baseline,15,homeownership_rate,0.5192307692307693,0.0
beta_small_landlord,25.0,baseline,15,rental_vacancy_rate,0.296137339055794,0.0
beta_small_landlord,25.0,baseline,15,annual_appreciation_g,-0.019891071040580077,0.0
beta_small_landlord,25.0,waiting_period,15,homeownership_rate,0.41952506596306066,-0.09970570326770861
beta_small_landlord,25.0,waiting_period,15,rental_vacancy_rate,0.2125984251968504,-0.08353891385894358
beta_small_landlord,25.0,waiting_period,15,annual_appreciation_g,-0.03,-0.010108928959419922
beta_small_landlord,25.0,ownership_cap_soft,15,homeownership_rate,0.4684466019417476,-0.05078416728902169
beta_small_landlord,25.0,ownership_cap_soft,15,rental_vacancy_rate,0.23684210526315788,-0.0592952337926361
beta_small_landlord,25.0,ownership_cap_soft,15,annual_appreciation_g,-0.03,-0.010108928959419922
beta_small_landlord,25.0,ownership_cap_hard,15,homeownership_rate,0.45905707196029777,-0.060173697270471505
beta_small_landlord,25.0,ownership_cap_hard,15,rental_vacancy_rate,0.22321428571428573,-0.07292305334150825
beta_small_landlord,25.0,ownership_cap_hard,15,annual_appreciation_g,-0.03,-0.010108928959419922
beta_small_landlord,25.0,purchase_tax,15,homeownership_rate,0.46596858638743455,-0.05326218284333473
beta_small_landlord,25.0,purchase_tax,15,rental_vacancy_rate,0.23529411764705882,-0.06084322140873516
beta_small_landlord,25.0,purchase_tax,15,annual_appreciation_g,-0.01947712272141333,0.0004139483191667459
beta_small_landlord,25.0,vacancy_tax,15,homeownership_rate,0.47381546134663344,-0.045415307884135836
beta_small_landlord,25.0,vacancy_tax,15,rental_vacancy_rate,0.24553571428571427,-0.050601624770079706
beta_small_landlord,25.0,vacancy_tax,15,annual_appreciation_g,-0.03,-0.010108928959419922
beta_small_landlord,25.0,portfolio_tax,15,homeownership_rate,0.5192307692307693,0.0
beta_small_landlord,25.0,portfolio_tax,15,rental_vacancy_rate,0.296137339055794,0.0
beta_small_landlord,25.0,portfolio_tax,15,annual_appreciation_g,-0.019891071040580077,0.0
beta_small_landlord,25.0,geographic,15,homeownership_rate,0.2810945273631841,-0.2381362418675852
beta_small_landlord,25.0,geographic,15,rental_vacancy_rate,0.12921348314606743,-0.16692385590972655
beta_small_landlord,25.0,geographic,15,annual_appreciation_g,0.0005738916800985816,0.02046496272067866
beta_small_landlord,25.0,baseline,16,homeownership_rate,0.5190476190476191,0.0
beta_small_landlord,25.0,baseline,16,rental_vacancy_rate,0.0967741935483871,0.0
beta_small_landlord,25.0,baseline,16,annual_appreciation_g,-0.03,0.0
beta_small_landlord,25.0,waiting_period,16,homeownership_rate,0.3612565445026178,-0.1577910745450013
beta_small_landlord,25.0,waiting_period,16,rental_vacancy_rate,0.0091324200913242,-0.0876417734570629
beta_small_landlord,25.0,waiting_period,16,annual_appreciation_g,-0.009105482415578736,0.020894517584421263
beta_small_landlord,25.0,ownership_cap_soft,16,homeownership_rate,0.5190476190476191,0.0
beta_small_landlord,25.0,ownership_cap_soft,16,rental_vacancy_rate,0.0967741935483871,0.0
beta_small_landlord,25.0,ownership_cap_soft,16,annual_appreciation_g,-0.03,0.0
beta_small_landlord,25.0,ownership_cap_hard,16,homeownership_rate,0.5190476190476191,0.0
beta_small_landlord,25.0,ownership_cap_hard,16,rental_vacancy_rate,0.0967741935483871,0.0
beta_small_landlord,25.0,ownership_cap_hard,16,annual_appreciation_g,-0.03,0.0
beta_small_landlord,25.0,purchase_tax,16,homeownership_rate,0.3852040816326531,-0.13384353741496602
beta_small_landlord,25.0,purchase_tax,16,rental_vacancy_rate,0.06451612903225806,-0.03225806451612903
beta_small_landlord,25.0,purchase_tax,16,annual_appreciation_g,-0.0112378721241998,0.0187621278758002
beta_small_landlord,25.0,vacancy_tax,16,homeownership_rate,0.4648910411622276,-0.054156577885391466
beta_small_landlord,25.0,vacancy_tax,16,rental_vacancy_rate,0.08900523560209424,-0.0077689579462928565
beta_small_landlord,25.0,vacancy_tax,16,annual_appreciation_g,-0.03,0.0
beta_small_landlord,25.0,portfolio_tax,16,homeownership_rate,0.5190476190476191,0.0
beta_small_landlord,25.0,portfolio_tax,16,rental_vacancy_rate,0.0967741935483871,0.0
beta_small_landlord,25.0,portfolio_tax,16,annual_appreciation_g,-0.03,0.0
beta_small_landlord,25.0,geographic,16,homeownership_rate,0.2365038560411311,-0.282543763006488
beta_small_landlord,25.0,geographic,16,rental_vacancy_rate,0.10584958217270195,0.009075388624314853
beta_small_landlord,25.0,geographic,16,annual_appreciation_g,0.1591936463743402,0.1891936463743402
beta_small_landlord,25.0,baseline,17,homeownership_rate,0.46632124352331605,0.0
beta_small_landlord,25.0,baseline,17,rental_vacancy_rate,0.18433179723502305,0.0
beta_small_landlord,25.0,baseline,17,annual_appreciation_g,-0.013565796770794503,0.0
beta_small_landlord,25.0,waiting_period,17,homeownership_rate,0.43358395989974935,-0.032737283623566704
beta_small_landlord,25.0,waiting_period,17,rental_vacancy_rate,0.03896103896103896,-0.1453707582739841
beta_small_landlord,25.0,waiting_period,17,annual_appreciation_g,-0.003988671977638414,0.009577124793156089
beta_small_landlord,25.0,ownership_cap_soft,17,homeownership_rate,0.46632124352331605,0.0
beta_small_landlord,25.0,ownership_cap_soft,17,rental_vacancy_rate,0.18433179723502305,0.0
beta_small_landlord,25.0,ownership_cap_soft,17,annual_appreciation_g,-0.013565796770794503,0.0
beta_small_landlord,25.0,ownership_cap_hard,17,homeownership_rate,0.46632124352331605,0.0
beta_small_landlord,25.0,ownership_cap_hard,17,rental_vacancy_rate,0.18433179723502305,0.0
beta_small_landlord,25.0,ownership_cap_hard,17,annual_appreciation_g,-0.013565796770794503,0.0
beta_small_landlord,25.0,purchase_tax,17,homeownership_rate,0.4948186528497409,0.02849740932642486
beta_small_landlord,25.0,purchase_tax,17,rental_vacancy_rate,0.20253164556962025,0.018199848334597202
beta_small_landlord,25.0,purchase_tax,17,annual_appreciation_g,0.03602455055388187,0.049590347324676376
beta_small_landlord,25.0,vacancy_tax,17,homeownership_rate,0.38421052631578945,-0.0821107172075266
beta_small_landlord,25.0,vacancy_tax,17,rental_vacancy_rate,0.1409090909090909,-0.04342270632593215
beta_small_landlord,25.0,vacancy_tax,17,annual_appreciation_g,-0.028346226947308595,-0.014780430176514092
beta_small_landlord,25.0,portfolio_tax,17,homeownership_rate,0.46632124352331605,0.0
beta_small_landlord,25.0,portfolio_tax,17,rental_vacancy_rate,0.18433179723502305,0.0
beta_small_landlord,25.0,portfolio_tax,17,annual_appreciation_g,-0.013565796770794503,0.0
beta_small_landlord,25.0,geographic,17,homeownership_rate,0.2571428571428571,-0.20917838638045894
beta_small_landlord,25.0,geographic,17,rental_vacancy_rate,0.08504398826979472,-0.09928780896522833
beta_small_landlord,25.0,geographic,17,annual_appreciation_g,-0.0190582333949485,-0.005492436624153996
beta_small_landlord,25.0,baseline,18,homeownership_rate,0.4936708860759494,0.0
beta_small_landlord,25.0,baseline,18,rental_vacancy_rate,0.2765957446808511,0.0
beta_small_landlord,25.0,baseline,18,annual_appreciation_g,-0.020830497667255643,0.0
beta_small_landlord,25.0,waiting_period,18,homeownership_rate,0.4763157894736842,-0.017355096602265196
beta_small_landlord,25.0,waiting_period,18,rental_vacancy_rate,0.2857142857142857,0.009118541033434624
beta_small_landlord,25.0,waiting_period,18,annual_appreciation_g,-0.026637555180692885,-0.0058070575134372415
beta_small_landlord,25.0,ownership_cap_soft,18,homeownership_rate,0.5049751243781094,0.011304238302160041
beta_small_landlord,25.0,ownership_cap_soft,18,rental_vacancy_rate,0.29017857142857145,0.013582826747720378
beta_small_landlord,25.0,ownership_cap_soft,18,annual_appreciation_g,0.0,0.020830497667255643
beta_small_landlord,25.0,ownership_cap_hard,18,homeownership_rate,0.48418491484184917,-0.009485971234100221
beta_small_landlord,25.0,ownership_cap_hard,18,rental_vacancy_rate,0.21585903083700442,-0.06073671384384666
beta_small_landlord,25.0,ownership_cap_hard,18,annual_appreciation_g,-0.016375758821271957,0.004454738845983686
beta_small_landlord,25.0,purchase_tax,18,homeownership_rate,0.4900497512437811,-0.0036211348321683046
beta_small_landlord,25.0,purchase_tax,18,rental_vacancy_rate,0.2816326530612245,0.005036908380373406
beta_small_landlord,25.0,purchase_tax,18,annual_appreciation_g,0.004923282562811826,0.02575378023006747
beta_small_landlord,25.0,vacancy_tax,18,homeownership_rate,0.4325,-0.06117088607594939
beta_small_landlord,25.0,vacancy_tax,18,rental_vacancy_rate,0.19313304721030042,-0.08346269747055066
beta_small_landlord,25.0,vacancy_tax,18,annual_appreciation_g,-0.03,-0.009169502332744356
beta_small_landlord,25.0,portfolio_tax,18,homeownership_rate,0.4936708860759494,0.0
beta_small_landlord,25.0,portfolio_tax,18,rental_vacancy_rate,0.2765957446808511,0.0
beta_small_landlord,25.0,portfolio_tax,18,annual_appreciation_g,-0.020830497667255643,0.0
beta_small_landlord,25.0,geographic,18,homeownership_rate,0.23039215686274508,-0.2632787292132043
beta_small_landlord,25.0,geographic,18,rental_vacancy_rate,0.13903743315508021,-0.13755831152577086
beta_small_landlord,25.0,geographic,18,annual_appreciation_g,0.06178922758686034,0.08261972525411598
beta_small_landlord,25.0,baseline,19,homeownership_rate,0.4727272727272727,0.0
beta_small_landlord,25.0,baseline,19,rental_vacancy_rate,0.18932038834951456,0.0
beta_small_landlord,25.0,baseline,19,annual_appreciation_g,-0.0028851905377500486,0.0
beta_small_landlord,25.0,waiting_period,19,homeownership_rate,0.43444730077120824,-0.038279971956064474
beta_small_landlord,25.0,waiting_period,19,rental_vacancy_rate,0.16279069767441862,-0.026529690675095946
beta_small_landlord,25.0,waiting_period,19,annual_appreciation_g,-0.03,-0.02711480946224995
beta_small_landlord,25.0,ownership_cap_soft,19,homeownership_rate,0.4727272727272727,0.0
beta_small_landlord,25.0,ownership_cap_soft,19,rental_vacancy_rate,0.18932038834951456,0.0
beta_small_landlord,25.0,ownership_cap_soft,19,annual_appreciation_g,-0.0028851905377500486,0.0
beta_small_landlord,25.0,ownership_cap_hard,19,homeownership_rate,0.4727272727272727,0.0
beta_small_landlord,25.0,ownership_cap_hard,19,rental_vacancy_rate,0.18932038834951456,0.0
beta_small_landlord,25.0,ownership_cap_hard,19,annual_appreciation_g,-0.0028851905377500486,0.0
beta_small_landlord,25.0,purchase_tax,19,homeownership_rate,0.370757180156658,-0.10197009257061473
beta_small_landlord,25.0,purchase_tax,19,rental_vacancy_rate,0.03571428571428571,-0.15360610263522884
beta_small_landlord,25.0,purchase_tax,19,annual_appreciation_g,-0.00499548906988001,-0.0021102985321299617
beta_small_landlord,25.0,vacancy_tax,19,homeownership_rate,0.5037220843672456,0.03099481163997292
beta_small_landlord,25.0,vacancy_tax,19,rental_vacancy_rate,0.2772727272727273,0.08795233892321272
beta_small_landlord,25.0,vacancy_tax,19,annual_appreciation_g,0.0016678281967590358,0.0045530187345090845
beta_small_landlord,25.0,portfolio_tax,19,homeownership_rate,0.4727272727272727,0.0
beta_small_landlord,25.0,portfolio_tax,19,rental_vacancy_rate,0.18932038834951456,0.0
beta_small_landlord,25.0,portfolio_tax,19,annual_appreciation_g,-0.0028851905377500486,0.0
beta_small_landlord,25.0,geographic,19,homeownership_rate,0.2817955112219451,-0.1909317615053276
beta_small_landlord,25.0,geographic,19,rental_vacancy_rate,0.13953488372093023,-0.04978550462858433
beta_small_landlord,25.0,geographic,19,annual_appreciation_g,0.0,0.0028851905377500486
beta_small_landlord,50.0,baseline,0,homeownership_rate,0.44387755102040816,0.0
beta_small_landlord,50.0,baseline,0,rental_vacancy_rate,0.15714285714285714,0.0
beta_small_landlord,50.0,baseline,0,annual_appreciation_g,-0.007069421656632602,0.0
beta_small_landlord,50.0,waiting_period,0,homeownership_rate,0.4034653465346535,-0.040412204485754666
beta_small_landlord,50.0,waiting_period,0,rental_vacancy_rate,0.0,-0.15714285714285714
beta_small_landlord,50.0,waiting_period,0,annual_appreciation_g,-0.03,-0.022930578343367397
beta_small_landlord,50.0,ownership_cap_soft,0,homeownership_rate,0.42819148936170215,-0.015686061658706008
beta_small_landlord,50.0,ownership_cap_soft,0,rental_vacancy_rate,0.17272727272727273,0.01558441558441559
beta_small_landlord,50.0,ownership_cap_soft,0,annual_appreciation_g,-0.020246117717563572,-0.01317669606093097
beta_small_landlord,50.0,ownership_cap_hard,0,homeownership_rate,0.4465753424657534,0.0026977914453452656
beta_small_landlord,50.0,ownership_cap_hard,0,rental_vacancy_rate,0.26666666666666666,0.10952380952380952
beta_small_landlord,50.0,ownership_cap_hard,0,annual_appreciation_g,-0.03,-0.022930578343367397
beta_small_landlord,50.0,purchase_tax,0,homeownership_rate,0.5065963060686016,0.06271875504819346
beta_small_landlord,50.0,purchase_tax,0,rental_vacancy_rate,0.30837004405286345,0.1512271869100063
beta_small_landlord,50.0,purchase_tax,0,annual_appreciation_g,0.023862404706083584,0.030931826362716186
beta_small_landlord,50.0,vacancy_tax,0,homeownership_rate,0.44529262086513993,0.0014150698447317756
beta_small_landlord,50.0,vacancy_tax,0,rental_vacancy_rate,0.16113744075829384,0.003994583615436698
beta_small_landlord,50.0,vacancy_tax,0,annual_appreciation_g,-0.03,-0.022930578343367397
beta_small_landlord,50.0,portfolio_tax,0,homeownership_rate,0.44387755102040816,0.0
beta_small_landlord,50.0,portfolio_tax,0,rental_vacancy_rate,0.15714285714285714,0.0
beta_small_landlord,50.0,portfolio_tax,0,annual_appreciation_g,-0.007069421656632602,0.0
beta_small_landlord,50.0,geographic,0,homeownership_rate,0.27906976744186046,-0.1648077835785477
beta_small_landlord,50.0,geographic,0,rental_vacancy_rate,0.12,-0.037142857142857144
beta_small_landlord,50.0,geographic,0,annual_appreciation_g,0.020987543992432967,0.02805696564906557
beta_small_landlord,50.0,baseline,1,homeownership_rate,0.45985401459854014,0.0
beta_small_landlord,50.0,baseline,1,rental_vacancy_rate,0.18468468468468469,0.0
beta_small_landlord,50.0,baseline,1,annual_appreciation_g,-0.012093243285338784,0.0
beta_small_landlord,50.0,waiting_period,1,homeownership_rate,0.39195979899497485,-0.06789421560356529
beta_small_landlord,50.0,waiting_period,1,rental_vacancy_rate,0.15126050420168066,-0.03342418048300402
beta_small_landlord,50.0,waiting_period,1,annual_appreciation_g,-0.007356662742970088,0.004736580542368696
beta_small_landlord,50.0,ownership_cap_soft,1,homeownership_rate,0.5265700483091788,0.06671603371063861
beta_small_landlord,50.0,ownership_cap_soft,1,rental_vacancy_rate,0.2948717948717949,0.1101871101871102
beta_small_landlord,50.0,ownership_cap_soft,1,annual_appreciation_g,-0.016728607500050896,-0.004635364214712112
beta_small_landlord,50.0,ownership_cap_hard,1,homeownership_rate,0.4408866995073892,-0.01896731509115096
beta_small_landlord,50.0,ownership_cap_hard,1,rental_vacancy_rate,0.23651452282157676,0.05182983813689207
beta_small_landlord,50.0,ownership_cap_hard,1,annual_appreciation_g,-0.03,-0.017906756714661215
beta_small_landlord,50.0,purchase_tax,1,homeownership_rate,0.4908616187989556,0.031007604200415484
beta_small_landlord,50.0,purchase_tax,1,rental_vacancy_rate,0.30472103004291845,0.12003634535823376
beta_small_landlord,50.0,purchase_tax,1,annual_appreciation_g,0.0627329758239894,0.07482621910932818
beta_small_landlord,50.0,vacancy_tax,1,homeownership_rate,0.4781491002570694,0.018295085658529275
beta_small_landlord,50.0,vacancy_tax,1,rental_vacancy_rate,0.23529411764705882,0.050609432962374135
beta_small_landlord,50.0,vacancy_tax,1,annual_appreciation_g,-0.03,-0.017906756714661215
beta_small_landlord,50.0,portfolio_tax,1,homeownership_rate,0.45985401459854014,0.0
beta_small_landlord,50.0,portfolio_tax,1,rental_vacancy_rate,0.18468468468468469,0.0
beta_small_landlord,50.0,portfolio_tax,1,annual_appreciation_g,-0.012093243285338784,0.0
beta_small_landlord,50.0,geographic,1,homeownership_rate,0.2578125,-0.20204151459854014
beta_small_landlord,50.0,geographic,1,rental_vacancy_rate,0.12215909090909091,-0.06252559377559377
beta_small_landlord,50.0,geographic,1,annual_appreciation_g,0.0144072240719062,0.026500467357244983
beta_small_landlord,50.0,baseline,2,homeownership_rate,0.3822784810126582,0.0
beta_small_landlord,50.0,baseline,2,rental_vacancy_rate,0.13524590163934427,0.0
beta_small_landlord,50.0,baseline,2,annual_appreciation_g,-0.008104289093440187,0.0
beta_small_landlord,50.0,waiting_period,2,homeownership_rate,0.44329896907216493,0.06102048805950672
beta_small_landlord,50.0,waiting_period,2,rental_vacancy_rate,0.1308411214953271,-0.004404780144017184
beta_small_landlord,50.0,waiting_period,2,annual_appreciation_g,-0.00822824171357428,-0.00012395262013409347
beta_small_landlord,50.0,ownership_cap_soft,2,homeownership_rate,0.4030612244897959,0.02078274347713771
beta_small_landlord,50.0,ownership_cap_soft,2,rental_vacancy_rate,0.14893617021276595,0.013690268573421677
beta_small_landlord,50.0,ownership_cap_soft,2,annual_appreciation_g,-0.03,-0.021895710906559812
beta_small_landlord,50.0,ownership_cap_hard,2,homeownership_rate,0.3953488372093023,0.013070356196644095
beta_small_landlord,50.0,ownership_cap_hard,2,rental_vacancy_rate,0.20238095238095238,0.06713505074160811
beta_small_landlord,50.0,ownership_cap_hard,2,annual_appreciation_g,-0.008944712655386655,-0.0008404235619464684
beta_small_landlord,50.0,purchase_tax,2,homeownership_rate,0.42480211081794195,0.042523629805283736
beta_small_landlord,50.0,purchase_tax,2,rental_vacancy_rate,0.23880597014925373,0.10356006850990945
beta_small_landlord,50.0,purchase_tax,2,annual_appreciation_g,-0.008645370774966077,-0.0005410816815258901
beta_small_landlord,50.0,vacancy_tax,2,homeownership_rate,0.3641025641025641,-0.018175916910094125
beta_small_landlord,50.0,vacancy_tax,2,rental_vacancy_rate,0.17391304347826086,0.03866714183891659
beta_small_landlord,50.0,vacancy_tax,2,annual_appreciation_g,-0.012427129300150996,-0.00432284020671081
beta_small_landlord,50.0,portfolio_tax,2,homeownership_rate,0.3822784810126582,0.0
beta_small_landlord,50.0,portfolio_tax,2,rental_vacancy_rate,0.13524590163934427,0.0
beta_small_landlord,50.0,portfolio_tax,2,annual_appreciation_g,-0.008104289093440187,0.0
beta_small_landlord,50.0,geographic,2,homeownership_rate,0.25984251968503935,-0.12243596132761886
beta_small_landlord,50.0,geographic,2,rental_vacancy_rate,0.1359773371104816,0.0007314354711373261
beta_small_landlord,50.0,geographic,2,annual_appreciation_g,-0.03,-0.021895710906559812
beta_small_landlord,50.0,baseline,3,homeownership_rate,0.40648379052369077,0.0
beta_small_landlord,50.0,baseline,3,rental_vacancy_rate,0.18907563025210083,0.0
beta_small_landlord,50.0,baseline,3,annual_appreciation_g,-0.004583953701942534,0.0
beta_small_landlord,50.0,waiting_period,3,homeownership_rate,0.42077922077922075,0.014295430255529984
beta_small_landlord,50.0,waiting_period,3,rental_vacancy_rate,0.11320754716981132,-0.07586808308228951
beta_small_landlord,50.0,waiting_period,3,annual_appreciation_g,-0.002878519976396543,0.0017054337255459906
beta_small_landlord,50.0,ownership_cap_soft,3,homeownership_rate,0.4114713216957606,0.004987531172069848
beta_small_landlord,50.0,ownership_cap_soft,3,rental_vacancy_rate,0.18723404255319148,-0.0018415876989093527
beta_small_landlord,50.0,ownership_cap_soft,3,annual_appreciation_g,-0.028247439426404175,-0.02366348572446164
beta_small_landlord,50.0,ownership_cap_hard,3,homeownership_rate,0.4075,0.0010162094763092044
beta_small_landlord,50.0,ownership_cap_hard,3,rental_vacancy_rate,0.18025751072961374,-0.008818119522487095
beta_small_landlord,50.0,ownership_cap_hard,3,annual_appreciation_g,-0.022552466593431242,-0.017968512891488708
beta_small_landlord,50.0,purchase_tax,3,homeownership_rate,0.4076923076923077,0.0012085171686169183
beta_small_landlord,50.0,purchase_tax,3,rental_vacancy_rate,0.1346153846153846,-0.054460245636716226
beta_small_landlord,50.0,purchase_tax,3,annual_appreciation_g,-0.02352434516344093,-0.018940391461498396
beta_small_landlord,50.0,vacancy_tax,3,homeownership_rate,0.3979848866498741,-0.008498903873816688
beta_small_landlord,50.0,vacancy_tax,3,rental_vacancy_rate,0.20502092050209206,0.015945290249991223
beta_small_landlord,50.0,vacancy_tax,3,annual_appreciation_g,-0.03,-0.025416046298057465
beta_small_landlord,50.0,portfolio_tax,3,homeownership_rate,0.40648379052369077,0.0
beta_small_landlord,50.0,portfolio_tax,3,rental_vacancy_rate,0.18907563025210083,0.0
beta_small_landlord,50.0,portfolio_tax,3,annual_appreciation_g,-0.004583953701942534,0.0
beta_small_landlord,50.0,geographic,3,homeownership_rate,0.2715736040609137,-0.13491018646277708
beta_small_landlord,50.0,geographic,3,rental_vacancy_rate,0.1174785100286533,-0.07159712022344754
beta_small_landlord,50.0,geographic,3,annual_appreciation_g,0.002524064887717836,0.00710801858966037
beta_small_landlord,50.0,baseline,4,homeownership_rate,0.4427083333333333,0.0
beta_small_landlord,50.0,baseline,4,rental_vacancy_rate,0.12560386473429952,0.0
beta_small_landlord,50.0,baseline,4,annual_appreciation_g,-0.03,0.0
beta_small_landlord,50.0,waiting_period,4,homeownership_rate,0.3904282115869018,-0.05228012174643154
beta_small_landlord,50.0,waiting_period,4,rental_vacancy_rate,0.0,-0.12560386473429952
beta_small_landlord,50.0,waiting_period,4,annual_appreciation_g,-0.01779095830032773,0.012209041699672268
beta_small_landlord,50.0,ownership_cap_soft,4,homeownership_rate,0.4190231362467866,-0.023685197086546705
beta_small_landlord,50.0,ownership_cap_soft,4,rental_vacancy_rate,0.10849056603773585,-0.017113298696563667
beta_small_landlord,50.0,ownership_cap_soft,4,annual_appreciation_g,-0.010331921525930543,0.019668078474069456
beta_small_landlord,50.0,ownership_cap_hard,4,homeownership_rate,0.49612403100775193,0.053415697674418616
beta_small_landlord,50.0,ownership_cap_hard,4,rental_vacancy_rate,0.2347417840375587,0.10913791930325917
beta_small_landlord,50.0,ownership_cap_hard,4,annual_appreciation_g,0.005427309816538939,0.03542730981653894
beta_small_landlord,50.0,purchase_tax,4,homeownership_rate,0.35945945945945945,-0.08324887387387386
beta_small_landlord,50.0,purchase_tax,4,rental_vacancy_rate,0.1115702479338843,-0.014033616800415219
beta_small_landlord,50.0,purchase_tax,4,annual_appreciation_g,-0.03,0.0
beta_small_landlord,50.0,vacancy_tax,4,homeownership_rate,0.3931203931203931,-0.04958794021294022
beta_small_landlord,50.0,vacancy_tax,4,rental_vacancy_rate,0.0,-0.12560386473429952
beta_small_landlord,50.0,vacancy_tax,4,annual_appreciation_g,-0.011977806573263416,0.018022193426736582
beta_small_landlord,50.0,portfolio_tax,4,homeownership_rate,0.4427083333333333,0.0
beta_small_landlord,50.0,portfolio_tax,4,rental_vacancy_rate,0.12560386473429952,0.0
beta_small_landlord,50.0,portfolio_tax,4,annual_appreciation_g,-0.03,0.0
beta_small_landlord,50.0,geographic,4,homeownership_rate,0.19047619047619047,-0.25223214285714285
beta_small_landlord,50.0,geographic,4,rental_vacancy_rate,0.09973753280839895,-0.02586633192590057
beta_small_landlord,50.0,geographic,4,annual_appreciation_g,0.0,0.03
beta_small_landlord,50.0,baseline,5,homeownership_rate,0.4166666666666667,0.0
beta_small_landlord,50.0,baseline,5,rental_vacancy_rate,0.2072072072072072,0.0
beta_small_landlord,50.0,baseline,5,annual_appreciation_g,-0.026908806041119226,0.0
beta_small_landlord,50.0,waiting_period,5,homeownership_rate,0.38605898123324395,-0.030607685433422738
beta_small_landlord,50.0,waiting_period,5,rental_vacancy_rate,0.19545454545454546,-0.011752661752661736
beta_small_landlord,50.0,waiting_period,5,annual_appreciation_g,0.0030712692706502676,0.029980075311769494
beta_small_landlord,50.0,ownership_cap_soft,5,homeownership_rate,0.4573643410852713,0.04069767441860461
beta_small_landlord,50.0,ownership_cap_soft,5,rental_vacancy_rate,0.22566371681415928,0.018456509606952082
beta_small_landlord,50.0,ownership_cap_soft,5,annual_appreciation_g,-0.03,-0.0030911939588807724
beta_small_landlord,50.0,ownership_cap_hard,5,homeownership_rate,0.412532637075718,-0.004134029590948662
beta_small_landlord,50.0,ownership_cap_hard,5,rental_vacancy_rate,0.13761467889908258,-0.06959252830812462
beta_small_landlord,50.0,ownership_cap_hard,5,annual_appreciation_g,-0.006651993024187619,0.020256813016931607
beta_small_landlord,50.0,purchase_tax,5,homeownership_rate,0.3842239185750636,-0.03244274809160308
beta_small_landlord,50.0,purchase_tax,5,rental_vacancy_rate,0.12955465587044535,-0.07765255133676185
beta_small_landlord,50.0,purchase_tax,5,annual_appreciation_g,-0.011155620585941106,0.01575318545517812
beta_small_landlord,50.0,vacancy_tax,5,homeownership_rate,0.4088541666666667,-0.0078125
beta_small_landlord,50.0,vacancy_tax,5,rental_vacancy_rate,0.20175438596491227,-0.005452821242294931
beta_small_landlord,50.0,vacancy_tax,5,annual_appreciation_g,-0.03,-0.0030911939588807724
beta_small_landlord,50.0,portfolio_tax,5,homeownership_rate,0.4166666666666667,0.0
beta_small_landlord,50.0,portfolio_tax,5,rental_vacancy_rate,0.2072072072072072,0.0
beta_small_landlord,50.0,portfolio_tax,5,annual_appreciation_g,-0.026908806041119226,0.0
beta_small_landlord,50.0,geographic,5,homeownership_rate,0.21204188481675393,-0.20462478184991276
beta_small_landlord,50.0,geographic,5,rental_vacancy_rate,0.16574585635359115,-0.04146135085361605
beta_small_landlord,50.0,geographic,5,annual_appreciation_g,0.00374999999999992,0.030658806041119147
beta_small_landlord,50.0,baseline,6,homeownership_rate,0.4634146341463415,0.0
beta_small_landlord,50.0,baseline,6,rental_vacancy_rate,0.07906976744186046,0.0
beta_small_landlord,50.0,baseline,6,annual_appreciation_g,-0.008785180471442833,0.0
beta_small_landlord,50.0,waiting_period,6,homeownership_rate,0.4562841530054645,-0.007130481140876999
beta_small_landlord,50.0,waiting_period,6,rental_vacancy_rate,0.18048780487804877,0.10141803743618831
beta_small_landlord,50.0,waiting_period,6,annual_appreciation_g,-0.029065306150049652,-0.02028012567860682
beta_small_landlord,50.0,ownership_cap_soft,6,homeownership_rate,0.4853658536585366,0.021951219512195086
beta_small_landlord,50.0,ownership_cap_soft,6,rental_vacancy_rate,0.14285714285714285,0.06378737541528239
beta_small_landlord,50.0,ownership_cap_soft,6,annual_appreciation_g,-0.03,-0.021214819528557166
beta_small_landlord,50.0,ownership_cap_hard,6,homeownership_rate,0.5379146919431279,0.07450005779678642
beta_small_landlord,50.0,ownership_cap_hard,6,rental_vacancy_rate,0.22325581395348837,0.14418604651162792
beta_small_landlord,50.0,ownership_cap_hard,6,annual_appreciation_g,0.05621433837248535,0.06499951884392818
beta_small_landlord,50.0,purchase_tax,6,homeownership_rate,0.4496124031007752,-0.013802231045566271
beta_small_landlord,50.0,purchase_tax,6,rental_vacancy_rate,0.20634920634920634,0.1272794389073459
beta_small_landlord,50.0,purchase_tax,6,annual_appreciation_g,-0.022206358116153124,-0.013421177644710292
beta_small_landlord,50.0,vacancy_tax,6,homeownership_rate,0.4040920716112532,-0.059322562535088275
beta_small_landlord,50.0,vacancy_tax,6,rental_vacancy_rate,0.1152073732718894,0.03613760583002894
beta_small_landlord,50.0,vacancy_tax,6,annual_appreciation_g,-0.03,-0.021214819528557166
beta_small_landlord,50.0,portfolio_tax,6,homeownership_rate,0.4634146341463415,0.0
beta_small_landlord,50.0,portfolio_tax,6,rental_vacancy_rate,0.07906976744186046,0.0
beta_small_landlord,50.0,portfolio_tax,6,annual_appreciation_g,-0.008785180471442833,0.0
beta_small_landlord,50.0,geographic,6,homeownership_rate,0.20212765957446807,-0.26128697457187344
beta_small_landlord,50.0,geographic,6,rental_vacancy_rate,0.11931818181818182,0.04024841437632136
beta_small_landlord,50.0,geographic,6,annual_appreciation_g,-0.03,-0.021214819528557166
beta_small_landlord,50.0,baseline,7,homeownership_rate,0.41450777202072536,0.0
beta_small_landlord,50.0,baseline,7,rental_vacancy_rate,0.07929515418502203,0.0
beta_small_landlord,50.0,baseline,7,annual_appreciation_g,0.0005281235862411027,0.0
beta_small_landlord,50.0,waiting_period,7,homeownership_rate,0.4802955665024631,0.06578779448173772
beta_small_landlord,50.0,waiting_period,7,rental_vacancy_rate,0.14903846153846154,0.0697433073534395
beta_small_landlord,50.0,waiting_period,7,annual_appreciation_g,-0.03,-0.0305281235862411
beta_small_landlord,50.0,ownership_cap_soft,7,homeownership_rate,0.4005305039787798,-0.013977268041945545
beta_small_landlord,50.0,ownership_cap_soft,7,rental_vacancy_rate,0.0625,-0.016795154185022032
beta_small_landlord,50.0,ownership_cap_soft,7,annual_appreciation_g,-0.019375205033159704,-0.019903328619400806
beta_small_landlord,50.0,ownership_cap_hard,7,homeownership_rate,0.37994722955145116,-0.0345605424692742
beta_small_landlord,50.0,ownership_cap_hard,7,rental_vacancy_rate,0.02252252252252252,-0.05677263166249951
beta_small_landlord,50.0,ownership_cap_hard,7,annual_appreciation_g,-0.00478898906697256,-0.0053171126532136626
beta_small_landlord,50.0,purchase_tax,7,homeownership_rate,0.5012853470437018,0.0867775750229764
beta_small_landlord,50.0,purchase_tax,7,rental_vacancy_rate,0.2163265306122449,0.13703137642722288
beta_small_landlord,50.0,purchase_tax,7,annual_appreciation_g,0.08226796617581233,0.08173984258957123
beta_small_landlord,50.0,vacancy_tax,7,homeownership_rate,0.40318302387267907,-0.011324748148046293
beta_small_landlord,50.0,vacancy_tax,7,rental_vacancy_rate,0.10043668122270742,0.02114152703768539
beta_small_landlord,50.0,vacancy_tax,7,annual_appreciation_g,-0.0011656913086202092,-0.0016938148948613119
beta_small_landlord,50.0,portfolio_tax,7,homeownership_rate,0.41450777202072536,0.0
beta_small_landlord,50.0,portfolio_tax,7,rental_vacancy_rate,0.07929515418502203,0.0
beta_small_landlord,50.0,portfolio_tax,7,annual_appreciation_g,0.0005281235862411027,0.0
beta_small_landlord,50.0,geographic,7,homeownership_rate,0.22250639386189258,-0.19200137815883278
beta_small_landlord,50.0,geographic,7,rental_vacancy_rate,0.04093567251461988,-0.03835948167040215
beta_small_landlord,50.0,geographic,7,annual_appreciation_g,-0.012958326944620957,-0.01348645053086206
beta_small_landlord,50.0,baseline,8,homeownership_rate,0.47783251231527096,0.0
beta_small_landlord,50.0,baseline,8,rental_vacancy_rate,0.10454545454545454,0.0
beta_small_landlord,50.0,baseline,8,annual_appreciation_g,-0.03,0.0
beta_small_landlord,50.0,waiting_period,8,homeownership_rate,0.3842364532019704,-0.09359605911330054
beta_small_landlord,50.0,waiting_period,8,rental_vacancy_rate,0.06639004149377593,-0.038155413051678605
beta_small_landlord,50.0,waiting_period,8,annual_appreciation_g,-0.03,0.0
beta_small_landlord,50.0,ownership_cap_soft,8,homeownership_rate,0.47783251231527096,0.0
beta_small_landlord,50.0,ownership_cap_soft,8,rental_vacancy_rate,0.10454545454545454,0.0
beta_small_landlord,50.0,ownership_cap_soft,8,annual_appreciation_g,-0.03,0.0
beta_small_landlord,50.0,ownership_cap_hard,8,homeownership_rate,0.47783251231527096,0.0
beta_small_landlord,50.0,ownership_cap_hard,8,rental_vacancy_rate,0.10454545454545454,0.0
beta_small_landlord,50.0,ownership_cap_hard,8,annual_appreciation_g,-0.03,0.0
beta_small_landlord,50.0,purchase_tax,8,homeownership_rate,0.41309823677581864,-0.06473427553945232
beta_small_landlord,50.0,purchase_tax,8,rental_vacancy_rate,0.04405286343612335,-0.06049259110933119
beta_small_landlord,50.0,purchase_tax,8,annual_appreciation_g,-0.0138045331186466,0.0161954668813534
beta_small_landlord,50.0,vacancy_tax,8,homeownership_rate,0.4361948955916473,-0.04163761672362365
beta_small_landlord,50.0,vacancy_tax,8,rental_vacancy_rate,0.06912442396313365,-0.03542103058232089
beta_small_landlord,50.0,vacancy_tax,8,annual_appreciation_g,-0.03,0.0
beta_small_landlord,50.0,portfolio_tax,8,homeownership_rate,0.47783251231527096,0.0
beta_small_landlord,50.0,portfolio_tax,8,rental_vacancy_rate,0.10454545454545454,0.0
beta_small_landlord,50.0,portfolio_tax,8,annual_appreciation_g,-0.03,0.0
beta_small_landlord,50.0,geographic,8,homeownership_rate,0.3022670025188917,-0.17556550979637925
beta_small_landlord,50.0,geographic,8,rental_vacancy_rate,0.13218390804597702,0.027638453500522478
beta_small_landlord,50.0,geographic,8,annual_appreciation_g,-0.0293322073597172,0.0006677926402827994
beta_small_landlord,50.0,baseline,9,homeownership_rate,0.3844221105527638,0.0
beta_small_landlord,50.0,baseline,9,rental_vacancy_rate,0.03347280334728033,0.0
beta_small_landlord,50.0,baseline,9,annual_appreciation_g,-0.017074073481441743,0.0
beta_small_landlord,50.0,waiting_period,9,homeownership_rate,0.43686868686868685,0.05244657631592303
beta_small_landlord,50.0,waiting_period,9,rental_vacancy_rate,0.1625,0.12902719665271967
beta_small_landlord,50.0,waiting_period,9,annual_appreciation_g,-0.013565101707417315,0.0035089717740244275
beta_small_landlord,50.0,ownership_cap_soft,9,homeownership_rate,0.44416243654822335,0.05974032599545953
beta_small_landlord,50.0,ownership_cap_soft,9,rental_vacancy_rate,0.1646090534979424,0.13113625015066205
beta_small_landlord,50.0,ownership_cap_soft,9,annual_appreciation_g,-0.03,-0.012925926518558256
beta_small_landlord,50.0,ownership_cap_hard,9,homeownership_rate,0.3925925925925926,0.008170482039828786
beta_small_landlord,50.0,ownership_cap_hard,9,rental_vacancy_rate,0.0743801652892562,0.04090736194197587
beta_small_landlord,50.0,ownership_cap_hard,9,annual_appreciation_g,-0.03,-0.012925926518558256
beta_small_landlord,50.0,purchase_tax,9,homeownership_rate,0.4263565891472868,0.041934478594522984
beta_small_landlord,50.0,purchase_tax,9,rental_vacancy_rate,0.1590909090909091,0.12561810574362875
beta_small_landlord,50.0,purchase_tax,9,annual_appreciation_g,-0.023820479966920827,-0.006746406485479084
beta_small_landlord,50.0,vacancy_tax,9,homeownership_rate,0.48148148148148145,0.09705937092871764
beta_small_landlord,50.0,vacancy_tax,9,rental_vacancy_rate,0.22040816326530613,0.1869353599180258
beta_small_landlord,50.0,vacancy_tax,9,annual_appreciation_g,-0.01070449054553102,0.0063695829359107226
beta_small_landlord,50.0,portfolio_tax,9,homeownership_rate,0.3844221105527638,0.0
beta_small_landlord,50.0,portfolio_tax,9,rental_vacancy_rate,0.03347280334728033,0.0
beta_small_landlord,50.0,portfolio_tax,9,annual_appreciation_g,-0.017074073481441743,0.0
beta_small_landlord,50.0,geographic,9,homeownership_rate,0.2454308093994778,-0.138991301153286
beta_small_landlord,50.0,geographic,9,rental_vacancy_rate,0.1144578313253012,0.08098502797802087
beta_small_landlord,50.0,geographic,9,annual_appreciation_g,-0.008688621619114989,0.008385451862326754
beta_small_landlord,50.0,baseline,10,homeownership_rate,0.541871921182266,0.0
beta_small_landlord,50.0,baseline,10,rental_vacancy_rate,0.2975206611570248,0.0
beta_small_landlord,50.0,baseline,10,annual_appreciation_g,0.021548855034120074,0.0
beta_small_landlord,50.0,waiting_period,10,homeownership_rate,0.4935400516795866,-0.048331869502679425
beta_small_landlord,50.0,waiting_period,10,rental_vacancy_rate,0.29493087557603687,-0.0025897855809879355
beta_small_landlord,50.0,waiting_period,10,annual_appreciation_g,-0.03,-0.05154885503412007
beta_small_landlord,50.0,ownership_cap_soft,10,homeownership_rate,0.37292161520190026,-0.16895030598036576
beta_small_landlord,50.0,ownership_cap_soft,10,rental_vacancy_rate,0.09465020576131687,-0.20287045539570792
beta_small_landlord,50.0,ownership_cap_soft,10,annual_appreciation_g,-0.01393504747389751,-0.035483902508017584
beta_small_landlord,50.0,ownership_cap_hard,10,homeownership_rate,0.46116504854368934,-0.08070687263857668
beta_small_landlord,50.0,ownership_cap_hard,10,rental_vacancy_rate,0.13304721030042918,-0.16447345085659562
beta_small_landlord,50.0,ownership_cap_hard,10,annual_appreciation_g,-0.03,-0.05154885503412007
beta_small_landlord,50.0,purchase_tax,10,homeownership_rate,0.49877750611246946,-0.043094415069796554
beta_small_landlord,50.0,purchase_tax,10,rental_vacancy_rate,0.24609375,-0.0514269111570248
beta_small_landlord,50.0,purchase_tax,10,annual_appreciation_g,0.0061333041816207245,-0.015415550852499349
beta_small_landlord,50.0,vacancy_tax,10,homeownership_rate,0.47058823529411764,-0.07128368588814837
beta_small_landlord,50.0,vacancy_tax,10,rental_vacancy_rate,0.3185483870967742,0.021027725939749387
beta_small_landlord,50.0,vacancy_tax,10,annual_appreciation_g,0.0,-0.021548855034120074
beta_small_landlord,50.0,portfolio_tax,10,homeownership_rate,0.541871921182266,0.0
beta_small_landlord,50.0,portfolio_tax,10,rental_vacancy_rate,0.2975206611570248,0.0
beta_small_landlord,50.0,portfolio_tax,10,annual_appreciation_g,0.021548855034120074,0.0
beta_small_landlord,50.0,geographic,10,homeownership_rate,0.24874371859296482,-0.29312820258930117
beta_small_landlord,50.0,geographic,10,rental_vacancy_rate,0.13411078717201166,-0.16340987398501314
beta_small_landlord,50.0,geographic,10,annual_appreciation_g,-0.009227908255905581,-0.030776763290025655
beta_small_landlord,50.0,baseline,11,homeownership_rate,0.35498839907192575,0.0
beta_small_landlord,50.0,baseline,11,rental_vacancy_rate,0.0,0.0
beta_small_landlord,50.0,baseline,11,annual_appreciation_g,-0.027765564865254833,0.0
beta_small_landlord,50.0,waiting_period,11,homeownership_rate,0.38071065989847713,0.02572226082655138
beta_small_landlord,50.0,waiting_period,11,rental_vacancy_rate,0.05855855855855856,0.05855855855855856
beta_small_landlord,50.0,waiting_period,11,annual_appreciation_g,-0.03,-0.0022344351347451663
beta_small_landlord,50.0,ownership_cap_soft,11,homeownership_rate,0.4853658536585366,0.13037745458661082
beta_small_landlord,50.0,ownership_cap_soft,11,rental_vacancy_rate,0.11848341232227488,0.11848341232227488
beta_small_landlord,50.0,ownership_cap_soft,11,annual_appreciation_g,-0.015085025559883225,0.012680539305371608
beta_small_landlord,50.0,ownership_cap_hard,11,homeownership_rate,0.35279805352798055,-0.0021903455439452046
beta_small_landlord,50.0,ownership_cap_hard,11,rental_vacancy_rate,0.0,0.0
beta_small_landlord,50.0,ownership_cap_hard,11,annual_appreciation_g,-0.009102347809264999,0.018663217055989834
beta_small_landlord,50.0,purchase_tax,11,homeownership_rate,0.3401015228426396,-0.014886876229286139
beta_small_landlord,50.0,purchase_tax,11,rental_vacancy_rate,0.0,0.0
beta_small_landlord,50.0,purchase_tax,11,annual_appreciation_g,-0.00799073508040593,0.019774829784848902
beta_small_landlord,50.0,vacancy_tax,11,homeownership_rate,0.39285714285714285,0.037868743785217096
beta_small_landlord,50.0,vacancy_tax,11,rental_vacancy_rate,0.0,0.0
beta_small_landlord,50.0,vacancy_tax,11,annual_appreciation_g,-0.03,-0.0022344351347451663
beta_small_landlord,50.0,portfolio_tax,11,homeownership_rate,0.35498839907192575,0.0
beta_small_landlord,50.0,portfolio_tax,11,rental_vacancy_rate,0.0,0.0
beta_small_landlord,50.0,portfolio_tax,11,annual_appreciation_g,-0.027765564865254833,0.0
beta_small_landlord,50.0,geographic,11,homeownership_rate,0.2942708333333333,-0.06071756573859244
beta_small_landlord,50.0,geographic,11,rental_vacancy_rate,0.13253012048192772,0.13253012048192772
beta_small_landlord,50.0,geographic,11,annual_appreciation_g,-0.03,-0.0022344351347451663
beta_small_landlord,50.0,baseline,12,homeownership_rate,0.4713541666666667,0.0
beta_small_landlord,50.0,baseline,12,rental_vacancy_rate,0.1702127659574468,0.0
beta_small_landlord,50.0,baseline,12,annual_appreciation_g,0.025260608023534692,0.0
beta_small_landlord,50.0,waiting_period,12,homeownership_rate,0.4251968503937008,-0.046157316272965876
beta_small_landlord,50.0,waiting_period,12,rental_vacancy_rate,0.047619047619047616,-0.12259371833839919
beta_small_landlord,50.0,waiting_period,12,annual_appreciation_g,-0.020998900776431406,-0.0462595087999661
beta_small_landlord,50.0,ownership_cap_soft,12,homeownership_rate,0.4241645244215938,-0.04718964224507288
beta_small_landlord,50.0,ownership_cap_soft,12,rental_vacancy_rate,0.07488986784140969,-0.09532289811603711
beta_small_landlord,50.0,ownership_cap_soft,12,annual_appreciation_g,-0.019416279501660028,-0.04467688752519472
beta_small_landlord,50.0,ownership_cap_hard,12,homeownership_rate,0.42159383033419023,-0.04976033633247645
beta_small_landlord,50.0,ownership_cap_hard,12,rental_vacancy_rate,0.09401709401709402,-0.07619567194035279
beta_small_landlord,50.0,ownership_cap_hard,12,annual_appreciation_g,-0.010832485915201806,-0.0360930939387365
beta_small_landlord,50.0,purchase_tax,12,homeownership_rate,0.3687002652519894,-0.10265390141467728
beta_small_landlord,50.0,purchase_tax,12,rental_vacancy_rate,0.04435483870967742,-0.1258579272477694
beta_small_landlord,50.0,purchase_tax,12,annual_appreciation_g,-0.020541186522102683,-0.045801794545637375
beta_small_landlord,50.0,vacancy_tax,12,homeownership_rate,0.4362244897959184,-0.035129676870748305
beta_small_landlord,50.0,vacancy_tax,12,rental_vacancy_rate,0.12173913043478261,-0.04847363552266419
beta_small_landlord,50.0,vacancy_tax,12,annual_appreciation_g,-0.007427781534212863,-0.032688389557747555
beta_small_landlord,50.0,portfolio_tax,12,homeownership_rate,0.4713541666666667,0.0
beta_small_landlord,50.0,portfolio_tax,12,rental_vacancy_rate,0.1702127659574468,0.0
beta_small_landlord,50.0,portfolio_tax,12,annual_appreciation_g,0.025260608023534692,0.0
beta_small_landlord,50.0,geographic,12,homeownership_rate,0.27461139896373055,-0.19674276770293614
beta_small_landlord,50.0,geographic,12,rental_vacancy_rate,0.08950617283950617,-0.08070659311794064
beta_small_landlord,50.0,geographic,12,annual_appreciation_g,0.0760656795019079,0.05080507147837321
beta_small_landlord,50.0,baseline,13,homeownership_rate,0.4666666666666667,0.0
beta_small_landlord,50.0,baseline,13,rental_vacancy_rate,0.11320754716981132,0.0
beta_small_landlord,50.0,baseline,13,annual_appreciation_g,-0.03,0.0
beta_small_landlord,50.0,waiting_period,13,homeownership_rate,0.38957816377171217,-0.0770885028949545
beta_small_landlord,50.0,waiting_period,13,rental_vacancy_rate,0.04219409282700422,-0.0710134543428071
beta_small_landlord,50.0,waiting_period,13,annual_appreciation_g,-0.01943983520808268,0.01056016479191732
beta_small_landlord,50.0,ownership_cap_soft,13,homeownership_rate,0.4666666666666667,0.0
beta_small_landlord,50.0,ownership_cap_soft,13,rental_vacancy_rate,0.11320754716981132,0.0
beta_small_landlord,50.0,ownership_cap_soft,13,annual_appreciation_g,-0.03,0.0
beta_small_landlord,50.0,ownership_cap_hard,13,homeownership_rate,0.4666666666666667,0.0
beta_small_landlord,50.0,ownership_cap_hard,13,rental_vacancy_rate,0.11320754716981132,0.0
beta_small_landlord,50.0,ownership_cap_hard,13,annual_appreciation_g,-0.03,0.0
beta_small_landlord,50.0,purchase_tax,13,homeownership_rate,0.48854961832061067,0.021882951653943994
beta_small_landlord,50.0,purchase_tax,13,rental_vacancy_rate,0.1864406779661017,0.07323313079629037
beta_small_landlord,50.0,purchase_tax,13,annual_appreciation_g,0.0,0.03
beta_small_landlord,50.0,vacancy_tax,13,homeownership_rate,0.4666666666666667,0.0
beta_small_landlord,50.0,vacancy_tax,13,rental_vacancy_rate,0.11320754716981132,0.0
beta_small_landlord,50.0,vacancy_tax,13,annual_appreciation_g,-0.03,0.0
beta_small_landlord,50.0,portfolio_tax,13,homeownership_rate,0.4666666666666667,0.0
beta_small_landlord,50.0,portfolio_tax,13,rental_vacancy_rate,0.11320754716981132,0.0
beta_small_landlord,50.0,portfolio_tax,13,annual_appreciation_g,-0.03,0.0
beta_small_landlord,50.0,geographic,13,homeownership_rate,0.32057416267942584,-0.14609250398724083
beta_small_landlord,50.0,geographic,13,rental_vacancy_rate,0.12173913043478261,0.00853158326497129
beta_small_landlord,50.0,geographic,13,annual_appreciation_g,-0.0009611772828734821,0.029038822717126517
beta_small_landlord,50.0,baseline,14,homeownership_rate,0.46365914786967416,0.0
beta_small_landlord,50.0,baseline,14,rental_vacancy_rate,0.11267605633802817,0.0
beta_small_landlord,50.0,baseline,14,annual_appreciation_g,-0.00931298470201447,0.0
beta_small_landlord,50.0,waiting_period,14,homeownership_rate,0.4855072463768116,0.021848098507137426
beta_small_landlord,50.0,waiting_period,14,rental_vacancy_rate,0.15283842794759825,0.04016237160957008
beta_small_landlord,50.0,waiting_period,14,annual_appreciation_g,-0.03,-0.020687015297985528
beta_small_landlord,50.0,ownership_cap_soft,14,homeownership_rate,0.43316831683168316,-0.030490831037990995
beta_small_landlord,50.0,ownership_cap_soft,14,rental_vacancy_rate,0.07142857142857142,-0.04124748490945675
beta_small_landlord,50.0,ownership_cap_soft,14,annual_appreciation_g,-0.019193175064970647,-0.009880190362956176
beta_small_landlord,50.0,ownership_cap_hard,14,homeownership_rate,0.46464646464646464,0.0009873167767904811
beta_small_landlord,50.0,ownership_cap_hard,14,rental_vacancy_rate,0.20175438596491227,0.0890783296268841
beta_small_landlord,50.0,ownership_cap_hard,14,annual_appreciation_g,0.09418470109987087,0.10349768580188534
beta_small_landlord,50.0,purchase_tax,14,homeownership_rate,0.44050632911392407,-0.023152818755750093
beta_small_landlord,50.0,purchase_tax,14,rental_vacancy_rate,0.0944206008583691,-0.018255455479659066
beta_small_landlord,50.0,purchase_tax,14,annual_appreciation_g,-0.02715104266969426,-0.017838057967679788
beta_small_landlord,50.0,vacancy_tax,14,homeownership_rate,0.408983451536643,-0.054675696333031154
beta_small_landlord,50.0,vacancy_tax,14,rental_vacancy_rate,0.0,-0.11267605633802817
beta_small_landlord,50.0,vacancy_tax,14,annual_appreciation_g,-0.02843308814838663,-0.01912010344637216
beta_small_landlord,50.0,portfolio_tax,14,homeownership_rate,0.46365914786967416,0.0
beta_small_landlord,50.0,portfolio_tax,14,rental_vacancy_rate,0.11267605633802817,0.0
beta_small_landlord,50.0,portfolio_tax,14,annual_appreciation_g,-0.00931298470201447,0.0
beta_small_landlord,50.0,geographic,14,homeownership_rate,0.2909090909090909,-0.17275005696058326
beta_small_landlord,50.0,geographic,14,rental_vacancy_rate,0.09116022099447514,-0.02151583534355303
beta_small_landlord,50.0,geographic,14,annual_appreciation_g,0.0,0.00931298470201447
beta_small_landlord,50.0,baseline,15,homeownership_rate,0.3489583333333333,0.0
beta_small_landlord,50.0,baseline,15,rental_vacancy_rate,0.08071748878923767,0.0
beta_small_landlord,50.0,baseline,15,annual_appreciation_g,-0.022339707833133104,0.0
beta_small_landlord,50.0,waiting_period,15,homeownership_rate,0.4797979797979798,0.13083964646464646
beta_small_landlord,50.0,waiting_period,15,rental_vacancy_rate,0.22325581395348837,0.1425383251642507
beta_small_landlord,50.0,waiting_period,15,annual_appreciation_g,-0.029952583889315765,-0.00761287605618266
beta_small_landlord,50.0,ownership_cap_soft,15,homeownership_rate,0.3952254641909814,0.04626713085764811
beta_small_landlord,50.0,ownership_cap_soft,15,rental_vacancy_rate,0.1782608695652174,0.09754338077597972
beta_small_landlord,50.0,ownership_cap_soft,15,annual_appreciation_g,-0.02880277521373964,-0.006463067380606535
beta_small_landlord,50.0,ownership_cap_hard,15,homeownership_rate,0.4199475065616798,0.07098917322834647
beta_small_landlord,50.0,ownership_cap_hard,15,rental_vacancy_rate,0.16363636363636364,0.08291887484712597
beta_small_landlord,50.0,ownership_cap_hard,15,annual_appreciation_g,-0.027441745704692933,-0.005102037871559828
beta_small_landlord,50.0,purchase_tax,15,homeownership_rate,0.5013262599469496,0.15236792661361626
beta_small_landlord,50.0,purchase_tax,15,rental_vacancy_rate,0.3524229074889868,0.2717054186997491
beta_small_landlord,50.0,purchase_tax,15,annual_appreciation_g,0.0037842563282797226,0.026123964161412827
beta_small_landlord,50.0,vacancy_tax,15,homeownership_rate,0.39952153110047844,0.05056319776714513
beta_small_landlord,50.0,vacancy_tax,15,rental_vacancy_rate,0.028037383177570093,-0.05268010561166757
beta_small_landlord,50.0,vacancy_tax,15,annual_appreciation_g,-0.019627036553356736,0.0027126712797763686
beta_small_landlord,50.0,portfolio_tax,15,homeownership_rate,0.3489583333333333,0.0
beta_small_landlord,50.0,portfolio_tax,15,rental_vacancy_rate,0.08071748878923767,0.0
beta_small_landlord,50.0,portfolio_tax,15,annual_appreciation_g,-0.022339707833133104,0.0
beta_small_landlord,50.0,geographic,15,homeownership_rate,0.2675,-0.0814583333333333
beta_small_landlord,50.0,geographic,15,rental_vacancy_rate,0.13218390804597702,0.05146641925673935
beta_small_landlord,50.0,geographic,15,annual_appreciation_g,-0.03,-0.007660292166866894
beta_small_landlord,50.0,baseline,16,homeownership_rate,0.5410628019323671,0.0
beta_small_landlord,50.0,baseline,16,rental_vacancy_rate,0.16062176165803108,0.0
beta_small_landlord,50.0,baseline,16,annual_appreciation_g,-0.02439220085822047,0.0
beta_small_landlord,50.0,waiting_period,16,homeownership_rate,0.4026666666666667,-0.13839613526570044
beta_small_landlord,50.0,waiting_period,16,rental_vacancy_rate,0.0787037037037037,-0.08191805795432737
beta_small_landlord,50.0,waiting_period,16,annual_appreciation_g,-0.006800440101899952,0.017591760756320518
beta_small_landlord,50.0,ownership_cap_soft,16,homeownership_rate,0.5410628019323671,0.0
beta_small_landlord,50.0,ownership_cap_soft,16,rental_vacancy_rate,0.16062176165803108,0.0
beta_small_landlord,50.0,ownership_cap_soft,16,annual_appreciation_g,-0.02439220085822047,0.0
beta_small_landlord,50.0,ownership_cap_hard,16,homeownership_rate,0.5410628019323671,0.0
beta_small_landlord,50.0,ownership_cap_hard,16,rental_vacancy_rate,0.16062176165803108,0.0
beta_small_landlord,50.0,ownership_cap_hard,16,annual_appreciation_g,-0.02439220085822047,0.0
beta_small_landlord,50.0,purchase_tax,16,homeownership_rate,0.4253164556962025,-0.11574634623616459
beta_small_landlord,50.0,purchase_tax,16,rental_vacancy_rate,0.046948356807511735,-0.11367340485051934
beta_small_landlord,50.0,purchase_tax,16,annual_appreciation_g,0.03717512292552683,0.061567323783747296
beta_small_landlord,50.0,vacancy_tax,16,homeownership_rate,0.4841075794621027,-0.05695522247026441
beta_small_landlord,50.0,vacancy_tax,16,rental_vacancy_rate,0.15,-0.010621761658031081
beta_small_landlord,50.0,vacancy_tax,16,annual_appreciation_g,-0.010761378991714698,0.013630821866505771
beta_small_landlord,50.0,portfolio_tax,16,homeownership_rate,0.5410628019323671,0.0
beta_small_landlord,50.0,portfolio_tax,16,rental_vacancy_rate,0.16062176165803108,0.0
beta_small_landlord,50.0,portfolio_tax,16,annual_appreciation_g,-0.02439220085822047,0.0
beta_small_landlord,50.0,geographic,16,homeownership_rate,0.2465753424657534,-0.2944874594666137
beta_small_landlord,50.0,geographic,16,rental_vacancy_rate,0.09510086455331412,-0.06552089710471695
beta_small_landlord,50.0,geographic,16,annual_appreciation_g,0.0026555605870504095,0.02704776144527088
beta_small_landlord,50.0,baseline,17,homeownership_rate,0.47435897435897434,0.0
beta_small_landlord,50.0,baseline,17,rental_vacancy_rate,0.18981481481481483,0.0
beta_small_landlord,50.0,baseline,17,annual_appreciation_g,-0.03,0.0
beta_small_landlord,50.0,waiting_period,17,homeownership_rate,0.5090439276485789,0.034684953289604525
beta_small_landlord,50.0,waiting_period,17,rental_vacancy_rate,0.28634361233480177,0.09652879751998694
beta_small_landlord,50.0,waiting_period,17,annual_appreciation_g,0.012051000518971566,0.042051000518971565
beta_small_landlord,50.0,ownership_cap_soft,17,homeownership_rate,0.47435897435897434,0.0
beta_small_landlord,50.0,ownership_cap_soft,17,rental_vacancy_rate,0.18981481481481483,0.0
beta_small_landlord,50.0,ownership_cap_soft,17,annual_appreciation_g,-0.03,0.0
beta_small_landlord,50.0,ownership_cap_hard,17,homeownership_rate,0.47435897435897434,0.0
beta_small_landlord,50.0,ownership_cap_hard,17,rental_vacancy_rate,0.18981481481481483,0.0
beta_small_landlord,50.0,ownership_cap_hard,17,annual_appreciation_g,-0.03,0.0
beta_small_landlord,50.0,purchase_tax,17,homeownership_rate,0.41959798994974873,-0.05476098440922561
beta_small_landlord,50.0,purchase_tax,17,rental_vacancy_rate,0.08677685950413223,-0.10303795531068259
beta_small_landlord,50.0,purchase_tax,17,annual_appreciation_g,-0.03,0.0
beta_small_landlord,50.0,vacancy_tax,17,homeownership_rate,0.441025641025641,-0.033333333333333326
beta_small_landlord,50.0,vacancy_tax,17,rental_vacancy_rate,0.12962962962962962,-0.0601851851851852
beta_small_landlord,50.0,vacancy_tax,17,annual_appreciation_g,-0.03,0.0
beta_small_landlord,50.0,portfolio_tax,17,homeownership_rate,0.47435897435897434,0.0
beta_small_landlord,50.0,portfolio_tax,17,rental_vacancy_rate,0.18981481481481483,0.0
beta_small_landlord,50.0,portfolio_tax,17,annual_appreciation_g,-0.03,0.0
beta_small_landlord,50.0,geographic,17,homeownership_rate,0.29015544041450775,-0.1842035339444666
beta_small_landlord,50.0,geographic,17,rental_vacancy_rate,0.10365853658536585,-0.08615627822944898
beta_small_landlord,50.0,geographic,17,annual_appreciation_g,-0.0012484394506866447,0.028751560549313354
beta_small_landlord,50.0,baseline,18,homeownership_rate,0.5221674876847291,0.0
beta_small_landlord,50.0,baseline,18,rental_vacancy_rate,0.32608695652173914,0.0
beta_small_landlord,50.0,baseline,18,annual_appreciation_g,0.01745692281215394,0.0
beta_small_landlord,50.0,waiting_period,18,homeownership_rate,0.4905149051490515,-0.0316525825356776
beta_small_landlord,50.0,waiting_period,18,rental_vacancy_rate,0.33014354066985646,0.004056584148117326
beta_small_landlord,50.0,waiting_period,18,annual_appreciation_g,0.001633315541551994,-0.015823607270601947
beta_small_landlord,50.0,ownership_cap_soft,18,homeownership_rate,0.47858942065491183,-0.04357806702981726
beta_small_landlord,50.0,ownership_cap_soft,18,rental_vacancy_rate,0.25,-0.07608695652173914
beta_small_landlord,50.0,ownership_cap_soft,18,annual_appreciation_g,0.048990249412974585,0.031533326600820644
beta_small_landlord,50.0,ownership_cap_hard,18,homeownership_rate,0.39759036144578314,-0.12457712623894596
beta_small_landlord,50.0,ownership_cap_hard,18,rental_vacancy_rate,0.06607929515418502,-0.2600076613675541
beta_small_landlord,50.0,ownership_cap_hard,18,annual_appreciation_g,-0.03,-0.04745692281215394
beta_small_landlord,50.0,purchase_tax,18,homeownership_rate,0.4727272727272727,-0.049440214957456374
beta_small_landlord,50.0,purchase_tax,18,rental_vacancy_rate,0.3305439330543933,0.004456976532654144
beta_small_landlord,50.0,purchase_tax,18,annual_appreciation_g,-0.03,-0.04745692281215394
beta_small_landlord,50.0,vacancy_tax,18,homeownership_rate,0.49748743718592964,-0.024680050498799455
beta_small_landlord,50.0,vacancy_tax,18,rental_vacancy_rate,0.3135593220338983,-0.012527634487840833
beta_small_landlord,50.0,vacancy_tax,18,annual_appreciation_g,0.026816955497225736,0.009360032685071795
beta_small_landlord,50.0,portfolio_tax,18,homeownership_rate,0.5221674876847291,0.0
beta_small_landlord,50.0,portfolio_tax,18,rental_vacancy_rate,0.32608695652173914,0.0
beta_small_landlord,50.0,portfolio_tax,18,annual_appreciation_g,0.01745692281215394,0.0
beta_small_landlord,50.0,geographic,18,homeownership_rate,0.24407582938388625,-0.2780916583008428
beta_small_landlord,50.0,geographic,18,rental_vacancy_rate,0.1443850267379679,-0.18170192978377123
beta_small_landlord,50.0,geographic,18,annual_appreciation_g,0.038643965149700366,0.021187042337546425
beta_small_landlord,50.0,baseline,19,homeownership_rate,0.4739583333333333,0.0
beta_small_landlord,50.0,baseline,19,rental_vacancy_rate,0.2175925925925926,0.0
beta_small_landlord,50.0,baseline,19,annual_appreciation_g,-0.0037114516757776883,0.0
beta_small_landlord,50.0,waiting_period,19,homeownership_rate,0.3944723618090452,-0.0794859715242881
beta_small_landlord,50.0,waiting_period,19,rental_vacancy_rate,0.0851063829787234,-0.1324862096138692
beta_small_landlord,50.0,waiting_period,19,annual_appreciation_g,-0.03,-0.02628854832422231
beta_small_landlord,50.0,ownership_cap_soft,19,homeownership_rate,0.5212765957446809,0.04731826241134757
beta_small_landlord,50.0,ownership_cap_soft,19,rental_vacancy_rate,0.32242990654205606,0.10483731394946347
beta_small_landlord,50.0,ownership_cap_soft,19,annual_appreciation_g,0.0,0.0037114516757776883
beta_small_landlord,50.0,ownership_cap_hard,19,homeownership_rate,0.43523316062176165,-0.038725172711571665
beta_small_landlord,50.0,ownership_cap_hard,19,rental_vacancy_rate,0.18099547511312217,-0.03659711747947042
beta_small_landlord,50.0,ownership_cap_hard,19,annual_appreciation_g,-0.03,-0.02628854832422231
beta_small_landlord,50.0,purchase_tax,19,homeownership_rate,0.45595854922279794,-0.017999784110535377
beta_small_landlord,50.0,purchase_tax,19,rental_vacancy_rate,0.1615720524017467,-0.056020540190845874
beta_small_landlord,50.0,purchase_tax,19,annual_appreciation_g,-0.004856532135138036,-0.001145080459360348
beta_small_landlord,50.0,vacancy_tax,19,homeownership_rate,0.5301204819277109,0.05616214859437757
beta_small_landlord,50.0,vacancy_tax,19,rental_vacancy_rate,0.2863636363636364,0.06877104377104379
beta_small_landlord,50.0,vacancy_tax,19,annual_appreciation_g,-0.007042578897673013,-0.0033311272218953247
beta_small_landlord,50.0,portfolio_tax,19,homeownership_rate,0.4739583333333333,0.0
beta_small_landlord,50.0,portfolio_tax,19,rental_vacancy_rate,0.2175925925925926,0.0
beta_small_landlord,50.0,portfolio_tax,19,annual_appreciation_g,-0.0037114516757776883,0.0
beta_small_landlord,50.0,geographic,19,homeownership_rate,0.21963824289405684,-0.2543200904392765
beta_small_landlord,50.0,geographic,19,rental_vacancy_rate,0.12716763005780346,-0.09042496253478913
beta_small_landlord,50.0,geographic,19,annual_appreciation_g,-0.003747360247355558,-3.590857157786953e-05
beta_small_landlord,75.0,baseline,0,homeownership_rate,0.3511450381679389,0.0
beta_small_landlord,75.0,baseline,0,rental_vacancy_rate,0.018018018018018018,0.0
beta_small_landlord,75.0,baseline,0,annual_appreciation_g,-0.0064194159891424185,0.0
beta_small_landlord,75.0,waiting_period,0,homeownership_rate,0.39294117647058824,0.04179613830264933
beta_small_landlord,75.0,waiting_period,0,rental_vacancy_rate,0.0,-0.018018018018018018
beta_small_landlord,75.0,waiting_period,0,annual_appreciation_g,-0.020873171787262446,-0.014453755798120027
beta_small_landlord,75.0,ownership_cap_soft,0,homeownership_rate,0.42930591259640105,0.07816087442846215
beta_small_landlord,75.0,ownership_cap_soft,0,rental_vacancy_rate,0.21171171171171171,0.19369369369369369
beta_small_landlord,75.0,ownership_cap_soft,0,annual_appreciation_g,-0.03,-0.02358058401085758
beta_small_landlord,75.0,ownership_cap_hard,0,homeownership_rate,0.4731457800511509,0.12200074188321197
beta_small_landlord,75.0,ownership_cap_hard,0,rental_vacancy_rate,0.28512396694214875,0.26710594892413075
beta_small_landlord,75.0,ownership_cap_hard,0,annual_appreciation_g,0.0032023563004619504,0.009621772289604369
beta_small_landlord,75.0,purchase_tax,0,homeownership_rate,0.5065963060686016,0.15545126790066272
beta_small_landlord,75.0,purchase_tax,0,rental_vacancy_rate,0.30837004405286345,0.29035202603484545
beta_small_landlord,75.0,purchase_tax,0,annual_appreciation_g,0.023862404706083584,0.030281820695226003
beta_small_landlord,75.0,vacancy_tax,0,homeownership_rate,0.3511450381679389,0.0
beta_small_landlord,75.0,vacancy_tax,0,rental_vacancy_rate,0.018018018018018018,0.0
beta_small_landlord,75.0,vacancy_tax,0,annual_appreciation_g,-0.0064194159891424185,0.0
beta_small_landlord,75.0,portfolio_tax,0,homeownership_rate,0.3511450381679389,0.0
beta_small_landlord,75.0,portfolio_tax,0,rental_vacancy_rate,0.018018018018018018,0.0
beta_small_landlord,75.0,portfolio_tax,0,annual_appreciation_g,-0.0064194159891424185,0.0
beta_small_landlord,75.0,geographic,0,homeownership_rate,0.2125984251968504,-0.1385466129710885
beta_small_landlord,75.0,geographic,0,rental_vacancy_rate,0.10614525139664804,0.08812723337863003
beta_small_landlord,75.0,geographic,0,annual_appreciation_g,0.08117812043184891,0.08759753642099133
beta_small_landlord,75.0,baseline,1,homeownership_rate,0.45985401459854014,0.0
beta_small_landlord,75.0,baseline,1,rental_vacancy_rate,0.18468468468468469,0.0
beta_small_landlord,75.0,baseline,1,annual_appreciation_g,-0.012093243285338784,0.0
beta_small_landlord,75.0,waiting_period,1,homeownership_rate,0.41414141414141414,-0.045712600457125996
beta_small_landlord,75.0,waiting_period,1,rental_vacancy_rate,0.14957264957264957,-0.03511203511203512
beta_small_landlord,75.0,waiting_period,1,annual_appreciation_g,-0.00745939739455781,0.004633845890780974
beta_small_landlord,75.0,ownership_cap_soft,1,homeownership_rate,0.5274463007159904,0.06759228611745027
beta_small_landlord,75.0,ownership_cap_soft,1,rental_vacancy_rate,0.2905982905982906,0.10591360591360593
beta_small_landlord,75.0,ownership_cap_soft,1,annual_appreciation_g,0.0015105231709351408,0.013603766456273925
beta_small_landlord,75.0,ownership_cap_hard,1,homeownership_rate,0.4221698113207547,-0.03768420327778543
beta_small_landlord,75.0,ownership_cap_hard,1,rental_vacancy_rate,0.17573221757322174,-0.008952467111462942
beta_small_landlord,75.0,ownership_cap_hard,1,annual_appreciation_g,-0.011022126641670238,0.001071116643668546
beta_small_landlord,75.0,purchase_tax,1,homeownership_rate,0.49226804123711343,0.03241402663857329
beta_small_landlord,75.0,purchase_tax,1,rental_vacancy_rate,0.2911392405063291,0.10645455582164443
beta_small_landlord,75.0,purchase_tax,1,annual_appreciation_g,0.06743353220477522,0.079526775490114
beta_small_landlord,75.0,vacancy_tax,1,homeownership_rate,0.46898263027295284,0.009128615674412699
beta_small_landlord,75.0,vacancy_tax,1,rental_vacancy_rate,0.2314410480349345,0.046756363350249824
beta_small_landlord,75.0,vacancy_tax,1,annual_appreciation_g,-0.007656318642421556,0.004436924642917228
beta_small_landlord,75.0,portfolio_tax,1,homeownership_rate,0.45985401459854014,0.0
beta_small_landlord,75.0,portfolio_tax,1,rental_vacancy_rate,0.18468468468468469,0.0
beta_small_landlord,75.0,portfolio_tax,1,annual_appreciation_g,-0.012093243285338784,0.0
beta_small_landlord,75.0,geographic,1,homeownership_rate,0.2623376623376623,-0.19751635226087783
beta_small_landlord,75.0,geographic,1,rental_vacancy_rate,0.1282798833819242,-0.05640480130276049
beta_small_landlord,75.0,geographic,1,annual_appreciation_g,-0.03,-0.017906756714661215
beta_small_landlord,75.0,baseline,2,homeownership_rate,0.4253164556962025,0.0
beta_small_landlord,75.0,baseline,2,rental_vacancy_rate,0.17073170731707318,0.0
beta_small_landlord,75.0,baseline,2,annual_appreciation_g,0.07925126030510055,0.0
beta_small_landlord,75.0,waiting_period,2,homeownership_rate,0.42206235011990406,-0.0032541055762984605
beta_small_landlord,75.0,waiting_period,2,rental_vacancy_rate,0.10267857142857142,-0.06805313588850176
beta_small_landlord,75.0,waiting_period,2,annual_appreciation_g,-0.0030151107402733857,-0.08226637104537393
beta_small_landlord,75.0,ownership_cap_soft,2,homeownership_rate,0.4030612244897959,-0.0222552312064066
beta_small_landlord,75.0,ownership_cap_soft,2,rental_vacancy_rate,0.14893617021276595,-0.021795537104307233
beta_small_landlord,75.0,ownership_cap_soft,2,annual_appreciation_g,-0.03,-0.10925126030510054
beta_small_landlord,75.0,ownership_cap_hard,2,homeownership_rate,0.34748010610079577,-0.07783634959540675
beta_small_landlord,75.0,ownership_cap_hard,2,rental_vacancy_rate,0.15503875968992248,-0.015692947627150705
beta_small_landlord,75.0,ownership_cap_hard,2,annual_appreciation_g,-0.015073851417925832,-0.09432511172302638
beta_small_landlord,75.0,purchase_tax,2,homeownership_rate,0.43832020997375326,0.013003754277550739
beta_small_landlord,75.0,purchase_tax,2,rental_vacancy_rate,0.22813688212927757,0.05740517481220439
beta_small_landlord,75.0,purchase_tax,2,annual_appreciation_g,0.0,-0.07925126030510055
beta_small_landlord,75.0,vacancy_tax,2,homeownership_rate,0.3641025641025641,-0.061213891593638436
beta_small_landlord,75.0,vacancy_tax,2,rental_vacancy_rate,0.17391304347826086,0.003181336161187681
beta_small_landlord,75.0,vacancy_tax,2,annual_appreciation_g,-0.012427129300150996,-0.09167838960525154
beta_small_landlord,75.0,portfolio_tax,2,homeownership_rate,0.4253164556962025,0.0
beta_small_landlord,75.0,portfolio_tax,2,rental_vacancy_rate,0.17073170731707318,0.0
beta_small_landlord,75.0,portfolio_tax,2,annual_appreciation_g,0.07925126030510055,0.0
beta_small_landlord,75.0,geographic,2,homeownership_rate,0.2356020942408377,-0.18971436145536483
beta_small_landlord,75.0,geographic,2,rental_vacancy_rate,0.10571428571428572,-0.06501742160278746
beta_small_landlord,75.0,geographic,2,annual_appreciation_g,-0.0003909689413360562,-0.0796422292464366
beta_small_landlord,75.0,baseline,3,homeownership_rate,0.40648379052369077,0.0
beta_small_landlord,75.0,baseline,3,rental_vacancy_rate,0.18907563025210083,0.0
beta_small_landlord,75.0,baseline,3,annual_appreciation_g,-0.004583953701942534,0.0
beta_small_landlord,75.0,waiting_period,3,homeownership_rate,0.46272493573264784,0.056241145208957066
beta_small_landlord,75.0,waiting_period,3,rental_vacancy_rate,0.1784037558685446,-0.01067187438355624
beta_small_landlord,75.0,waiting_period,3,annual_appreciation_g,-0.028069331482381776,-0.023485377780439243
beta_small_landlord,75.0,ownership_cap_soft,3,homeownership_rate,0.33249370277078083,-0.07399008775290994
beta_small_landlord,75.0,ownership_cap_soft,3,rental_vacancy_rate,0.16129032258064516,-0.027785307671455678
beta_small_landlord,75.0,ownership_cap_soft,3,annual_appreciation_g,-0.01480786584507765,-0.010223912143135117
beta_small_landlord,75.0,ownership_cap_hard,3,homeownership_rate,0.4075,0.0010162094763092044
beta_small_landlord,75.0,ownership_cap_hard,3,rental_vacancy_rate,0.18025751072961374,-0.008818119522487095
beta_small_landlord,75.0,ownership_cap_hard,3,annual_appreciation_g,-0.022552466593431242,-0.017968512891488708
beta_small_landlord,75.0,purchase_tax,3,homeownership_rate,0.44274809160305345,0.03626430107936268
beta_small_landlord,75.0,purchase_tax,3,rental_vacancy_rate,0.1541501976284585,-0.03492543262364234
beta_small_landlord,75.0,purchase_tax,3,annual_appreciation_g,-0.03,-0.025416046298057465
beta_small_landlord,75.0,vacancy_tax,3,homeownership_rate,0.3979848866498741,-0.008498903873816688
beta_small_landlord,75.0,vacancy_tax,3,rental_vacancy_rate,0.20502092050209206,0.015945290249991223
beta_small_landlord,75.0,vacancy_tax,3,annual_appreciation_g,-0.03,-0.025416046298057465
beta_small_landlord,75.0,portfolio_tax,3,homeownership_rate,0.40648379052369077,0.0
beta_small_landlord,75.0,portfolio_tax,3,rental_vacancy_rate,0.18907563025210083,0.0
beta_small_landlord,75.0,portfolio_tax,3,annual_appreciation_g,-0.004583953701942534,0.0
beta_small_landlord,75.0,geographic,3,homeownership_rate,0.28388746803069054,-0.12259632249300023
beta_small_landlord,75.0,geographic,3,rental_vacancy_rate,0.1282798833819242,-0.06079574687017664
beta_small_landlord,75.0,geographic,3,annual_appreciation_g,0.08024878374573352,0.08483273744767605
beta_small_landlord,75.0,baseline,4,homeownership_rate,0.39018087855297157,0.0
beta_small_landlord,75.0,baseline,4,rental_vacancy_rate,0.046511627906976744,0.0
beta_small_landlord,75.0,baseline,4,annual_appreciation_g,-0.03,0.0
beta_small_landlord,75.0,waiting_period,4,homeownership_rate,0.3904282115869018,0.0002473330339302082
beta_small_landlord,75.0,waiting_period,4,rental_vacancy_rate,0.0,-0.046511627906976744
beta_small_landlord,75.0,waiting_period,4,annual_appreciation_g,-0.01779095830032773,0.012209041699672268
beta_small_landlord,75.0,ownership_cap_soft,4,homeownership_rate,0.4444444444444444,0.054263565891472854
beta_small_landlord,75.0,ownership_cap_soft,4,rental_vacancy_rate,0.07547169811320754,0.0289600702062308
beta_small_landlord,75.0,ownership_cap_soft,4,annual_appreciation_g,0.0030264269861577375,0.033026426986157736
beta_small_landlord,75.0,ownership_cap_hard,4,homeownership_rate,0.48514851485148514,0.09496763629851357
beta_small_landlord,75.0,ownership_cap_hard,4,rental_vacancy_rate,0.16037735849056603,0.11386573058358929
beta_small_landlord,75.0,ownership_cap_hard,4,annual_appreciation_g,0.050926633402035515,0.08092663340203551
beta_small_landlord,75.0,purchase_tax,4,homeownership_rate,0.41304347826086957,0.022862599707898
beta_small_landlord,75.0,purchase_tax,4,rental_vacancy_rate,0.1724137931034483,0.12590216519647154
beta_small_landlord,75.0,purchase_tax,4,annual_appreciation_g,-0.03,0.0
beta_small_landlord,75.0,vacancy_tax,4,homeownership_rate,0.3931203931203931,0.0029395145674215306
beta_small_landlord,75.0,vacancy_tax,4,rental_vacancy_rate,0.0,-0.046511627906976744
beta_small_landlord,75.0,vacancy_tax,4,annual_appreciation_g,-0.011977806573263416,0.018022193426736582
beta_small_landlord,75.0,portfolio_tax,4,homeownership_rate,0.39018087855297157,0.0
beta_small_landlord,75.0,portfolio_tax,4,rental_vacancy_rate,0.046511627906976744,0.0
beta_small_landlord,75.0,portfolio_tax,4,annual_appreciation_g,-0.03,0.0
beta_small_landlord,75.0,geographic,4,homeownership_rate,0.19047619047619047,-0.1997046880767811
beta_small_landlord,75.0,geographic,4,rental_vacancy_rate,0.09973753280839895,0.053225904901422205
beta_small_landlord,75.0,geographic,4,annual_appreciation_g,0.0,0.03
beta_small_landlord,75.0,baseline,5,homeownership_rate,0.3883248730964467,0.0
beta_small_landlord,75.0,baseline,5,rental_vacancy_rate,0.11312217194570136,0.0
beta_small_landlord,75.0,baseline,5,annual_appreciation_g,-0.020671477629906065,0.0
beta_small_landlord,75.0,waiting_period,5,homeownership_rate,0.4626865671641791,0.07436169406773241
beta_small_landlord,75.0,waiting_period,5,rental_vacancy_rate,0.1552511415525114,0.04212896960681005
beta_small_landlord,75.0,waiting_period,5,annual_appreciation_g,-0.03,-0.009328522370093933
beta_small_landlord,75.0,ownership_cap_soft,5,homeownership_rate,0.3887468030690537,0.0004219299726069825
beta_small_landlord,75.0,ownership_cap_soft,5,rental_vacancy_rate,0.15178571428571427,0.038663542340012916
beta_small_landlord,75.0,ownership_cap_soft,5,annual_appreciation_g,-0.008653517261869359,0.012017960368036706
beta_small_landlord,75.0,ownership_cap_hard,5,homeownership_rate,0.39593908629441626,0.007614213197969566
beta_small_landlord,75.0,ownership_cap_hard,5,rental_vacancy_rate,0.13392857142857142,0.020806399482870067
beta_small_landlord,75.0,ownership_cap_hard,5,annual_appreciation_g,-0.03,-0.009328522370093933
beta_small_landlord,75.0,purchase_tax,5,homeownership_rate,0.4513715710723192,0.06304669797587248
beta_small_landlord,75.0,purchase_tax,5,rental_vacancy_rate,0.2384937238493724,0.12537155190367105
beta_small_landlord,75.0,purchase_tax,5,annual_appreciation_g,-0.03,-0.009328522370093933
beta_small_landlord,75.0,vacancy_tax,5,homeownership_rate,0.38402061855670105,-0.004304254539745644
beta_small_landlord,75.0,vacancy_tax,5,rental_vacancy_rate,0.13452914798206278,0.021406976036361422
beta_small_landlord,75.0,vacancy_tax,5,annual_appreciation_g,-0.013695030503783956,0.0069764471261221095
beta_small_landlord,75.0,portfolio_tax,5,homeownership_rate,0.3883248730964467,0.0
beta_small_landlord,75.0,portfolio_tax,5,rental_vacancy_rate,0.11312217194570136,0.0
beta_small_landlord,75.0,portfolio_tax,5,annual_appreciation_g,-0.020671477629906065,0.0
beta_small_landlord,75.0,geographic,5,homeownership_rate,0.14583333333333334,-0.24249153976311336
beta_small_landlord,75.0,geographic,5,rental_vacancy_rate,0.1424731182795699,0.029350946333868547
beta_small_landlord,75.0,geographic,5,annual_appreciation_g,-0.012824172387220445,0.00784730524268562
beta_small_landlord,75.0,baseline,6,homeownership_rate,0.40481927710843374,0.0
beta_small_landlord,75.0,baseline,6,rental_vacancy_rate,0.0423728813559322,0.0
beta_small_landlord,75.0,baseline,6,annual_appreciation_g,-0.021235291249737,0.0
beta_small_landlord,75.0,waiting_period,6,homeownership_rate,0.47074468085106386,0.06592540374263012
beta_small_landlord,75.0,waiting_period,6,rental_vacancy_rate,0.18269230769230768,0.14031942633637548
beta_small_landlord,75.0,waiting_period,6,annual_appreciation_g,0.045568482316526104,0.0668037735662631
beta_small_landlord,75.0,ownership_cap_soft,6,homeownership_rate,0.4853658536585366,0.08054657655010283
beta_small_landlord,75.0,ownership_cap_soft,6,rental_vacancy_rate,0.14285714285714285,0.10048426150121065
beta_small_landlord,75.0,ownership_cap_soft,6,annual_appreciation_g,-0.03,-0.008764708750263
beta_small_landlord,75.0,ownership_cap_hard,6,homeownership_rate,0.46265060240963857,0.05783132530120483
beta_small_landlord,75.0,ownership_cap_hard,6,rental_vacancy_rate,0.1095890410958904,0.0672161597399582
beta_small_landlord,75.0,ownership_cap_hard,6,annual_appreciation_g,-0.0231052046080642,-0.001869913358327202
beta_small_landlord,75.0,purchase_tax,6,homeownership_rate,0.4031413612565445,-0.0016779158518892556
beta_small_landlord,75.0,purchase_tax,6,rental_vacancy_rate,0.11475409836065574,0.07238121700472354
beta_small_landlord,75.0,purchase_tax,6,annual_appreciation_g,-0.03,-0.008764708750263
beta_small_landlord,75.0,vacancy_tax,6,homeownership_rate,0.39378238341968913,-0.011036893688744609
beta_small_landlord,75.0,vacancy_tax,6,rental_vacancy_rate,0.10810810810810811,0.06573522675217591
beta_small_landlord,75.0,vacancy_tax,6,annual_appreciation_g,-0.020667356726165487,0.0005679345235715116
beta_small_landlord,75.0,portfolio_tax,6,homeownership_rate,0.4028776978417266,-0.0019415792667071274
beta_small_landlord,75.0,portfolio_tax,6,rental_vacancy_rate,0.04602510460251046,0.003652223246578261
beta_small_landlord,75.0,portfolio_tax,6,annual_appreciation_g,-0.015725186375193156,0.005510104874543842
beta_small_landlord,75.0,geographic,6,homeownership_rate,0.19109947643979058,-0.21371980066864316
beta_small_landlord,75.0,geographic,6,rental_vacancy_rate,0.12332439678284182,0.08095151542690962
beta_small_landlord,75.0,geographic,6,annual_appreciation_g,0.0,0.021235291249737
beta_small_landlord,75.0,baseline,7,homeownership_rate,0.4631578947368421,0.0
beta_small_landlord,75.0,baseline,7,rental_vacancy_rate,0.12558139534883722,0.0
beta_small_landlord,75.0,baseline,7,annual_appreciation_g,-0.03,0.0
beta_small_landlord,75.0,waiting_period,7,homeownership_rate,0.47073170731707314,0.007573812580231043
beta_small_landlord,75.0,waiting_period,7,rental_vacancy_rate,0.1111111111111111,-0.014470284237726116
beta_small_landlord,75.0,waiting_period,7,annual_appreciation_g,-0.024103393422245323,0.005896606577754676
beta_small_landlord,75.0,ownership_cap_soft,7,homeownership_rate,0.4403183023872679,-0.022839592349574223
beta_small_landlord,75.0,ownership_cap_soft,7,rental_vacancy_rate,0.1095890410958904,-0.015992354252946817
beta_small_landlord,75.0,ownership_cap_soft,7,annual_appreciation_g,-0.02641080154545139,0.003589198454548609
beta_small_landlord,75.0,ownership_cap_hard,7,homeownership_rate,0.47074468085106386,0.007586786114221755
beta_small_landlord,75.0,ownership_cap_hard,7,rental_vacancy_rate,0.19090909090909092,0.0653276955602537
beta_small_landlord,75.0,ownership_cap_hard,7,annual_appreciation_g,0.0,0.03
beta_small_landlord,75.0,purchase_tax,7,homeownership_rate,0.5012853470437018,0.038127452306859655
beta_small_landlord,75.0,purchase_tax,7,rental_vacancy_rate,0.2163265306122449,0.09074513526340769
beta_small_landlord,75.0,purchase_tax,7,annual_appreciation_g,0.08226796617581233,0.11226796617581233
beta_small_landlord,75.0,vacancy_tax,7,homeownership_rate,0.4220430107526882,-0.041114883984153916
beta_small_landlord,75.0,vacancy_tax,7,rental_vacancy_rate,0.10599078341013825,-0.019590611938698974
beta_small_landlord,75.0,vacancy_tax,7,annual_appreciation_g,-0.008458894130758399,0.0215411058692416
beta_small_landlord,75.0,portfolio_tax,7,homeownership_rate,0.4631578947368421,0.0
beta_small_landlord,75.0,portfolio_tax,7,rental_vacancy_rate,0.12558139534883722,0.0
beta_small_landlord,75.0,portfolio_tax,7,annual_appreciation_g,-0.03,0.0
beta_small_landlord,75.0,geographic,7,homeownership_rate,0.21794871794871795,-0.24520917678812415
beta_small_landlord,75.0,geographic,7,rental_vacancy_rate,0.05917159763313609,-0.06640979771570113
beta_small_landlord,75.0,geographic,7,annual_appreciation_g,-0.007245373165920221,0.022754626834079777
beta_small_landlord,75.0,baseline,8,homeownership_rate,0.40694789081885857,0.0
beta_small_landlord,75.0,baseline,8,rental_vacancy_rate,0.07906976744186046,0.0
beta_small_landlord,75.0,baseline,8,annual_appreciation_g,-0.03,0.0
beta_small_landlord,75.0,waiting_period,8,homeownership_rate,0.3842364532019704,-0.022711437616888153
beta_small_landlord,75.0,waiting_period,8,rental_vacancy_rate,0.06639004149377593,-0.01267972594808453
beta_small_landlord,75.0,waiting_period,8,annual_appreciation_g,-0.03,0.0
beta_small_landlord,75.0,ownership_cap_soft,8,homeownership_rate,0.43478260869565216,0.02783471787679359
beta_small_landlord,75.0,ownership_cap_soft,8,rental_vacancy_rate,0.0730593607305936,-0.006010406711266861
beta_small_landlord,75.0,ownership_cap_soft,8,annual_appreciation_g,-0.015428948793664743,0.014571051206335256
beta_small_landlord,75.0,ownership_cap_hard,8,homeownership_rate,0.47783251231527096,0.07088462149641239
beta_small_landlord,75.0,ownership_cap_hard,8,rental_vacancy_rate,0.14414414414414414,0.06507437670228368
beta_small_landlord,75.0,ownership_cap_hard,8,annual_appreciation_g,-0.03,0.0
beta_small_landlord,75.0,purchase_tax,8,homeownership_rate,0.4469135802469136,0.03996568942805501
beta_small_landlord,75.0,purchase_tax,8,rental_vacancy_rate,0.0821917808219178,0.0031220133800573396
beta_small_landlord,75.0,purchase_tax,8,annual_appreciation_g,-0.02986623977849523,0.00013376022150476952
beta_small_landlord,75.0,vacancy_tax,8,homeownership_rate,0.5036496350364964,0.09670174421763783
beta_small_landlord,75.0,vacancy_tax,8,rental_vacancy_rate,0.1688888888888889,0.08981912144702843
beta_small_landlord,75.0,vacancy_tax,8,annual_appreciation_g,-0.010879273820909918,0.01912072617909008
beta_small_landlord,75.0,portfolio_tax,8,homeownership_rate,0.40694789081885857,0.0
beta_small_landlord,75.0,portfolio_tax,8,rental_vacancy_rate,0.07906976744186046,0.0
beta_small_landlord,75.0,portfolio_tax,8,annual_appreciation_g,-0.03,0.0
beta_small_landlord,75.0,geographic,8,homeownership_rate,0.2691292875989446,-0.13781860321991396
beta_small_landlord,75.0,geographic,8,rental_vacancy_rate,0.13609467455621302,0.057024907114352555
beta_small_landlord,75.0,geographic,8,annual_appreciation_g,0.0119693910065517,0.0419693910065517
beta_small_landlord,75.0,baseline,9,homeownership_rate,0.44630071599045346,0.0
beta_small_landlord,75.0,baseline,9,rental_vacancy_rate,0.0794979079497908,0.0
beta_small_landlord,75.0,baseline,9,annual_appreciation_g,-0.003064839196498692,0.0
beta_small_landlord,75.0,waiting_period,9,homeownership_rate,0.45566502463054187,0.009364308640088415
beta_small_landlord,75.0,waiting_period,9,rental_vacancy_rate,0.17573221757322174,0.09623430962343095
beta_small_landlord,75.0,waiting_period,9,annual_appreciation_g,-0.014878432501286953,-0.011813593304788261
beta_small_landlord,75.0,ownership_cap_soft,9,homeownership_rate,0.4878048780487805,0.04150416205832702
beta_small_landlord,75.0,ownership_cap_soft,9,rental_vacancy_rate,0.19838056680161945,0.11888265885182865
beta_small_landlord,75.0,ownership_cap_soft,9,annual_appreciation_g,-0.014503101022644405,-0.011438261826145713
beta_small_landlord,75.0,ownership_cap_hard,9,homeownership_rate,0.45012165450121655,0.0038209385107630944
beta_small_landlord,75.0,ownership_cap_hard,9,rental_vacancy_rate,0.1673469387755102,0.08784903082571942
beta_small_landlord,75.0,ownership_cap_hard,9,annual_appreciation_g,-0.03,-0.026935160803501307
beta_small_landlord,75.0,purchase_tax,9,homeownership_rate,0.4263565891472868,-0.019944126843166654
beta_small_landlord,75.0,purchase_tax,9,rental_vacancy_rate,0.1590909090909091,0.0795930011411183
beta_small_landlord,75.0,purchase_tax,9,annual_appreciation_g,-0.023820479966920827,-0.020755640770422135
beta_small_landlord,75.0,vacancy_tax,9,homeownership_rate,0.4583333333333333,0.012032617342879859
beta_small_landlord,75.0,vacancy_tax,9,rental_vacancy_rate,0.12184873949579832,0.04235083154600752
beta_small_landlord,75.0,vacancy_tax,9,annual_appreciation_g,-0.03,-0.026935160803501307
beta_small_landlord,75.0,portfolio_tax,9,homeownership_rate,0.44630071599045346,0.0
beta_small_landlord,75.0,portfolio_tax,9,rental_vacancy_rate,0.0794979079497908,0.0
beta_small_landlord,75.0,portfolio_tax,9,annual_appreciation_g,-0.003064839196498692,0.0
beta_small_landlord,75.0,geographic,9,homeownership_rate,0.1953125,-0.25098821599045346
beta_small_landlord,75.0,geographic,9,rental_vacancy_rate,0.0893371757925072,0.00983926784271641
beta_small_landlord,75.0,geographic,9,annual_appreciation_g,-0.01721262389324918,-0.014147784696750487
beta_small_landlord,75.0,baseline,10,homeownership_rate,0.46782178217821785,0.0
beta_small_landlord,75.0,baseline,10,rental_vacancy_rate,0.2297872340425532,0.0
beta_small_landlord,75.0,baseline,10,annual_appreciation_g,-0.03,0.0
beta_small_landlord,75.0,waiting_period,10,homeownership_rate,0.4704370179948586,0.0026152358166407486
beta_small_landlord,75.0,waiting_period,10,rental_vacancy_rate,0.271889400921659,0.042102166879105785
beta_small_landlord,75.0,waiting_period,10,annual_appreciation_g,0.05931854629234845,0.08931854629234845
beta_small_landlord,75.0,ownership_cap_soft,10,homeownership_rate,0.505,0.037178217821782156
beta_small_landlord,75.0,ownership_cap_soft,10,rental_vacancy_rate,0.3,0.0702127659574468
beta_small_landlord,75.0,ownership_cap_soft,10,annual_appreciation_g,-0.006134905721107864,0.023865094278892135
beta_small_landlord,75.0,ownership_cap_hard,10,homeownership_rate,0.4376470588235294,-0.03017472335468846
beta_small_landlord,75.0,ownership_cap_hard,10,rental_vacancy_rate,0.10714285714285714,-0.12264437689969605
beta_small_landlord,75.0,ownership_cap_hard,10,annual_appreciation_g,-0.006560403839693252,0.023439596160306747
beta_small_landlord,75.0,purchase_tax,10,homeownership_rate,0.49877750611246946,0.03095572393425161
beta_small_landlord,75.0,purchase_tax,10,rental_vacancy_rate,0.24609375,0.01630651595744681
beta_small_landlord,75.0,purchase_tax,10,annual_appreciation_g,0.0061333041816207245,0.03613330418162072
beta_small_landlord,75.0,vacancy_tax,10,homeownership_rate,0.42318059299191374,-0.04464118918630411
beta_small_landlord,75.0,vacancy_tax,10,rental_vacancy_rate,0.24489795918367346,0.015110725141120274
beta_small_landlord,75.0,vacancy_tax,10,annual_appreciation_g,-0.006785176058231146,0.023214823941768853
beta_small_landlord,75.0,portfolio_tax,10,homeownership_rate,0.46782178217821785,0.0
beta_small_landlord,75.0,portfolio_tax,10,rental_vacancy_rate,0.2297872340425532,0.0
beta_small_landlord,75.0,portfolio_tax,10,annual_appreciation_g,-0.03,0.0
beta_small_landlord,75.0,geographic,10,homeownership_rate,0.24874371859296482,-0.21907806358525303
beta_small_landlord,75.0,geographic,10,rental_vacancy_rate,0.13411078717201166,-0.09567644687054153
beta_small_landlord,75.0,geographic,10,annual_appreciation_g,-0.009227908255905581,0.020772091744094417
beta_small_landlord,75.0,baseline,11,homeownership_rate,0.4799054373522459,0.0
beta_small_landlord,75.0,baseline,11,rental_vacancy_rate,0.12264150943396226,0.0
beta_small_landlord,75.0,baseline,11,annual_appreciation_g,-0.03,0.0
beta_small_landlord,75.0,waiting_period,11,homeownership_rate,0.38071065989847713,-0.09919477745376876
beta_small_landlord,75.0,waiting_period,11,rental_vacancy_rate,0.05855855855855856,-0.06408295087540371
beta_small_landlord,75.0,waiting_period,11,annual_appreciation_g,-0.03,0.0
beta_small_landlord,75.0,ownership_cap_soft,11,homeownership_rate,0.4853658536585366,0.005460416306290683
beta_small_landlord,75.0,ownership_cap_soft,11,rental_vacancy_rate,0.11848341232227488,-0.004158097111687381
beta_small_landlord,75.0,ownership_cap_soft,11,annual_appreciation_g,-0.015085025559883225,0.014914974440116774
beta_small_landlord,75.0,ownership_cap_hard,11,homeownership_rate,0.4802955665024631,0.00039012915021718886
beta_small_landlord,75.0,ownership_cap_hard,11,rental_vacancy_rate,0.2009132420091324,0.07827173257517014
beta_small_landlord,75.0,ownership_cap_hard,11,annual_appreciation_g,-0.03,0.0
beta_small_landlord,75.0,purchase_tax,11,homeownership_rate,0.3401015228426396,-0.13980391450960628
beta_small_landlord,75.0,purchase_tax,11,rental_vacancy_rate,0.0,-0.12264150943396226
beta_small_landlord,75.0,purchase_tax,11,annual_appreciation_g,-0.00799073508040593,0.022009264919594068
beta_small_landlord,75.0,vacancy_tax,11,homeownership_rate,0.4799054373522459,0.0
beta_small_landlord,75.0,vacancy_tax,11,rental_vacancy_rate,0.12264150943396226,0.0
beta_small_landlord,75.0,vacancy_tax,11,annual_appreciation_g,-0.03,0.0
beta_small_landlord,75.0,portfolio_tax,11,homeownership_rate,0.4799054373522459,0.0
beta_small_landlord,75.0,portfolio_tax,11,rental_vacancy_rate,0.12264150943396226,0.0
beta_small_landlord,75.0,portfolio_tax,11,annual_appreciation_g,-0.03,0.0
beta_small_landlord,75.0,geographic,11,homeownership_rate,0.3053435114503817,-0.1745619259018642
beta_small_landlord,75.0,geographic,11,rental_vacancy_rate,0.12386706948640483,0.0012255600524425647
beta_small_landlord,75.0,geographic,11,annual_appreciation_g,-0.018164301188000276,0.011835698811999723
beta_small_landlord,75.0,baseline,12,homeownership_rate,0.4713541666666667,0.0
beta_small_landlord,75.0,baseline,12,rental_vacancy_rate,0.1702127659574468,0.0
beta_small_landlord,75.0,baseline,12,annual_appreciation_g,0.025260608023534692,0.0
beta_small_landlord,75.0,waiting_period,12,homeownership_rate,0.4251968503937008,-0.046157316272965876
beta_small_landlord,75.0,waiting_period,12,rental_vacancy_rate,0.047619047619047616,-0.12259371833839919
beta_small_landlord,75.0,waiting_period,12,annual_appreciation_g,-0.020998900776431406,-0.0462595087999661
beta_small_landlord,75.0,ownership_cap_soft,12,homeownership_rate,0.4241645244215938,-0.04718964224507288
beta_small_landlord,75.0,ownership_cap_soft,12,rental_vacancy_rate,0.07488986784140969,-0.09532289811603711
beta_small_landlord,75.0,ownership_cap_soft,12,annual_appreciation_g,-0.019416279501660028,-0.04467688752519472
beta_small_landlord,75.0,ownership_cap_hard,12,homeownership_rate,0.42159383033419023,-0.04976033633247645
beta_small_landlord,75.0,ownership_cap_hard,12,rental_vacancy_rate,0.09401709401709402,-0.07619567194035279
beta_small_landlord,75.0,ownership_cap_hard,12,annual_appreciation_g,-0.010832485915201806,-0.0360930939387365
beta_small_landlord,75.0,purchase_tax,12,homeownership_rate,0.4,-0.07135416666666666
beta_small_landlord,75.0,purchase_tax,12,rental_vacancy_rate,0.08064516129032258,-0.08956760466712423
beta_small_landlord,75.0,purchase_tax,12,annual_appreciation_g,3.2900232211030556e-05,-0.02522770779132366
beta_small_landlord,75.0,vacancy_tax,12,homeownership_rate,0.4362244897959184,-0.035129676870748305
beta_small_landlord,75.0,vacancy_tax,12,rental_vacancy_rate,0.12173913043478261,-0.04847363552266419
beta_small_landlord,75.0,vacancy_tax,12,annual_appreciation_g,-0.007427781534212863,-0.032688389557747555
beta_small_landlord,75.0,portfolio_tax,12,homeownership_rate,0.4713541666666667,0.0
beta_small_landlord,75.0,portfolio_tax,12,rental_vacancy_rate,0.1702127659574468,0.0
beta_small_landlord,75.0,portfolio_tax,12,annual_appreciation_g,0.025260608023534692,0.0
beta_small_landlord,75.0,geographic,12,homeownership_rate,0.2661498708010336,-0.2052042958656331
beta_small_landlord,75.0,geographic,12,rental_vacancy_rate,0.09393939393939393,-0.07627337201805287
beta_small_landlord,75.0,geographic,12,annual_appreciation_g,0.012778869289493455,-0.012481738734041237
beta_small_landlord,75.0,baseline,13,homeownership_rate,0.5224586288416075,0.0
beta_small_landlord,75.0,baseline,13,rental_vacancy_rate,0.1559633027522936,0.0
beta_small_landlord,75.0,baseline,13,annual_appreciation_g,-0.004537876208034586,0.0
beta_small_landlord,75.0,waiting_period,13,homeownership_rate,0.44360902255639095,-0.07884960628521659
beta_small_landlord,75.0,waiting_period,13,rental_vacancy_rate,0.11304347826086956,-0.04291982449142402
beta_small_landlord,75.0,waiting_period,13,annual_appreciation_g,-0.03,-0.025462123791965413
beta_small_landlord,75.0,ownership_cap_soft,13,homeownership_rate,0.4580335731414868,-0.06442505570012075
beta_small_landlord,75.0,ownership_cap_soft,13,rental_vacancy_rate,0.0776255707762557,-0.07833773197603788
beta_small_landlord,75.0,ownership_cap_soft,13,annual_appreciation_g,-0.008400673335645314,-0.0038627971276107287
beta_small_landlord,75.0,ownership_cap_hard,13,homeownership_rate,0.5297029702970297,0.0072443414554221874
beta_small_landlord,75.0,ownership_cap_hard,13,rental_vacancy_rate,0.20093457943925233,0.044971276686958744
beta_small_landlord,75.0,ownership_cap_hard,13,annual_appreciation_g,-0.008131161921522412,-0.003593285713487826
beta_small_landlord,75.0,purchase_tax,13,homeownership_rate,0.48854961832061067,-0.033909010520996874
beta_small_landlord,75.0,purchase_tax,13,rental_vacancy_rate,0.1864406779661017,0.03047737521380811
beta_small_landlord,75.0,purchase_tax,13,annual_appreciation_g,0.0,0.004537876208034586
beta_small_landlord,75.0,vacancy_tax,13,homeownership_rate,0.4891041162227603,-0.033354512618847254
beta_small_landlord,75.0,vacancy_tax,13,rental_vacancy_rate,0.14027149321266968,-0.015691809539623902
beta_small_landlord,75.0,vacancy_tax,13,annual_appreciation_g,-0.025304958170250247,-0.02076708196221566
beta_small_landlord,75.0,portfolio_tax,13,homeownership_rate,0.5224586288416075,0.0
beta_small_landlord,75.0,portfolio_tax,13,rental_vacancy_rate,0.1559633027522936,0.0
beta_small_landlord,75.0,portfolio_tax,13,annual_appreciation_g,-0.004537876208034586,0.0
beta_small_landlord,75.0,geographic,13,homeownership_rate,0.2936893203883495,-0.22876930845325805
beta_small_landlord,75.0,geographic,13,rental_vacancy_rate,0.12885154061624648,-0.0271117621360471
beta_small_landlord,75.0,geographic,13,annual_appreciation_g,0.06882356763530506,0.07336144384333965
beta_small_landlord,75.0,baseline,14,homeownership_rate,0.4236453201970443,0.0
beta_small_landlord,75.0,baseline,14,rental_vacancy_rate,0.06451612903225806,0.0
beta_small_landlord,75.0,baseline,14,annual_appreciation_g,-0.03,0.0
beta_small_landlord,75.0,waiting_period,14,homeownership_rate,0.47877358490566035,0.05512826470861604
beta_small_landlord,75.0,waiting_period,14,rental_vacancy_rate,0.12669683257918551,0.06218070354692745
beta_small_landlord,75.0,waiting_period,14,annual_appreciation_g,-0.03,0.0
beta_small_landlord,75.0,ownership_cap_soft,14,homeownership_rate,0.38287153652392947,-0.04077378367311485
beta_small_landlord,75.0,ownership_cap_soft,14,rental_vacancy_rate,0.0641025641025641,-0.00041356492969396585
beta_small_landlord,75.0,ownership_cap_soft,14,annual_appreciation_g,-0.01686666210570542,0.013133337894294578
beta_small_landlord,75.0,ownership_cap_hard,14,homeownership_rate,0.4517766497461929,0.028131329549148598
beta_small_landlord,75.0,ownership_cap_hard,14,rental_vacancy_rate,0.10909090909090909,0.04457478005865102
beta_small_landlord,75.0,ownership_cap_hard,14,annual_appreciation_g,-0.029887290882833373,0.00011270911716662613
beta_small_landlord,75.0,purchase_tax,14,homeownership_rate,0.36989795918367346,-0.053747361013370853
beta_small_landlord,75.0,purchase_tax,14,rental_vacancy_rate,0.012711864406779662,-0.0518042646254784
beta_small_landlord,75.0,purchase_tax,14,annual_appreciation_g,-0.024779711448697284,0.005220288551302715
beta_small_landlord,75.0,vacancy_tax,14,homeownership_rate,0.4261904761904762,0.002545155993431858
beta_small_landlord,75.0,vacancy_tax,14,rental_vacancy_rate,0.07894736842105263,0.014431239388794564
beta_small_landlord,75.0,vacancy_tax,14,annual_appreciation_g,-0.03,0.0
beta_small_landlord,75.0,portfolio_tax,14,homeownership_rate,0.4236453201970443,0.0
beta_small_landlord,75.0,portfolio_tax,14,rental_vacancy_rate,0.06451612903225806,0.0
beta_small_landlord,75.0,portfolio_tax,14,annual_appreciation_g,-0.03,0.0
beta_small_landlord,75.0,geographic,14,homeownership_rate,0.29873417721518986,-0.12491114298185446
beta_small_landlord,75.0,geographic,14,rental_vacancy_rate,0.12011173184357542,0.055595602811317354
beta_small_landlord,75.0,geographic,14,annual_appreciation_g,0.03883333247480003,0.06883333247480003
beta_small_landlord,75.0,baseline,15,homeownership_rate,0.3489583333333333,0.0
beta_small_landlord,75.0,baseline,15,rental_vacancy_rate,0.08071748878923767,0.0
beta_small_landlord,75.0,baseline,15,annual_appreciation_g,-0.022339707833133104,0.0
beta_small_landlord,75.0,waiting_period,15,homeownership_rate,0.45910290237467016,0.11014456904133685
beta_small_landlord,75.0,waiting_period,15,rental_vacancy_rate,0.14883720930232558,0.06811972051308791
beta_small_landlord,75.0,waiting_period,15,annual_appreciation_g,-0.03,-0.007660292166866894
beta_small_landlord,75.0,ownership_cap_soft,15,homeownership_rate,0.3952254641909814,0.04626713085764811
beta_small_landlord,75.0,ownership_cap_soft,15,rental_vacancy_rate,0.1782608695652174,0.09754338077597972
beta_small_landlord,75.0,ownership_cap_soft,15,annual_appreciation_g,-0.02880277521373964,-0.006463067380606535
beta_small_landlord,75.0,ownership_cap_hard,15,homeownership_rate,0.4199475065616798,0.07098917322834647
beta_small_landlord,75.0,ownership_cap_hard,15,rental_vacancy_rate,0.16363636363636364,0.08291887484712597
beta_small_landlord,75.0,ownership_cap_hard,15,annual_appreciation_g,-0.027441745704692933,-0.005102037871559828
beta_small_landlord,75.0,purchase_tax,15,homeownership_rate,0.4827586206896552,0.13380028735632188
beta_small_landlord,75.0,purchase_tax,15,rental_vacancy_rate,0.21171171171171171,0.13099422292247404
beta_small_landlord,75.0,purchase_tax,15,annual_appreciation_g,0.008981716150658015,0.03132142398379112
beta_small_landlord,75.0,vacancy_tax,15,homeownership_rate,0.39952153110047844,0.05056319776714513
beta_small_landlord,75.0,vacancy_tax,15,rental_vacancy_rate,0.028037383177570093,-0.05268010561166757
beta_small_landlord,75.0,vacancy_tax,15,annual_appreciation_g,-0.019627036553356736,0.0027126712797763686
beta_small_landlord,75.0,portfolio_tax,15,homeownership_rate,0.3489583333333333,0.0
beta_small_landlord,75.0,portfolio_tax,15,rental_vacancy_rate,0.08071748878923767,0.0
beta_small_landlord,75.0,portfolio_tax,15,annual_appreciation_g,-0.022339707833133104,0.0
beta_small_landlord,75.0,geographic,15,homeownership_rate,0.24019607843137256,-0.10876225490196076
beta_small_landlord,75.0,geographic,15,rental_vacancy_rate,0.14246575342465753,0.06174826463541987
beta_small_landlord,75.0,geographic,15,annual_appreciation_g,0.03462020743652072,0.05695991526965383
beta_small_landlord,75.0,baseline,16,homeownership_rate,0.5410628019323671,0.0
beta_small_landlord,75.0,baseline,16,rental_vacancy_rate,0.16062176165803108,0.0
beta_small_landlord,75.0,baseline,16,annual_appreciation_g,-0.02439220085822047,0.0
beta_small_landlord,75.0,waiting_period,16,homeownership_rate,0.36675461741424803,-0.17430818451811908
beta_small_landlord,75.0,waiting_period,16,rental_vacancy_rate,0.0,-0.16062176165803108
beta_small_landlord,75.0,waiting_period,16,annual_appreciation_g,-0.02288745509608725,0.0015047457621332194
beta_small_landlord,75.0,ownership_cap_soft,16,homeownership_rate,0.5410628019323671,0.0
beta_small_landlord,75.0,ownership_cap_soft,16,rental_vacancy_rate,0.16062176165803108,0.0
beta_small_landlord,75.0,ownership_cap_soft,16,annual_appreciation_g,-0.02439220085822047,0.0
beta_small_landlord,75.0,ownership_cap_hard,16,homeownership_rate,0.5410628019323671,0.0
beta_small_landlord,75.0,ownership_cap_hard,16,rental_vacancy_rate,0.16062176165803108,0.0
beta_small_landlord,75.0,ownership_cap_hard,16,annual_appreciation_g,-0.02439220085822047,0.0
beta_small_landlord,75.0,purchase_tax,16,homeownership_rate,0.4253164556962025,-0.11574634623616459
beta_small_landlord,75.0,purchase_tax,16,rental_vacancy_rate,0.046948356807511735,-0.11367340485051934
beta_small_landlord,75.0,purchase_tax,16,annual_appreciation_g,0.03717512292552683,0.061567323783747296
beta_small_landlord,75.0,vacancy_tax,16,homeownership_rate,0.41626794258373206,-0.12479485934863505
beta_small_landlord,75.0,vacancy_tax,16,rental_vacancy_rate,0.0,-0.16062176165803108
beta_small_landlord,75.0,vacancy_tax,16,annual_appreciation_g,-0.03,-0.005607799141779529
beta_small_landlord,75.0,portfolio_tax,16,homeownership_rate,0.5410628019323671,0.0
beta_small_landlord,75.0,portfolio_tax,16,rental_vacancy_rate,0.16062176165803108,0.0
beta_small_landlord,75.0,portfolio_tax,16,annual_appreciation_g,-0.02439220085822047,0.0
beta_small_landlord,75.0,geographic,16,homeownership_rate,0.21195652173913043,-0.3291062801932367
beta_small_landlord,75.0,geographic,16,rental_vacancy_rate,0.1037463976945245,-0.05687536396350658
beta_small_landlord,75.0,geographic,16,annual_appreciation_g,0.022848990346308717,0.04724119120452919
beta_small_landlord,75.0,baseline,17,homeownership_rate,0.47435897435897434,0.0
beta_small_landlord,75.0,baseline,17,rental_vacancy_rate,0.18981481481481483,0.0
beta_small_landlord,75.0,baseline,17,annual_appreciation_g,-0.03,0.0
beta_small_landlord,75.0,waiting_period,17,homeownership_rate,0.5090439276485789,0.034684953289604525
beta_small_landlord,75.0,waiting_period,17,rental_vacancy_rate,0.28634361233480177,0.09652879751998694
beta_small_landlord,75.0,waiting_period,17,annual_appreciation_g,0.012051000518971566,0.042051000518971565
beta_small_landlord,75.0,ownership_cap_soft,17,homeownership_rate,0.47435897435897434,0.0
beta_small_landlord,75.0,ownership_cap_soft,17,rental_vacancy_rate,0.18981481481481483,0.0
beta_small_landlord,75.0,ownership_cap_soft,17,annual_appreciation_g,-0.03,0.0
beta_small_landlord,75.0,ownership_cap_hard,17,homeownership_rate,0.47435897435897434,0.0
beta_small_landlord,75.0,ownership_cap_hard,17,rental_vacancy_rate,0.18981481481481483,0.0
beta_small_landlord,75.0,ownership_cap_hard,17,annual_appreciation_g,-0.03,0.0
beta_small_landlord,75.0,purchase_tax,17,homeownership_rate,0.3974358974358974,-0.07692307692307693
beta_small_landlord,75.0,purchase_tax,17,rental_vacancy_rate,0.06374501992031872,-0.1260697948944961
beta_small_landlord,75.0,purchase_tax,17,annual_appreciation_g,-0.03,0.0
beta_small_landlord,75.0,vacancy_tax,17,homeownership_rate,0.441025641025641,-0.033333333333333326
beta_small_landlord,75.0,vacancy_tax,17,rental_vacancy_rate,0.12962962962962962,-0.0601851851851852
beta_small_landlord,75.0,vacancy_tax,17,annual_appreciation_g,-0.03,0.0
beta_small_landlord,75.0,portfolio_tax,17,homeownership_rate,0.47435897435897434,0.0
beta_small_landlord,75.0,portfolio_tax,17,rental_vacancy_rate,0.18981481481481483,0.0
beta_small_landlord,75.0,portfolio_tax,17,annual_appreciation_g,-0.03,0.0
beta_small_landlord,75.0,geographic,17,homeownership_rate,0.2398989898989899,-0.23445998445998445
beta_small_landlord,75.0,geographic,17,rental_vacancy_rate,0.10826210826210826,-0.08155270655270656
beta_small_landlord,75.0,geographic,17,annual_appreciation_g,0.004367776767534304,0.0343677767675343
beta_small_landlord,75.0,baseline,18,homeownership_rate,0.5798525798525799,0.0
beta_small_landlord,75.0,baseline,18,rental_vacancy_rate,0.3230088495575221,0.0
beta_small_landlord,75.0,baseline,18,annual_appreciation_g,0.021927769754207738,0.0
beta_small_landlord,75.0,waiting_period,18,homeownership_rate,0.4905149051490515,-0.08933767470352838
beta_small_landlord,75.0,waiting_period,18,rental_vacancy_rate,0.33014354066985646,0.007134691112334335
beta_small_landlord,75.0,waiting_period,18,annual_appreciation_g,0.001633315541551994,-0.020294454212655744
beta_small_landlord,75.0,ownership_cap_soft,18,homeownership_rate,0.5204819277108433,-0.059370652141736535
beta_small_landlord,75.0,ownership_cap_soft,18,rental_vacancy_rate,0.3021276595744681,-0.02088118998305405
beta_small_landlord,75.0,ownership_cap_soft,18,annual_appreciation_g,-0.004634891122689,-0.026562660876896738
beta_small_landlord,75.0,ownership_cap_hard,18,homeownership_rate,0.4547677261613692,-0.1250848536912107
beta_small_landlord,75.0,ownership_cap_hard,18,rental_vacancy_rate,0.23404255319148937,-0.08896629636603276
beta_small_landlord,75.0,ownership_cap_hard,18,annual_appreciation_g,-0.03,-0.05192776975420774
beta_small_landlord,75.0,purchase_tax,18,homeownership_rate,0.42028985507246375,-0.15956272478011613
beta_small_landlord,75.0,purchase_tax,18,rental_vacancy_rate,0.04504504504504504,-0.2779638045124771
beta_small_landlord,75.0,purchase_tax,18,annual_appreciation_g,-0.03,-0.05192776975420774
beta_small_landlord,75.0,vacancy_tax,18,homeownership_rate,0.5581947743467933,-0.021657805505786554
beta_small_landlord,75.0,vacancy_tax,18,rental_vacancy_rate,0.30701754385964913,-0.015991305697872993
beta_small_landlord,75.0,vacancy_tax,18,annual_appreciation_g,0.0,-0.021927769754207738
beta_small_landlord,75.0,portfolio_tax,18,homeownership_rate,0.5798525798525799,0.0
beta_small_landlord,75.0,portfolio_tax,18,rental_vacancy_rate,0.3230088495575221,0.0
beta_small_landlord,75.0,portfolio_tax,18,annual_appreciation_g,0.021927769754207738,0.0
beta_small_landlord,75.0,geographic,18,homeownership_rate,0.23399014778325122,-0.34586243206932865
beta_small_landlord,75.0,geographic,18,rental_vacancy_rate,0.14363143631436315,-0.17937741324315898
beta_small_landlord,75.0,geographic,18,annual_appreciation_g,-0.00497512437810943,-0.026902894132317168
beta_small_landlord,75.0,baseline,19,homeownership_rate,0.4739583333333333,0.0
beta_small_landlord,75.0,baseline,19,rental_vacancy_rate,0.2175925925925926,0.0
beta_small_landlord,75.0,baseline,19,annual_appreciation_g,-0.0037114516757776883,0.0
beta_small_landlord,75.0,waiting_period,19,homeownership_rate,0.4,-0.07395833333333329
beta_small_landlord,75.0,waiting_period,19,rental_vacancy_rate,0.06956521739130435,-0.14802737520128822
beta_small_landlord,75.0,waiting_period,19,annual_appreciation_g,-0.011854382185309764,-0.008142930509532076
beta_small_landlord,75.0,ownership_cap_soft,19,homeownership_rate,0.5212765957446809,0.04731826241134757
beta_small_landlord,75.0,ownership_cap_soft,19,rental_vacancy_rate,0.32242990654205606,0.10483731394946347
beta_small_landlord,75.0,ownership_cap_soft,19,annual_appreciation_g,0.0,0.0037114516757776883
beta_small_landlord,75.0,ownership_cap_hard,19,homeownership_rate,0.43523316062176165,-0.038725172711571665
beta_small_landlord,75.0,ownership_cap_hard,19,rental_vacancy_rate,0.18099547511312217,-0.03659711747947042
beta_small_landlord,75.0,ownership_cap_hard,19,annual_appreciation_g,-0.03,-0.02628854832422231
beta_small_landlord,75.0,purchase_tax,19,homeownership_rate,0.45595854922279794,-0.017999784110535377
beta_small_landlord,75.0,purchase_tax,19,rental_vacancy_rate,0.1615720524017467,-0.056020540190845874
beta_small_landlord,75.0,purchase_tax,19,annual_appreciation_g,-0.004856532135138036,-0.001145080459360348
beta_small_landlord,75.0,vacancy_tax,19,homeownership_rate,0.5454545454545454,0.0714962121212121
beta_small_landlord,75.0,vacancy_tax,19,rental_vacancy_rate,0.3181818181818182,0.10058922558922559
beta_small_landlord,75.0,vacancy_tax,19,annual_appreciation_g,-0.000138144548371133,0.0035733071274065553
beta_small_landlord,75.0,portfolio_tax,19,homeownership_rate,0.4739583333333333,0.0
beta_small_landlord,75.0,portfolio_tax,19,rental_vacancy_rate,0.2175925925925926,0.0
beta_small_landlord,75.0,portfolio_tax,19,annual_appreciation_g,-0.0037114516757776883,0.0
beta_small_landlord,75.0,geographic,19,homeownership_rate,0.2262210796915167,-0.24773725364181662
beta_small_landlord,75.0,geographic,19,rental_vacancy_rate,0.11337209302325581,-0.10422049956933678
beta_small_landlord,75.0,geographic,19,annual_appreciation_g,-0.004543365153606094,-0.0008319134778284054
beta_small_landlord,100.0,baseline,0,homeownership_rate,0.3511450381679389,0.0
beta_small_landlord,100.0,baseline,0,rental_vacancy_rate,0.018018018018018018,0.0
beta_small_landlord,100.0,baseline,0,annual_appreciation_g,-0.0064194159891424185,0.0
beta_small_landlord,100.0,waiting_period,0,homeownership_rate,0.39294117647058824,0.04179613830264933
beta_small_landlord,100.0,waiting_period,0,rental_vacancy_rate,0.0,-0.018018018018018018
beta_small_landlord,100.0,waiting_period,0,annual_appreciation_g,-0.020873171787262446,-0.014453755798120027
beta_small_landlord,100.0,ownership_cap_soft,0,homeownership_rate,0.42930591259640105,0.07816087442846215
beta_small_landlord,100.0,ownership_cap_soft,0,rental_vacancy_rate,0.21171171171171171,0.19369369369369369
beta_small_landlord,100.0,ownership_cap_soft,0,annual_appreciation_g,-0.03,-0.02358058401085758
beta_small_landlord,100.0,ownership_cap_hard,0,homeownership_rate,0.4731457800511509,0.12200074188321197
beta_small_landlord,100.0,ownership_cap_hard,0,rental_vacancy_rate,0.28512396694214875,0.26710594892413075
beta_small_landlord,100.0,ownership_cap_hard,0,annual_appreciation_g,0.0032023563004619504,0.009621772289604369
beta_small_landlord,100.0,purchase_tax,0,homeownership_rate,0.5065963060686016,0.15545126790066272
beta_small_landlord,100.0,purchase_tax,0,rental_vacancy_rate,0.30837004405286345,0.29035202603484545
beta_small_landlord,100.0,purchase_tax,0,annual_appreciation_g,0.023862404706083584,0.030281820695226003
beta_small_landlord,100.0,vacancy_tax,0,homeownership_rate,0.3511450381679389,0.0
beta_small_landlord,100.0,vacancy_tax,0,rental_vacancy_rate,0.018018018018018018,0.0
beta_small_landlord,100.0,vacancy_tax,0,annual_appreciation_g,-0.0064194159891424185,0.0
beta_small_landlord,100.0,portfolio_tax,0,homeownership_rate,0.3511450381679389,0.0
beta_small_landlord,100.0,portfolio_tax,0,rental_vacancy_rate,0.018018018018018018,0.0
beta_small_landlord,100.0,portfolio_tax,0,annual_appreciation_g,-0.0064194159891424185,0.0
beta_small_landlord,100.0,geographic,0,homeownership_rate,0.2125984251968504,-0.1385466129710885
beta_small_landlord,100.0,geographic,0,rental_vacancy_rate,0.10614525139664804,0.08812723337863003
beta_small_landlord,100.0,geographic,0,annual_appreciation_g,0.08117812043184891,0.08759753642099133
beta_small_landlord,100.0,baseline,1,homeownership_rate,0.45985401459854014,0.0
beta_small_landlord,100.0,baseline,1,rental_vacancy_rate,0.18468468468468469,0.0
beta_small_landlord,100.0,baseline,1,annual_appreciation_g,-0.012093243285338784,0.0
beta_small_landlord,100.0,waiting_period,1,homeownership_rate,0.41414141414141414,-0.045712600457125996
beta_small_landlord,100.0,waiting_period,1,rental_vacancy_rate,0.14957264957264957,-0.03511203511203512
beta_small_landlord,100.0,waiting_period,1,annual_appreciation_g,-0.00745939739455781,0.004633845890780974
beta_small_landlord,100.0,ownership_cap_soft,1,homeownership_rate,0.5274463007159904,0.06759228611745027
beta_small_landlord,100.0,ownership_cap_soft,1,rental_vacancy_rate,0.2905982905982906,0.10591360591360593
beta_small_landlord,100.0,ownership_cap_soft,1,annual_appreciation_g,0.0015105231709351408,0.013603766456273925
beta_small_landlord,100.0,ownership_cap_hard,1,homeownership_rate,0.4221698113207547,-0.03768420327778543
beta_small_landlord,100.0,ownership_cap_hard,1,rental_vacancy_rate,0.17573221757322174,-0.008952467111462942
beta_small_landlord,100.0,ownership_cap_hard,1,annual_appreciation_g,-0.011022126641670238,0.001071116643668546
beta_small_landlord,100.0,purchase_tax,1,homeownership_rate,0.49226804123711343,0.03241402663857329
beta_small_landlord,100.0,purchase_tax,1,rental_vacancy_rate,0.2911392405063291,0.10645455582164443
beta_small_landlord,100.0,purchase_tax,1,annual_appreciation_g,0.06743353220477522,0.079526775490114
beta_small_landlord,100.0,vacancy_tax,1,homeownership_rate,0.46898263027295284,0.009128615674412699
beta_small_landlord,100.0,vacancy_tax,1,rental_vacancy_rate,0.2314410480349345,0.046756363350249824
beta_small_landlord,100.0,vacancy_tax,1,annual_appreciation_g,-0.007656318642421556,0.004436924642917228
beta_small_landlord,100.0,portfolio_tax,1,homeownership_rate,0.45985401459854014,0.0
beta_small_landlord,100.0,portfolio_tax,1,rental_vacancy_rate,0.18468468468468469,0.0
beta_small_landlord,100.0,portfolio_tax,1,annual_appreciation_g,-0.012093243285338784,0.0
beta_small_landlord,100.0,geographic,1,homeownership_rate,0.2623376623376623,-0.19751635226087783
beta_small_landlord,100.0,geographic,1,rental_vacancy_rate,0.1282798833819242,-0.05640480130276049
beta_small_landlord,100.0,geographic,1,annual_appreciation_g,-0.03,-0.017906756714661215
beta_small_landlord,100.0,baseline,2,homeownership_rate,0.4253164556962025,0.0
beta_small_landlord,100.0,baseline,2,rental_vacancy_rate,0.17073170731707318,0.0
beta_small_landlord,100.0,baseline,2,annual_appreciation_g,0.07925126030510055,0.0
beta_small_landlord,100.0,waiting_period,2,homeownership_rate,0.46898263027295284,0.043666174576750316
beta_small_landlord,100.0,waiting_period,2,rental_vacancy_rate,0.15765765765765766,-0.013074049659415526
beta_small_landlord,100.0,waiting_period,2,annual_appreciation_g,-0.03,-0.10925126030510054
beta_small_landlord,100.0,ownership_cap_soft,2,homeownership_rate,0.4030612244897959,-0.0222552312064066
beta_small_landlord,100.0,ownership_cap_soft,2,rental_vacancy_rate,0.14893617021276595,-0.021795537104307233
beta_small_landlord,100.0,ownership_cap_soft,2,annual_appreciation_g,-0.03,-0.10925126030510054
beta_small_landlord,100.0,ownership_cap_hard,2,homeownership_rate,0.42487046632124353,-0.00044598937495898827
beta_small_landlord,100.0,ownership_cap_hard,2,rental_vacancy_rate,0.2,0.029268292682926828
beta_small_landlord,100.0,ownership_cap_hard,2,annual_appreciation_g,-0.02865984842443625,-0.1079111087295368
beta_small_landlord,100.0,purchase_tax,2,homeownership_rate,0.43832020997375326,0.013003754277550739
beta_small_landlord,100.0,purchase_tax,2,rental_vacancy_rate,0.22813688212927757,0.05740517481220439
beta_small_landlord,100.0,purchase_tax,2,annual_appreciation_g,0.0,-0.07925126030510055
beta_small_landlord,100.0,vacancy_tax,2,homeownership_rate,0.3641025641025641,-0.061213891593638436
beta_small_landlord,100.0,vacancy_tax,2,rental_vacancy_rate,0.17391304347826086,0.003181336161187681
beta_small_landlord,100.0,vacancy_tax,2,annual_appreciation_g,-0.012427129300150996,-0.09167838960525154
beta_small_landlord,100.0,portfolio_tax,2,homeownership_rate,0.4253164556962025,0.0
beta_small_landlord,100.0,portfolio_tax,2,rental_vacancy_rate,0.17073170731707318,0.0
beta_small_landlord,100.0,portfolio_tax,2,annual_appreciation_g,0.07925126030510055,0.0
beta_small_landlord,100.0,geographic,2,homeownership_rate,0.2356020942408377,-0.18971436145536483
beta_small_landlord,100.0,geographic,2,rental_vacancy_rate,0.10571428571428572,-0.06501742160278746
beta_small_landlord,100.0,geographic,2,annual_appreciation_g,-0.0003909689413360562,-0.0796422292464366
beta_small_landlord,100.0,baseline,3,homeownership_rate,0.40648379052369077,0.0
beta_small_landlord,100.0,baseline,3,rental_vacancy_rate,0.18907563025210083,0.0
beta_small_landlord,100.0,baseline,3,annual_appreciation_g,-0.004583953701942534,0.0
beta_small_landlord,100.0,waiting_period,3,homeownership_rate,0.46272493573264784,0.056241145208957066
beta_small_landlord,100.0,waiting_period,3,rental_vacancy_rate,0.1784037558685446,-0.01067187438355624
beta_small_landlord,100.0,waiting_period,3,annual_appreciation_g,-0.028069331482381776,-0.023485377780439243
beta_small_landlord,100.0,ownership_cap_soft,3,homeownership_rate,0.33249370277078083,-0.07399008775290994
beta_small_landlord,100.0,ownership_cap_soft,3,rental_vacancy_rate,0.16129032258064516,-0.027785307671455678
beta_small_landlord,100.0,ownership_cap_soft,3,annual_appreciation_g,-0.01480786584507765,-0.010223912143135117
beta_small_landlord,100.0,ownership_cap_hard,3,homeownership_rate,0.4075,0.0010162094763092044
beta_small_landlord,100.0,ownership_cap_hard,3,rental_vacancy_rate,0.18025751072961374,-0.008818119522487095
beta_small_landlord,100.0,ownership_cap_hard,3,annual_appreciation_g,-0.022552466593431242,-0.017968512891488708
beta_small_landlord,100.0,purchase_tax,3,homeownership_rate,0.4910941475826972,0.08461035705900644
beta_small_landlord,100.0,purchase_tax,3,rental_vacancy_rate,0.23140495867768596,0.04232932842558512
beta_small_landlord,100.0,purchase_tax,3,annual_appreciation_g,0.0,0.004583953701942534
beta_small_landlord,100.0,vacancy_tax,3,homeownership_rate,0.3979848866498741,-0.008498903873816688
beta_small_landlord,100.0,vacancy_tax,3,rental_vacancy_rate,0.20502092050209206,0.015945290249991223
beta_small_landlord,100.0,vacancy_tax,3,annual_appreciation_g,-0.03,-0.025416046298057465
beta_small_landlord,100.0,portfolio_tax,3,homeownership_rate,0.40648379052369077,0.0
beta_small_landlord,100.0,portfolio_tax,3,rental_vacancy_rate,0.18907563025210083,0.0
beta_small_landlord,100.0,portfolio_tax,3,annual_appreciation_g,-0.004583953701942534,0.0
beta_small_landlord,100.0,geographic,3,homeownership_rate,0.28388746803069054,-0.12259632249300023
beta_small_landlord,100.0,geographic,3,rental_vacancy_rate,0.1282798833819242,-0.06079574687017664
beta_small_landlord,100.0,geographic,3,annual_appreciation_g,0.08024878374573352,0.08483273744767605
beta_small_landlord,100.0,baseline,4,homeownership_rate,0.39018087855297157,0.0
beta_small_landlord,100.0,baseline,4,rental_vacancy_rate,0.046511627906976744,0.0
beta_small_landlord,100.0,baseline,4,annual_appreciation_g,-0.03,0.0
beta_small_landlord,100.0,waiting_period,4,homeownership_rate,0.3904282115869018,0.0002473330339302082
beta_small_landlord,100.0,waiting_period,4,rental_vacancy_rate,0.0,-0.046511627906976744
beta_small_landlord,100.0,waiting_period,4,annual_appreciation_g,-0.01779095830032773,0.012209041699672268
beta_small_landlord,100.0,ownership_cap_soft,4,homeownership_rate,0.4444444444444444,0.054263565891472854
beta_small_landlord,100.0,ownership_cap_soft,4,rental_vacancy_rate,0.07547169811320754,0.0289600702062308
beta_small_landlord,100.0,ownership_cap_soft,4,annual_appreciation_g,0.0030264269861577375,0.033026426986157736
beta_small_landlord,100.0,ownership_cap_hard,4,homeownership_rate,0.48514851485148514,0.09496763629851357
beta_small_landlord,100.0,ownership_cap_hard,4,rental_vacancy_rate,0.16037735849056603,0.11386573058358929
beta_small_landlord,100.0,ownership_cap_hard,4,annual_appreciation_g,0.050926633402035515,0.08092663340203551
beta_small_landlord,100.0,purchase_tax,4,homeownership_rate,0.41304347826086957,0.022862599707898
beta_small_landlord,100.0,purchase_tax,4,rental_vacancy_rate,0.1724137931034483,0.12590216519647154
beta_small_landlord,100.0,purchase_tax,4,annual_appreciation_g,-0.03,0.0
beta_small_landlord,100.0,vacancy_tax,4,homeownership_rate,0.3931203931203931,0.0029395145674215306
beta_small_landlord,100.0,vacancy_tax,4,rental_vacancy_rate,0.0,-0.046511627906976744
beta_small_landlord,100.0,vacancy_tax,4,annual_appreciation_g,-0.011977806573263416,0.018022193426736582
beta_small_landlord,100.0,portfolio_tax,4,homeownership_rate,0.39018087855297157,0.0
beta_small_landlord,100.0,portfolio_tax,4,rental_vacancy_rate,0.046511627906976744,0.0
beta_small_landlord,100.0,portfolio_tax,4,annual_appreciation_g,-0.03,0.0
beta_small_landlord,100.0,geographic,4,homeownership_rate,0.19047619047619047,-0.1997046880767811
beta_small_landlord,100.0,geographic,4,rental_vacancy_rate,0.09973753280839895,0.053225904901422205
beta_small_landlord,100.0,geographic,4,annual_appreciation_g,0.0,0.03
beta_small_landlord,100.0,baseline,5,homeownership_rate,0.41952506596306066,0.0
beta_small_landlord,100.0,baseline,5,rental_vacancy_rate,0.19642857142857142,0.0
beta_small_landlord,100.0,baseline,5,annual_appreciation_g,-0.0030225825515201032,0.0
beta_small_landlord,100.0,waiting_period,5,homeownership_rate,0.4626865671641791,0.043161501201118446
beta_small_landlord,100.0,waiting_period,5,rental_vacancy_rate,0.1552511415525114,-0.04117742987606002
beta_small_landlord,100.0,waiting_period,5,annual_appreciation_g,-0.03,-0.026977417448479896
beta_small_landlord,100.0,ownership_cap_soft,5,homeownership_rate,0.412987012987013,-0.006538052976047648
beta_small_landlord,100.0,ownership_cap_soft,5,rental_vacancy_rate,0.1324200913242009,-0.06400848010437052
beta_small_landlord,100.0,ownership_cap_soft,5,annual_appreciation_g,-0.028399783015553903,-0.0253772004640338
beta_small_landlord,100.0,ownership_cap_hard,5,homeownership_rate,0.4449877750611247,0.02546270909806403
beta_small_landlord,100.0,ownership_cap_hard,5,rental_vacancy_rate,0.14084507042253522,-0.05558350100603621
beta_small_landlord,100.0,ownership_cap_hard,5,annual_appreciation_g,-0.03,-0.026977417448479896
beta_small_landlord,100.0,purchase_tax,5,homeownership_rate,0.4513715710723192,0.031846505109258516
beta_small_landlord,100.0,purchase_tax,5,rental_vacancy_rate,0.2384937238493724,0.04206515242080097
beta_small_landlord,100.0,purchase_tax,5,annual_appreciation_g,-0.03,-0.026977417448479896
beta_small_landlord,100.0,vacancy_tax,5,homeownership_rate,0.3944020356234097,-0.025123030339650965
beta_small_landlord,100.0,vacancy_tax,5,rental_vacancy_rate,0.1038961038961039,-0.09253246753246752
beta_small_landlord,100.0,vacancy_tax,5,annual_appreciation_g,-0.0026586774921449896,0.00036390505937511364
beta_small_landlord,100.0,portfolio_tax,5,homeownership_rate,0.41952506596306066,0.0
beta_small_landlord,100.0,portfolio_tax,5,rental_vacancy_rate,0.19642857142857142,0.0
beta_small_landlord,100.0,portfolio_tax,5,annual_appreciation_g,-0.0030225825515201032,0.0
beta_small_landlord,100.0,geographic,5,homeownership_rate,0.14583333333333334,-0.27369173262972735
beta_small_landlord,100.0,geographic,5,rental_vacancy_rate,0.1424731182795699,-0.05395545314900152
beta_small_landlord,100.0,geographic,5,annual_appreciation_g,-0.012824172387220445,-0.009801589835700342
beta_small_landlord,100.0,baseline,6,homeownership_rate,0.4765432098765432,0.0
beta_small_landlord,100.0,baseline,6,rental_vacancy_rate,0.12796208530805686,0.0
beta_small_landlord,100.0,baseline,6,annual_appreciation_g,-0.03,0.0
beta_small_landlord,100.0,waiting_period,6,homeownership_rate,0.47074468085106386,-0.005798529025479338
beta_small_landlord,100.0,waiting_period,6,rental_vacancy_rate,0.18269230769230768,0.05473022238425082
beta_small_landlord,100.0,waiting_period,6,annual_appreciation_g,0.045568482316526104,0.0755684823165261
beta_small_landlord,100.0,ownership_cap_soft,6,homeownership_rate,0.4853658536585366,0.008822643781993378
beta_small_landlord,100.0,ownership_cap_soft,6,rental_vacancy_rate,0.14285714285714285,0.014895057549085988
beta_small_landlord,100.0,ownership_cap_soft,6,annual_appreciation_g,-0.03,0.0
beta_small_landlord,100.0,ownership_cap_hard,6,homeownership_rate,0.42961165048543687,-0.046931559391106326
beta_small_landlord,100.0,ownership_cap_hard,6,rental_vacancy_rate,0.07929515418502203,-0.04866693112303483
beta_small_landlord,100.0,ownership_cap_hard,6,annual_appreciation_g,-0.024167387704780552,0.005832612295219447
beta_small_landlord,100.0,purchase_tax,6,homeownership_rate,0.4031413612565445,-0.07340184861999871
beta_small_landlord,100.0,purchase_tax,6,rental_vacancy_rate,0.11475409836065574,-0.01320798694740112
beta_small_landlord,100.0,purchase_tax,6,annual_appreciation_g,-0.03,0.0
beta_small_landlord,100.0,vacancy_tax,6,homeownership_rate,0.39378238341968913,-0.08276082645685406
beta_small_landlord,100.0,vacancy_tax,6,rental_vacancy_rate,0.10810810810810811,-0.019853977199948747
beta_small_landlord,100.0,vacancy_tax,6,annual_appreciation_g,-0.020667356726165487,0.009332643273834512
beta_small_landlord,100.0,portfolio_tax,6,homeownership_rate,0.4765432098765432,0.0
beta_small_landlord,100.0,portfolio_tax,6,rental_vacancy_rate,0.12796208530805686,0.0
beta_small_landlord,100.0,portfolio_tax,6,annual_appreciation_g,-0.03,0.0
beta_small_landlord,100.0,geographic,6,homeownership_rate,0.22615803814713897,-0.2503851717294042
beta_small_landlord,100.0,geographic,6,rental_vacancy_rate,0.11239193083573487,-0.01557015447232199
beta_small_landlord,100.0,geographic,6,annual_appreciation_g,0.1566207889763107,0.1866207889763107
beta_small_landlord,100.0,baseline,7,homeownership_rate,0.4631578947368421,0.0
beta_small_landlord,100.0,baseline,7,rental_vacancy_rate,0.12558139534883722,0.0
beta_small_landlord,100.0,baseline,7,annual_appreciation_g,-0.03,0.0
beta_small_landlord,100.0,waiting_period,7,homeownership_rate,0.47073170731707314,0.007573812580231043
beta_small_landlord,100.0,waiting_period,7,rental_vacancy_rate,0.1111111111111111,-0.014470284237726116
beta_small_landlord,100.0,waiting_period,7,annual_appreciation_g,-0.024103393422245323,0.005896606577754676
beta_small_landlord,100.0,ownership_cap_soft,7,homeownership_rate,0.4403183023872679,-0.022839592349574223
beta_small_landlord,100.0,ownership_cap_soft,7,rental_vacancy_rate,0.1095890410958904,-0.015992354252946817
beta_small_landlord,100.0,ownership_cap_soft,7,annual_appreciation_g,-0.02641080154545139,0.003589198454548609
beta_small_landlord,100.0,ownership_cap_hard,7,homeownership_rate,0.47074468085106386,0.007586786114221755
beta_small_landlord,100.0,ownership_cap_hard,7,rental_vacancy_rate,0.19090909090909092,0.0653276955602537
beta_small_landlord,100.0,ownership_cap_hard,7,annual_appreciation_g,0.0,0.03
beta_small_landlord,100.0,purchase_tax,7,homeownership_rate,0.5012853470437018,0.038127452306859655
beta_small_landlord,100.0,purchase_tax,7,rental_vacancy_rate,0.2163265306122449,0.09074513526340769
beta_small_landlord,100.0,purchase_tax,7,annual_appreciation_g,0.08226796617581233,0.11226796617581233
beta_small_landlord,100.0,vacancy_tax,7,homeownership_rate,0.4220430107526882,-0.041114883984153916
beta_small_landlord,100.0,vacancy_tax,7,rental_vacancy_rate,0.10599078341013825,-0.019590611938698974
beta_small_landlord,100.0,vacancy_tax,7,annual_appreciation_g,-0.008458894130758399,0.0215411058692416
beta_small_landlord,100.0,portfolio_tax,7,homeownership_rate,0.4631578947368421,0.0
beta_small_landlord,100.0,portfolio_tax,7,rental_vacancy_rate,0.12558139534883722,0.0
beta_small_landlord,100.0,portfolio_tax,7,annual_appreciation_g,-0.03,0.0
beta_small_landlord,100.0,geographic,7,homeownership_rate,0.21794871794871795,-0.24520917678812415
beta_small_landlord,100.0,geographic,7,rental_vacancy_rate,0.05917159763313609,-0.06640979771570113
beta_small_landlord,100.0,geographic,7,annual_appreciation_g,-0.007245373165920221,0.022754626834079777
beta_small_landlord,100.0,baseline,8,homeownership_rate,0.4430379746835443,0.0
beta_small_landlord,100.0,baseline,8,rental_vacancy_rate,0.11659192825112108,0.0
beta_small_landlord,100.0,baseline,8,annual_appreciation_g,-0.0023198397960589867,0.0
beta_small_landlord,100.0,waiting_period,8,homeownership_rate,0.3842364532019704,-0.05880152148157386
beta_small_landlord,100.0,waiting_period,8,rental_vacancy_rate,0.06639004149377593,-0.050201886757345146
beta_small_landlord,100.0,waiting_period,8,annual_appreciation_g,-0.03,-0.027680160203941012
beta_small_landlord,100.0,ownership_cap_soft,8,homeownership_rate,0.43478260869565216,-0.008255365987892116
beta_small_landlord,100.0,ownership_cap_soft,8,rental_vacancy_rate,0.0730593607305936,-0.043532567520527476
beta_small_landlord,100.0,ownership_cap_soft,8,annual_appreciation_g,-0.015428948793664743,-0.013109108997605756
beta_small_landlord,100.0,ownership_cap_hard,8,homeownership_rate,0.46835443037974683,0.025316455696202556
beta_small_landlord,100.0,ownership_cap_hard,8,rental_vacancy_rate,0.15207373271889402,0.03548180446777294
beta_small_landlord,100.0,ownership_cap_hard,8,annual_appreciation_g,0.013775238609029516,0.016095078405088503
beta_small_landlord,100.0,purchase_tax,8,homeownership_rate,0.4469135802469136,0.0038756055633693
beta_small_landlord,100.0,purchase_tax,8,rental_vacancy_rate,0.0821917808219178,-0.034400147429203276
beta_small_landlord,100.0,purchase_tax,8,annual_appreciation_g,-0.02986623977849523,-0.027546399982436243
beta_small_landlord,100.0,vacancy_tax,8,homeownership_rate,0.5036496350364964,0.060611660352952124
beta_small_landlord,100.0,vacancy_tax,8,rental_vacancy_rate,0.1688888888888889,0.052296960637767814
beta_small_landlord,100.0,vacancy_tax,8,annual_appreciation_g,-0.010879273820909918,-0.008559434024850932
beta_small_landlord,100.0,portfolio_tax,8,homeownership_rate,0.4430379746835443,0.0
beta_small_landlord,100.0,portfolio_tax,8,rental_vacancy_rate,0.11659192825112108,0.0
beta_small_landlord,100.0,portfolio_tax,8,annual_appreciation_g,-0.0023198397960589867,0.0
beta_small_landlord,100.0,geographic,8,homeownership_rate,0.27979274611398963,-0.16324522856955465
beta_small_landlord,100.0,geographic,8,rental_vacancy_rate,0.14583333333333334,0.029241405082212263
beta_small_landlord,100.0,geographic,8,annual_appreciation_g,0.008491849507044291,0.010811689303103278
beta_small_landlord,100.0,baseline,9,homeownership_rate,0.44630071599045346,0.0
beta_small_landlord,100.0,baseline,9,rental_vacancy_rate,0.0794979079497908,0.0
beta_small_landlord,100.0,baseline,9,annual_appreciation_g,-0.003064839196498692,0.0
beta_small_landlord,100.0,waiting_period,9,homeownership_rate,0.45566502463054187,0.009364308640088415
beta_small_landlord,100.0,waiting_period,9,rental_vacancy_rate,0.17573221757322174,0.09623430962343095
beta_small_landlord,100.0,waiting_period,9,annual_appreciation_g,-0.014878432501286953,-0.011813593304788261
beta_small_landlord,100.0,ownership_cap_soft,9,homeownership_rate,0.4878048780487805,0.04150416205832702
beta_small_landlord,100.0,ownership_cap_soft,9,rental_vacancy_rate,0.19838056680161945,0.11888265885182865
beta_small_landlord,100.0,ownership_cap_soft,9,annual_appreciation_g,-0.014503101022644405,-0.011438261826145713
beta_small_landlord,100.0,ownership_cap_hard,9,homeownership_rate,0.45012165450121655,0.0038209385107630944
beta_small_landlord,100.0,ownership_cap_hard,9,rental_vacancy_rate,0.1673469387755102,0.08784903082571942
beta_small_landlord,100.0,ownership_cap_hard,9,annual_appreciation_g,-0.03,-0.026935160803501307
beta_small_landlord,100.0,purchase_tax,9,homeownership_rate,0.43112244897959184,-0.015178267010861612
beta_small_landlord,100.0,purchase_tax,9,rental_vacancy_rate,0.1532567049808429,0.0737587970310521
beta_small_landlord,100.0,purchase_tax,9,annual_appreciation_g,-0.013413736756418215,-0.010348897559919523
beta_small_landlord,100.0,vacancy_tax,9,homeownership_rate,0.4583333333333333,0.012032617342879859
beta_small_landlord,100.0,vacancy_tax,9,rental_vacancy_rate,0.12184873949579832,0.04235083154600752
beta_small_landlord,100.0,vacancy_tax,9,annual_appreciation_g,-0.03,-0.026935160803501307
beta_small_landlord,100.0,portfolio_tax,9,homeownership_rate,0.44630071599045346,0.0
beta_small_landlord,100.0,portfolio_tax,9,rental_vacancy_rate,0.0794979079497908,0.0
beta_small_landlord,100.0,portfolio_tax,9,annual_appreciation_g,-0.003064839196498692,0.0
beta_small_landlord,100.0,geographic,9,homeownership_rate,0.21963824289405684,-0.22666247309639662
beta_small_landlord,100.0,geographic,9,rental_vacancy_rate,0.09620991253644315,0.016712004586652354
beta_small_landlord,100.0,geographic,9,annual_appreciation_g,-0.01843744644614953,-0.015372607249650838
beta_small_landlord,100.0,baseline,10,homeownership_rate,0.46782178217821785,0.0
beta_small_landlord,100.0,baseline,10,rental_vacancy_rate,0.2297872340425532,0.0
beta_small_landlord,100.0,baseline,10,annual_appreciation_g,-0.03,0.0
beta_small_landlord,100.0,waiting_period,10,homeownership_rate,0.4704370179948586,0.0026152358166407486
beta_small_landlord,100.0,waiting_period,10,rental_vacancy_rate,0.271889400921659,0.042102166879105785
beta_small_landlord,100.0,waiting_period,10,annual_appreciation_g,0.05931854629234845,0.08931854629234845
beta_small_landlord,100.0,ownership_cap_soft,10,homeownership_rate,0.505,0.037178217821782156
beta_small_landlord,100.0,ownership_cap_soft,10,rental_vacancy_rate,0.3,0.0702127659574468
beta_small_landlord,100.0,ownership_cap_soft,10,annual_appreciation_g,-0.006134905721107864,0.023865094278892135
beta_small_landlord,100.0,ownership_cap_hard,10,homeownership_rate,0.4376470588235294,-0.03017472335468846
beta_small_landlord,100.0,ownership_cap_hard,10,rental_vacancy_rate,0.10714285714285714,-0.12264437689969605
beta_small_landlord,100.0,ownership_cap_hard,10,annual_appreciation_g,-0.006560403839693252,0.023439596160306747
beta_small_landlord,100.0,purchase_tax,10,homeownership_rate,0.49877750611246946,0.03095572393425161
beta_small_landlord,100.0,purchase_tax,10,rental_vacancy_rate,0.24609375,0.01630651595744681
beta_small_landlord,100.0,purchase_tax,10,annual_appreciation_g,0.0061333041816207245,0.03613330418162072
beta_small_landlord,100.0,vacancy_tax,10,homeownership_rate,0.42318059299191374,-0.04464118918630411
beta_small_landlord,100.0,vacancy_tax,10,rental_vacancy_rate,0.24489795918367346,0.015110725141120274
beta_small_landlord,100.0,vacancy_tax,10,annual_appreciation_g,-0.0026836750147213317,0.027316324985278667
beta_small_landlord,100.0,portfolio_tax,10,homeownership_rate,0.46782178217821785,0.0
beta_small_landlord,100.0,portfolio_tax,10,rental_vacancy_rate,0.2297872340425532,0.0
beta_small_landlord,100.0,portfolio_tax,10,annual_appreciation_g,-0.03,0.0
beta_small_landlord,100.0,geographic,10,homeownership_rate,0.24874371859296482,-0.21907806358525303
beta_small_landlord,100.0,geographic,10,rental_vacancy_rate,0.13411078717201166,-0.09567644687054153
beta_small_landlord,100.0,geographic,10,annual_appreciation_g,-0.009227908255905581,0.020772091744094417
beta_small_landlord,100.0,baseline,11,homeownership_rate,0.4799054373522459,0.0
beta_small_landlord,100.0,baseline,11,rental_vacancy_rate,0.12264150943396226,0.0
beta_small_landlord,100.0,baseline,11,annual_appreciation_g,-0.03,0.0
beta_small_landlord,100.0,waiting_period,11,homeownership_rate,0.38071065989847713,-0.09919477745376876
beta_small_landlord,100.0,waiting_period,11,rental_vacancy_rate,0.05855855855855856,-0.06408295087540371
beta_small_landlord,100.0,waiting_period,11,annual_appreciation_g,-0.03,0.0
beta_small_landlord,100.0,ownership_cap_soft,11,homeownership_rate,0.4853658536585366,0.005460416306290683
beta_small_landlord,100.0,ownership_cap_soft,11,rental_vacancy_rate,0.11848341232227488,-0.004158097111687381
beta_small_landlord,100.0,ownership_cap_soft,11,annual_appreciation_g,-0.015085025559883225,0.014914974440116774
beta_small_landlord,100.0,ownership_cap_hard,11,homeownership_rate,0.4802955665024631,0.00039012915021718886
beta_small_landlord,100.0,ownership_cap_hard,11,rental_vacancy_rate,0.2009132420091324,0.07827173257517014
beta_small_landlord,100.0,ownership_cap_hard,11,annual_appreciation_g,-0.03,0.0
beta_small_landlord,100.0,purchase_tax,11,homeownership_rate,0.3401015228426396,-0.13980391450960628
beta_small_landlord,100.0,purchase_tax,11,rental_vacancy_rate,0.0,-0.12264150943396226
beta_small_landlord,100.0,purchase_tax,11,annual_appreciation_g,-0.00799073508040593,0.022009264919594068
beta_small_landlord,100.0,vacancy_tax,11,homeownership_rate,0.4799054373522459,0.0
beta_small_landlord,100.0,vacancy_tax,11,rental_vacancy_rate,0.12264150943396226,0.0
beta_small_landlord,100.0,vacancy_tax,11,annual_appreciation_g,-0.03,0.0
beta_small_landlord,100.0,portfolio_tax,11,homeownership_rate,0.4799054373522459,0.0
beta_small_landlord,100.0,portfolio_tax,11,rental_vacancy_rate,0.12264150943396226,0.0
beta_small_landlord,100.0,portfolio_tax,11,annual_appreciation_g,-0.03,0.0
beta_small_landlord,100.0,geographic,11,homeownership_rate,0.2982456140350877,-0.1816598233171582
beta_small_landlord,100.0,geographic,11,rental_vacancy_rate,0.1318051575931232,0.009163648159160931
beta_small_landlord,100.0,geographic,11,annual_appreciation_g,0.0,0.03
beta_small_landlord,100.0,baseline,12,homeownership_rate,0.4713541666666667,0.0
beta_small_landlord,100.0,baseline,12,rental_vacancy_rate,0.1702127659574468,0.0
beta_small_landlord,100.0,baseline,12,annual_appreciation_g,0.025260608023534692,0.0
beta_small_landlord,100.0,waiting_period,12,homeownership_rate,0.4251968503937008,-0.046157316272965876
beta_small_landlord,100.0,waiting_period,12,rental_vacancy_rate,0.047619047619047616,-0.12259371833839919
beta_small_landlord,100.0,waiting_period,12,annual_appreciation_g,-0.020998900776431406,-0.0462595087999661
beta_small_landlord,100.0,ownership_cap_soft,12,homeownership_rate,0.4241645244215938,-0.04718964224507288
beta_small_landlord,100.0,ownership_cap_soft,12,rental_vacancy_rate,0.07488986784140969,-0.09532289811603711
beta_small_landlord,100.0,ownership_cap_soft,12,annual_appreciation_g,-0.019416279501660028,-0.04467688752519472
beta_small_landlord,100.0,ownership_cap_hard,12,homeownership_rate,0.42159383033419023,-0.04976033633247645
beta_small_landlord,100.0,ownership_cap_hard,12,rental_vacancy_rate,0.09401709401709402,-0.07619567194035279
beta_small_landlord,100.0,ownership_cap_hard,12,annual_appreciation_g,-0.010832485915201806,-0.0360930939387365
beta_small_landlord,100.0,purchase_tax,12,homeownership_rate,0.4,-0.07135416666666666
beta_small_landlord,100.0,purchase_tax,12,rental_vacancy_rate,0.08064516129032258,-0.08956760466712423
beta_small_landlord,100.0,purchase_tax,12,annual_appreciation_g,3.2900232211030556e-05,-0.02522770779132366
beta_small_landlord,100.0,vacancy_tax,12,homeownership_rate,0.4362244897959184,-0.035129676870748305
beta_small_landlord,100.0,vacancy_tax,12,rental_vacancy_rate,0.12173913043478261,-0.04847363552266419
beta_small_landlord,100.0,vacancy_tax,12,annual_appreciation_g,-0.007427781534212863,-0.032688389557747555
beta_small_landlord,100.0,portfolio_tax,12,homeownership_rate,0.4713541666666667,0.0
beta_small_landlord,100.0,portfolio_tax,12,rental_vacancy_rate,0.1702127659574468,0.0
beta_small_landlord,100.0,portfolio_tax,12,annual_appreciation_g,0.025260608023534692,0.0
beta_small_landlord,100.0,geographic,12,homeownership_rate,0.2824427480916031,-0.1889114185750636
beta_small_landlord,100.0,geographic,12,rental_vacancy_rate,0.1033434650455927,-0.0668693009118541
beta_small_landlord,100.0,geographic,12,annual_appreciation_g,0.035841264094362835,0.010580656070828143
beta_small_landlord,100.0,baseline,13,homeownership_rate,0.45885286783042395,0.0
beta_small_landlord,100.0,baseline,13,rental_vacancy_rate,0.11574074074074074,0.0
beta_small_landlord,100.0,baseline,13,annual_appreciation_g,-0.011459812732599994,0.0
beta_small_landlord,100.0,waiting_period,13,homeownership_rate,0.4625322997416021,0.0036794319111781437
beta_small_landlord,100.0,waiting_period,13,rental_vacancy_rate,0.18695652173913044,0.0712157809983897
beta_small_landlord,100.0,waiting_period,13,annual_appreciation_g,0.0046321436048679665,0.01609195633746796
beta_small_landlord,100.0,ownership_cap_soft,13,homeownership_rate,0.4580335731414868,-0.0008192946889371555
beta_small_landlord,100.0,ownership_cap_soft,13,rental_vacancy_rate,0.0776255707762557,-0.03811516996448504
beta_small_landlord,100.0,ownership_cap_soft,13,annual_appreciation_g,-0.008400673335645314,0.00305913939695468
beta_small_landlord,100.0,ownership_cap_hard,13,homeownership_rate,0.5297029702970297,0.07085010246660578
beta_small_landlord,100.0,ownership_cap_hard,13,rental_vacancy_rate,0.20093457943925233,0.08519383869851159
beta_small_landlord,100.0,ownership_cap_hard,13,annual_appreciation_g,-0.008131161921522412,0.0033286508110775825
beta_small_landlord,100.0,purchase_tax,13,homeownership_rate,0.48854961832061067,0.02969675049018672
beta_small_landlord,100.0,purchase_tax,13,rental_vacancy_rate,0.1864406779661017,0.07069993722536096
beta_small_landlord,100.0,purchase_tax,13,annual_appreciation_g,0.0,0.011459812732599994
beta_small_landlord,100.0,vacancy_tax,13,homeownership_rate,0.45885286783042395,0.0
beta_small_landlord,100.0,vacancy_tax,13,rental_vacancy_rate,0.11574074074074074,0.0
beta_small_landlord,100.0,vacancy_tax,13,annual_appreciation_g,-0.011459812732599994,0.0
beta_small_landlord,100.0,portfolio_tax,13,homeownership_rate,0.45885286783042395,0.0
beta_small_landlord,100.0,portfolio_tax,13,rental_vacancy_rate,0.11574074074074074,0.0
beta_small_landlord,100.0,portfolio_tax,13,annual_appreciation_g,-0.011459812732599994,0.0
beta_small_landlord,100.0,geographic,13,homeownership_rate,0.2727272727272727,-0.18612559510315124
beta_small_landlord,100.0,geographic,13,rental_vacancy_rate,0.11884057971014493,0.0030998389694041895
beta_small_landlord,100.0,geographic,13,annual_appreciation_g,0.0,0.011459812732599994
beta_small_landlord,100.0,baseline,14,homeownership_rate,0.4236453201970443,0.0
beta_small_landlord,100.0,baseline,14,rental_vacancy_rate,0.06451612903225806,0.0
beta_small_landlord,100.0,baseline,14,annual_appreciation_g,-0.03,0.0
beta_small_landlord,100.0,waiting_period,14,homeownership_rate,0.46208530805687204,0.03843998785982772
beta_small_landlord,100.0,waiting_period,14,rental_vacancy_rate,0.05555555555555555,-0.00896057347670251
beta_small_landlord,100.0,waiting_period,14,annual_appreciation_g,-0.022914999460972973,0.007085000539027025
beta_small_landlord,100.0,ownership_cap_soft,14,homeownership_rate,0.38287153652392947,-0.04077378367311485
beta_small_landlord,100.0,ownership_cap_soft,14,rental_vacancy_rate,0.0641025641025641,-0.00041356492969396585
beta_small_landlord,100.0,ownership_cap_soft,14,annual_appreciation_g,-0.01686708206911136,0.013132917930888638
beta_small_landlord,100.0,ownership_cap_hard,14,homeownership_rate,0.4517766497461929,0.028131329549148598
beta_small_landlord,100.0,ownership_cap_hard,14,rental_vacancy_rate,0.10909090909090909,0.04457478005865102
beta_small_landlord,100.0,ownership_cap_hard,14,annual_appreciation_g,-0.029887290882833373,0.00011270911716662613
beta_small_landlord,100.0,purchase_tax,14,homeownership_rate,0.36989795918367346,-0.053747361013370853
beta_small_landlord,100.0,purchase_tax,14,rental_vacancy_rate,0.012711864406779662,-0.0518042646254784
beta_small_landlord,100.0,purchase_tax,14,annual_appreciation_g,-0.024779711448697284,0.005220288551302715
beta_small_landlord,100.0,vacancy_tax,14,homeownership_rate,0.4261904761904762,0.002545155993431858
beta_small_landlord,100.0,vacancy_tax,14,rental_vacancy_rate,0.07894736842105263,0.014431239388794564
beta_small_landlord,100.0,vacancy_tax,14,annual_appreciation_g,-0.03,0.0
beta_small_landlord,100.0,portfolio_tax,14,homeownership_rate,0.4236453201970443,0.0
beta_small_landlord,100.0,portfolio_tax,14,rental_vacancy_rate,0.06451612903225806,0.0
beta_small_landlord,100.0,portfolio_tax,14,annual_appreciation_g,-0.03,0.0
beta_small_landlord,100.0,geographic,14,homeownership_rate,0.29873417721518986,-0.12491114298185446
beta_small_landlord,100.0,geographic,14,rental_vacancy_rate,0.12011173184357542,0.055595602811317354
beta_small_landlord,100.0,geographic,14,annual_appreciation_g,0.03883333247480003,0.06883333247480003
beta_small_landlord,100.0,baseline,15,homeownership_rate,0.3489583333333333,0.0
beta_small_landlord,100.0,baseline,15,rental_vacancy_rate,0.08071748878923767,0.0
beta_small_landlord,100.0,baseline,15,annual_appreciation_g,-0.022339707833133104,0.0
beta_small_landlord,100.0,waiting_period,15,homeownership_rate,0.45910290237467016,0.11014456904133685
beta_small_landlord,100.0,waiting_period,15,rental_vacancy_rate,0.14883720930232558,0.06811972051308791
beta_small_landlord,100.0,waiting_period,15,annual_appreciation_g,-0.03,-0.007660292166866894
beta_small_landlord,100.0,ownership_cap_soft,15,homeownership_rate,0.3952254641909814,0.04626713085764811
beta_small_landlord,100.0,ownership_cap_soft,15,rental_vacancy_rate,0.1782608695652174,0.09754338077597972
beta_small_landlord,100.0,ownership_cap_soft,15,annual_appreciation_g,-0.02880277521373964,-0.006463067380606535
beta_small_landlord,100.0,ownership_cap_hard,15,homeownership_rate,0.4199475065616798,0.07098917322834647
beta_small_landlord,100.0,ownership_cap_hard,15,rental_vacancy_rate,0.16363636363636364,0.08291887484712597
beta_small_landlord,100.0,ownership_cap_hard,15,annual_appreciation_g,-0.027441745704692933,-0.005102037871559828
beta_small_landlord,100.0,purchase_tax,15,homeownership_rate,0.4827586206896552,0.13380028735632188
beta_small_landlord,100.0,purchase_tax,15,rental_vacancy_rate,0.21171171171171171,0.13099422292247404
beta_small_landlord,100.0,purchase_tax,15,annual_appreciation_g,0.008981716150658015,0.03132142398379112
beta_small_landlord,100.0,vacancy_tax,15,homeownership_rate,0.39805825242718446,0.04909991909385114
beta_small_landlord,100.0,vacancy_tax,15,rental_vacancy_rate,0.023255813953488372,-0.05746167483574929
beta_small_landlord,100.0,vacancy_tax,15,annual_appreciation_g,-0.02569622080870393,-0.0033565129755708245
beta_small_landlord,100.0,portfolio_tax,15,homeownership_rate,0.3489583333333333,0.0
beta_small_landlord,100.0,portfolio_tax,15,rental_vacancy_rate,0.08071748878923767,0.0
beta_small_landlord,100.0,portfolio_tax,15,annual_appreciation_g,-0.022339707833133104,0.0
beta_small_landlord,100.0,geographic,15,homeownership_rate,0.19901719901719903,-0.1499411343161343
beta_small_landlord,100.0,geographic,15,rental_vacancy_rate,0.12064343163538874,0.03992594284615107
beta_small_landlord,100.0,geographic,15,annual_appreciation_g,-0.004874874546396235,0.01746483328673687
beta_small_landlord,100.0,baseline,16,homeownership_rate,0.5410628019323671,0.0
beta_small_landlord,100.0,baseline,16,rental_vacancy_rate,0.16062176165803108,0.0
beta_small_landlord,100.0,baseline,16,annual_appreciation_g,-0.02439220085822047,0.0
beta_small_landlord,100.0,waiting_period,16,homeownership_rate,0.36675461741424803,-0.17430818451811908
beta_small_landlord,100.0,waiting_period,16,rental_vacancy_rate,0.0,-0.16062176165803108
beta_small_landlord,100.0,waiting_period,16,annual_appreciation_g,-0.02288745509608725,0.0015047457621332194
beta_small_landlord,100.0,ownership_cap_soft,16,homeownership_rate,0.5410628019323671,0.0
beta_small_landlord,100.0,ownership_cap_soft,16,rental_vacancy_rate,0.16062176165803108,0.0
beta_small_landlord,100.0,ownership_cap_soft,16,annual_appreciation_g,-0.02439220085822047,0.0
beta_small_landlord,100.0,ownership_cap_hard,16,homeownership_rate,0.5410628019323671,0.0
beta_small_landlord,100.0,ownership_cap_hard,16,rental_vacancy_rate,0.16062176165803108,0.0
beta_small_landlord,100.0,ownership_cap_hard,16,annual_appreciation_g,-0.02439220085822047,0.0
beta_small_landlord,100.0,purchase_tax,16,homeownership_rate,0.4253164556962025,-0.11574634623616459
beta_small_landlord,100.0,purchase_tax,16,rental_vacancy_rate,0.046948356807511735,-0.11367340485051934
beta_small_landlord,100.0,purchase_tax,16,annual_appreciation_g,0.03717512292552683,0.061567323783747296
beta_small_landlord,100.0,vacancy_tax,16,homeownership_rate,0.41626794258373206,-0.12479485934863505
beta_small_landlord,100.0,vacancy_tax,16,rental_vacancy_rate,0.0,-0.16062176165803108
beta_small_landlord,100.0,vacancy_tax,16,annual_appreciation_g,-0.03,-0.005607799141779529
beta_small_landlord,100.0,portfolio_tax,16,homeownership_rate,0.5410628019323671,0.0
beta_small_landlord,100.0,portfolio_tax,16,rental_vacancy_rate,0.16062176165803108,0.0
beta_small_landlord,100.0,portfolio_tax,16,annual_appreciation_g,-0.02439220085822047,0.0
beta_small_landlord,100.0,geographic,16,homeownership_rate,0.21195652173913043,-0.3291062801932367
beta_small_landlord,100.0,geographic,16,rental_vacancy_rate,0.1037463976945245,-0.05687536396350658
beta_small_landlord,100.0,geographic,16,annual_appreciation_g,0.022848990346308717,0.04724119120452919
beta_small_landlord,100.0,baseline,17,homeownership_rate,0.47435897435897434,0.0
beta_small_landlord,100.0,baseline,17,rental_vacancy_rate,0.18981481481481483,0.0
beta_small_landlord,100.0,baseline,17,annual_appreciation_g,-0.03,0.0
beta_small_landlord,100.0,waiting_period,17,homeownership_rate,0.5090439276485789,0.034684953289604525
beta_small_landlord,100.0,waiting_period,17,rental_vacancy_rate,0.28634361233480177,0.09652879751998694
beta_small_landlord,100.0,waiting_period,17,annual_appreciation_g,0.012051000518971566,0.042051000518971565
beta_small_landlord,100.0,ownership_cap_soft,17,homeownership_rate,0.47435897435897434,0.0
beta_small_landlord,100.0,ownership_cap_soft,17,rental_vacancy_rate,0.18981481481481483,0.0
beta_small_landlord,100.0,ownership_cap_soft,17,annual_appreciation_g,-0.03,0.0
beta_small_landlord,100.0,ownership_cap_hard,17,homeownership_rate,0.47435897435897434,0.0
beta_small_landlord,100.0,ownership_cap_hard,17,rental_vacancy_rate,0.18981481481481483,0.0
beta_small_landlord,100.0,ownership_cap_hard,17,annual_appreciation_g,-0.03,0.0
beta_small_landlord,100.0,purchase_tax,17,homeownership_rate,0.3974358974358974,-0.07692307692307693
beta_small_landlord,100.0,purchase_tax,17,rental_vacancy_rate,0.06374501992031872,-0.1260697948944961
beta_small_landlord,100.0,purchase_tax,17,annual_appreciation_g,-0.03,0.0
beta_small_landlord,100.0,vacancy_tax,17,homeownership_rate,0.441025641025641,-0.033333333333333326
beta_small_landlord,100.0,vacancy_tax,17,rental_vacancy_rate,0.12962962962962962,-0.0601851851851852
beta_small_landlord,100.0,vacancy_tax,17,annual_appreciation_g,-0.03,0.0
beta_small_landlord,100.0,portfolio_tax,17,homeownership_rate,0.47435897435897434,0.0
beta_small_landlord,100.0,portfolio_tax,17,rental_vacancy_rate,0.18981481481481483,0.0
beta_small_landlord,100.0,portfolio_tax,17,annual_appreciation_g,-0.03,0.0
beta_small_landlord,100.0,geographic,17,homeownership_rate,0.24538258575197888,-0.22897638860699546
beta_small_landlord,100.0,geographic,17,rental_vacancy_rate,0.06363636363636363,-0.1261784511784512
beta_small_landlord,100.0,geographic,17,annual_appreciation_g,-0.03,0.0
beta_small_landlord,100.0,baseline,18,homeownership_rate,0.5798525798525799,0.0
beta_small_landlord,100.0,baseline,18,rental_vacancy_rate,0.3230088495575221,0.0
beta_small_landlord,100.0,baseline,18,annual_appreciation_g,0.021927769754207738,0.0
beta_small_landlord,100.0,waiting_period,18,homeownership_rate,0.4905149051490515,-0.08933767470352838
beta_small_landlord,100.0,waiting_period,18,rental_vacancy_rate,0.33014354066985646,0.007134691112334335
beta_small_landlord,100.0,waiting_period,18,annual_appreciation_g,0.001633315541551994,-0.020294454212655744
beta_small_landlord,100.0,ownership_cap_soft,18,homeownership_rate,0.5204819277108433,-0.059370652141736535
beta_small_landlord,100.0,ownership_cap_soft,18,rental_vacancy_rate,0.3021276595744681,-0.02088118998305405
beta_small_landlord,100.0,ownership_cap_soft,18,annual_appreciation_g,-0.004634891122689,-0.026562660876896738
beta_small_landlord,100.0,ownership_cap_hard,18,homeownership_rate,0.4987714987714988,-0.08108108108108109
beta_small_landlord,100.0,ownership_cap_hard,18,rental_vacancy_rate,0.2845528455284553,-0.03845600402906685
beta_small_landlord,100.0,ownership_cap_hard,18,annual_appreciation_g,-0.03,-0.05192776975420774
beta_small_landlord,100.0,purchase_tax,18,homeownership_rate,0.42028985507246375,-0.15956272478011613
beta_small_landlord,100.0,purchase_tax,18,rental_vacancy_rate,0.04504504504504504,-0.2779638045124771
beta_small_landlord,100.0,purchase_tax,18,annual_appreciation_g,-0.03,-0.05192776975420774
beta_small_landlord,100.0,vacancy_tax,18,homeownership_rate,0.5581947743467933,-0.021657805505786554
beta_small_landlord,100.0,vacancy_tax,18,rental_vacancy_rate,0.30701754385964913,-0.015991305697872993
beta_small_landlord,100.0,vacancy_tax,18,annual_appreciation_g,0.0,-0.021927769754207738
beta_small_landlord,100.0,portfolio_tax,18,homeownership_rate,0.5798525798525799,0.0
beta_small_landlord,100.0,portfolio_tax,18,rental_vacancy_rate,0.3230088495575221,0.0
beta_small_landlord,100.0,portfolio_tax,18,annual_appreciation_g,0.021927769754207738,0.0
beta_small_landlord,100.0,geographic,18,homeownership_rate,0.23399014778325122,-0.34586243206932865
beta_small_landlord,100.0,geographic,18,rental_vacancy_rate,0.14363143631436315,-0.17937741324315898
beta_small_landlord,100.0,geographic,18,annual_appreciation_g,-0.00497512437810943,-0.026902894132317168
beta_small_landlord,100.0,baseline,19,homeownership_rate,0.4739583333333333,0.0
beta_small_landlord,100.0,baseline,19,rental_vacancy_rate,0.2175925925925926,0.0
beta_small_landlord,100.0,baseline,19,annual_appreciation_g,-0.0037114516757776883,0.0
beta_small_landlord,100.0,waiting_period,19,homeownership_rate,0.4,-0.07395833333333329
beta_small_landlord,100.0,waiting_period,19,rental_vacancy_rate,0.06956521739130435,-0.14802737520128822
beta_small_landlord,100.0,waiting_period,19,annual_appreciation_g,-0.011854382185309764,-0.008142930509532076
beta_small_landlord,100.0,ownership_cap_soft,19,homeownership_rate,0.5212765957446809,0.04731826241134757
beta_small_landlord,100.0,ownership_cap_soft,19,rental_vacancy_rate,0.32242990654205606,0.10483731394946347
beta_small_landlord,100.0,ownership_cap_soft,19,annual_appreciation_g,0.0,0.0037114516757776883
beta_small_landlord,100.0,ownership_cap_hard,19,homeownership_rate,0.43523316062176165,-0.038725172711571665
beta_small_landlord,100.0,ownership_cap_hard,19,rental_vacancy_rate,0.18099547511312217,-0.03659711747947042
beta_small_landlord,100.0,ownership_cap_hard,19,annual_appreciation_g,-0.03,-0.02628854832422231
beta_small_landlord,100.0,purchase_tax,19,homeownership_rate,0.45595854922279794,-0.017999784110535377
beta_small_landlord,100.0,purchase_tax,19,rental_vacancy_rate,0.1615720524017467,-0.056020540190845874
beta_small_landlord,100.0,purchase_tax,19,annual_appreciation_g,-0.004856532135138036,-0.001145080459360348
beta_small_landlord,100.0,vacancy_tax,19,homeownership_rate,0.5454545454545454,0.0714962121212121
beta_small_landlord,100.0,vacancy_tax,19,rental_vacancy_rate,0.3181818181818182,0.10058922558922559
beta_small_landlord,100.0,vacancy_tax,19,annual_appreciation_g,-0.000138144548371133,0.0035733071274065553
beta_small_landlord,100.0,portfolio_tax,19,homeownership_rate,0.4739583333333333,0.0
beta_small_landlord,100.0,portfolio_tax,19,rental_vacancy_rate,0.2175925925925926,0.0
beta_small_landlord,100.0,portfolio_tax,19,annual_appreciation_g,-0.0037114516757776883,0.0
beta_small_landlord,100.0,geographic,19,homeownership_rate,0.2262210796915167,-0.24773725364181662
beta_small_landlord,100.0,geographic,19,rental_vacancy_rate,0.11337209302325581,-0.10422049956933678
beta_small_landlord,100.0,geographic,19,annual_appreciation_g,-0.004543365153606094,-0.0008319134778284054
